tipoOiv_v2,fechaConcertacion,grano,fechaEntregaHasta,PrecioUSD_fecha_concertacion,PrecioUSD_fecha_entrega_hasta
Precio a Fijar,2025-05-03,Maiz,2025-05-07,,186.27666666666667
Precio Hecho,2025-05-03,Trigo,2025-05-03,,
Precio Hecho,2025-04-30,Soja,2025-04-30,251.94,251.94
Precio Hecho,2025-04-30,Soja,2025-04-30,251.94,251.94
Precio a Fijar,2025-05-02,Maiz,2025-05-07,,186.27666666666667
Precio a Fijar,2025-05-02,Maiz,2025-05-07,,186.27666666666667
Precio a Fijar,2025-05-02,Soja,2025-05-20,,274.21
Precio a Fijar,2025-05-02,Maiz,2025-05-07,,186.27666666666667
Precio a Fijar,2025-05-02,Soja,2025-06-01,,
Precio a Fijar,2025-05-02,Soja,2025-06-01,,
Precio a Fijar,2025-05-02,Soja,2025-06-01,,
Precio a Fijar,2025-05-02,Soja,2025-06-01,,
Precio a Fijar,2025-05-02,Soja,2025-06-01,,
Precio Hecho,2025-05-02,Trigo,2025-06-01,,
Precio Hecho,2025-05-02,Soja,2025-05-02,,
Precio Hecho,2025-05-02,Soja,2025-06-01,,
Precio Hecho,2025-05-02,Maiz,2025-06-01,,
Precio Hecho,2025-05-02,Soja,2025-05-02,,
Precio Hecho,2025-05-02,Maiz,2025-05-12,,181.32333333333335
Precio Hecho,2025-05-02,Soja,2025-05-12,,275.315
Precio Hecho,2025-05-02,Soja,2025-05-12,,275.315
Precio Hecho,2025-05-02,Soja,2025-05-12,,275.315
Precio Hecho,2025-05-02,Soja,2025-05-12,,275.315
Precio Hecho,2025-05-02,Soja,2025-05-12,,275.315
Precio Hecho,2025-05-02,Soja,2025-05-12,,275.315
Precio Hecho,2025-05-02,Soja,2025-05-12,,275.315
Precio Hecho,2025-05-02,Soja,2025-05-12,,275.315
Precio Hecho,2025-05-02,Soja,2025-05-12,,275.315
Precio Hecho,2025-05-02,Soja,2025-05-12,,275.315
Precio Hecho,2025-05-02,Soja,2025-05-12,,275.315
Precio Hecho,2025-05-02,Soja,2025-05-12,,275.315
Precio Hecho,2025-05-02,Soja,2025-05-12,,275.315
Precio Hecho,2025-05-02,Soja,2025-05-12,,275.315
Precio Hecho,2025-05-02,Soja,2025-05-12,,275.315
Precio Hecho,2025-05-02,Soja,2025-05-12,,275.315
Precio Hecho,2025-05-02,Soja,2025-05-12,,275.315
Precio Hecho,2025-05-02,Soja,2025-05-12,,275.315
Precio Hecho,2025-05-02,Soja,2025-05-12,,275.315
Precio Hecho,2025-05-02,Soja,2025-05-12,,275.315
Precio Hecho,2025-05-02,Soja,2025-05-12,,275.315
Precio Hecho,2025-05-02,Soja,2025-05-12,,275.315
Precio Hecho,2025-05-02,Soja,2025-05-12,,275.315
Precio Hecho,2025-05-02,Soja,2025-05-12,,275.315
Precio Hecho,2025-05-02,Soja,2025-05-12,,275.315
Precio Hecho,2025-05-02,Soja,2025-05-12,,275.315
Precio Hecho,2025-05-02,Soja,2025-05-12,,275.315
Precio a Fijar,2025-05-02,Soja,2025-05-30,,269.36
Precio Hecho,2025-04-30,Girasol,2025-05-25,297.69,
Precio a Fijar,2025-05-02,Soja,2025-05-28,,267.24
Precio Hecho,2025-05-02,Soja,2025-05-02,,
Precio Hecho,2025-05-02,Soja,2025-05-02,,
Precio Hecho,2025-05-02,Soja,2025-05-02,,
Precio Hecho,2025-05-02,Trigo,2025-05-02,,
Precio Hecho,2025-05-02,Soja,2025-05-02,,
Precio Hecho,2025-05-02,Maiz,2025-05-02,,
Precio Hecho,2025-05-02,Soja,2025-05-02,,
Precio Hecho,2025-05-02,Soja,2025-05-02,,
Precio Hecho,2025-05-02,Trigo,2025-05-02,,
Precio Hecho,2025-05-02,Soja,2025-05-02,,
Precio Hecho,2025-05-02,Trigo,2025-05-02,,
Precio Hecho,2025-05-02,Soja,2025-05-02,,
Precio a Fijar,2025-05-02,Soja,2025-06-01,,
Precio a Fijar,2025-05-02,Soja,2025-06-01,,
Precio a Fijar,2025-05-02,Soja,2025-06-01,,
Precio a Fijar,2025-05-02,Soja,2025-06-01,,
Precio Hecho,2025-05-02,Trigo,2025-05-02,,
Precio a Fijar,2025-05-02,Soja,2025-06-01,,
Precio Hecho,2025-05-02,Trigo,2025-05-02,,
Precio Hecho,2025-05-02,Maiz,2025-05-02,,
Precio Hecho,2025-05-02,Trigo,2025-05-02,,
Precio Hecho,2025-05-02,Trigo,2025-05-02,,
Precio Hecho,2025-05-02,Soja,2025-05-09,,272.855
Precio Hecho,2025-05-02,Soja,2025-05-02,,
Precio Hecho,2025-05-02,Trigo,2025-05-02,,
Precio Hecho,2025-05-02,Soja,2025-05-09,,272.855
Precio Hecho,2025-05-02,Soja,2025-05-02,,
Precio Hecho,2025-05-02,Trigo,2025-05-02,,
Precio Hecho,2025-05-02,Soja,2025-05-09,,272.855
Precio Hecho,2025-05-02,Maiz,2025-06-01,,
Precio Hecho,2025-05-02,Soja,2025-05-09,,272.855
Precio Hecho,2025-05-02,Soja,2025-05-02,,
Precio a Fijar,2025-04-14,Soja,2025-12-31,275.46,
Precio Hecho,2025-05-02,Trigo,2025-05-02,,
Precio a Fijar,2025-04-14,Soja,2025-12-31,275.46,
Precio a Fijar,2025-05-02,Soja,2025-05-31,,
Precio a Fijar,2025-05-02,Maiz,2025-05-25,,
Precio a Fijar,2025-05-02,Soja,2025-05-09,,272.855
Precio a Fijar,2025-05-02,Soja,2025-06-01,,
Precio a Fijar,2025-05-02,Maiz,2025-06-01,,
Precio Hecho,2025-05-02,Trigo,2025-05-02,,
Precio Hecho,2025-05-02,Soja,2025-05-02,,
Precio Hecho,2025-05-02,Soja,2025-05-02,,
Precio Hecho,2025-05-02,Maiz,2025-05-02,,
Precio Hecho,2025-05-02,Trigo,2025-05-02,,
Precio Hecho,2025-05-02,Maiz,2025-05-02,,
Precio Hecho,2025-05-02,Trigo,2025-05-02,,
Precio Hecho,2025-05-02,Maiz,2025-05-02,,
Precio a Fijar,2025-02-26,Soja,2025-03-20,310.81,306.69
Precio a Fijar,2025-02-26,Soja,2025-03-20,310.81,306.69
Precio Hecho,2025-05-02,Trigo,2025-05-02,,
Precio Hecho,2025-05-02,Trigo,2025-05-02,,
Precio Hecho,2025-05-02,Soja,2025-05-02,,
Precio Hecho,2025-05-02,Soja,2025-05-02,,
Precio Hecho,2025-05-02,Soja,2025-05-02,,
Precio Hecho,2025-05-02,Trigo,2025-05-02,,
Precio Hecho,2025-05-02,Soja,2025-05-02,,
Precio a Fijar,2025-01-14,Soja,2025-07-31,283.38,
Precio Hecho,2025-05-02,Maiz,2025-05-02,,
Precio a Fijar,2025-04-23,Soja,2026-03-31,,
Precio Hecho,2025-05-02,Soja,2025-05-02,,
Precio Hecho,2025-05-02,Soja,2025-05-02,,
Precio Hecho,2025-05-02,Maiz,2025-05-02,,
Precio Hecho,2025-05-02,Maiz,2025-05-02,,
Precio Hecho,2025-05-02,Maiz,2025-05-02,,
Precio Hecho,2025-05-02,Maiz,2025-05-02,,
Precio Hecho,2025-05-02,Maiz,2025-05-02,,
Precio a Fijar,2025-04-07,Maiz,2025-04-08,204.46,205.81
Precio a Fijar,2025-04-04,Maiz,2025-04-30,199.35,194.185
Precio a Fijar,2025-03-05,Maiz,2025-04-05,199.04333333333332,
Precio a Fijar,2024-12-16,Maiz,2025-01-31,177.67,211.68
Precio a Fijar,2024-12-16,Maiz,2025-01-31,177.67,211.68
Precio Hecho,2025-05-02,Trigo,2025-06-02,,196.285
Precio Hecho,2025-04-02,Trigo,2025-06-02,,196.285
Precio Hecho,2025-05-02,Soja,2025-05-02,,
Precio a Fijar,2025-05-02,Soja,2025-06-01,,
Precio a Fijar,2025-05-02,Soja,2025-06-01,,
Precio a Fijar,2025-04-23,Soja,2025-07-31,,
Precio Hecho,2025-05-02,Soja,2025-05-02,,
Precio a Fijar,2025-04-25,Soja,2025-07-31,266.495,
Precio a Fijar,2025-04-25,Soja,2025-07-31,266.495,
Precio Hecho,2025-05-02,Soja,2025-05-02,,
Precio Hecho,2025-05-02,Trigo,2025-05-02,,
Precio Hecho,2025-05-02,Trigo,2025-05-02,,
Precio Hecho,2025-05-02,Trigo,2025-07-31,,
Precio Hecho,2025-05-02,Trigo,2025-06-30,,198.26
Precio Hecho,2025-05-02,Soja,2025-05-02,,
Precio a Fijar,2025-05-02,Soja,2025-05-31,,
Precio a Fijar,2025-05-02,Soja,2025-05-31,,
Precio Hecho,2025-05-02,Maiz,2025-05-02,,
Precio Hecho,2025-05-02,Soja,2025-06-01,,
Precio Hecho,2025-04-30,Soja,2025-04-30,251.94,251.94
Precio Hecho,2025-05-02,Soja,2025-05-02,,
Precio a Fijar,2025-04-23,Trigo,2025-04-23,,
Precio a Fijar,2025-05-02,Soja,2025-06-01,,
Precio a Fijar,2025-04-30,Soja,2025-05-30,251.94,269.36
Precio a Fijar,2025-04-30,Soja,2025-05-30,251.94,269.36
Precio a Fijar,2025-04-30,Soja,2025-05-30,251.94,269.36
Precio a Fijar,2025-04-30,Soja,2025-05-30,251.94,269.36
Precio a Fijar,2025-04-30,Soja,2025-05-30,251.94,269.36
Precio a Fijar,2025-04-30,Soja,2025-05-30,251.94,269.36
Precio a Fijar,2025-04-30,Soja,2025-05-30,251.94,269.36
Precio a Fijar,2025-04-30,Maiz,2025-05-30,194.185,175.93
Precio Hecho,2025-05-02,Soja,2025-05-02,,
Precio Hecho,2025-05-02,Soja,2025-05-12,,275.315
Precio Hecho,2025-04-30,ARROZ C.L.F,2025-04-30,,
Precio Hecho,2025-04-30,ARROZ C.L.F,2025-04-30,,
Precio Hecho,2025-04-30,ARROZ C.L.F,2025-04-30,,
Precio Hecho,2025-04-30,ARROZ C.L.F,2025-04-30,,
Precio Hecho,2025-04-30,ARROZ C.L.F,2025-04-30,,
Precio Hecho,2025-04-30,ARROZ C.L.F,2025-04-30,,
Precio Hecho,2025-04-30,ARROZ C.L.F,2025-04-30,,
Precio Hecho,2025-04-30,ARROZ C.L.F,2025-04-30,,
Precio Hecho,2025-04-30,ARROZ C.L.F,2025-04-30,,
Precio Hecho,2025-04-30,ARROZ C.L.F,2025-04-30,,
Precio Hecho,2025-04-30,ARROZ C.L.F,2025-04-30,,
Precio Hecho,2025-04-30,ARROZ C.L.F,2025-04-30,,
Precio Hecho,2025-04-30,ARROZ C.L.F,2025-04-30,,
Precio Hecho,2025-04-30,ARROZ C.L.F,2025-04-30,,
Precio Hecho,2025-04-30,ARROZ C.L.F,2025-04-30,,
Precio a Fijar,2025-04-30,Soja,2025-05-30,251.94,269.36
Precio Hecho,2025-04-30,ARROZ C.L.F,2025-04-30,,
Precio Hecho,2025-04-30,ARROZ C.L.F,2025-04-30,,
Precio Hecho,2025-04-30,ARROZ C.L.F,2025-04-30,,
Precio Hecho,2025-04-30,ARROZ C.L.F,2025-04-30,,
Precio Hecho,2025-04-23,Soja,2025-04-23,,
Precio Hecho,2025-05-02,Soja,2025-05-09,,272.855
Precio Hecho,2025-05-02,ACEITE SOJA,2025-05-02,,
Precio Hecho,2025-05-02,ACEITE SOJA,2025-05-02,,
Precio Hecho,2025-04-30,ARROZ C.L.F,2025-04-30,,
Precio Hecho,2025-05-02,Trigo,2025-05-09,,194.45
Precio a Fijar,2025-05-02,Maiz,2025-05-30,,175.93
Precio a Fijar,2025-05-02,Soja,2025-06-01,,
Precio a Fijar,2025-05-02,Soja,2025-06-01,,
Precio a Fijar,2025-05-02,Soja,2025-05-30,,269.36
Precio Hecho,2025-04-30,Maiz,2025-05-06,194.185,189.99
Precio Hecho,2025-05-02,Soja,2025-06-02,,267.41999999999996
Precio a Fijar,2025-03-19,Trigo,2025-04-19,216.53,
Precio a Fijar,2024-11-28,Soja,2024-12-28,290.39,
Precio Hecho,2025-04-30,Soja,2025-05-06,251.94,264.45
Precio Hecho,2025-05-02,Soja,2025-06-02,,267.41999999999996
Precio Hecho,2025-05-02,Trigo,2025-06-02,,196.285
Precio a Fijar,2025-03-11,Maiz,2025-04-30,,194.185
Precio Hecho,2025-05-02,Trigo,2025-05-31,,
Precio Hecho,2025-05-02,Trigo,2025-05-09,,194.45
Precio a Fijar,2025-05-01,Soja,2025-05-09,,272.855
Precio Hecho,2025-05-01,Soja,2025-05-03,,
Precio Hecho,2025-04-30,Soja,2025-05-10,251.94,
Precio Hecho,2025-04-30,Soja,2025-05-10,251.94,
Precio Hecho,2025-04-30,Soja,2025-05-10,251.94,
Precio Hecho,2025-04-30,Soja,2025-05-10,251.94,
Precio Hecho,2025-04-30,Soja,2025-05-10,251.94,
Precio Hecho,2025-04-30,Soja,2025-05-10,251.94,
Precio Hecho,2025-04-30,Soja,2025-05-10,251.94,
Precio Hecho,2025-04-30,Soja,2025-05-10,251.94,
Precio Hecho,2025-04-30,Soja,2025-05-10,251.94,
Precio Hecho,2025-04-30,Soja,2025-05-10,251.94,
Precio Hecho,2025-04-30,Soja,2025-05-10,251.94,
Precio Hecho,2025-04-30,Soja,2025-05-10,251.94,
Precio Hecho,2025-04-30,Soja,2025-05-10,251.94,
Precio Hecho,2025-04-30,Soja,2025-05-10,251.94,
Precio Hecho,2025-04-30,Soja,2025-05-10,251.94,
Precio Hecho,2025-04-30,Soja,2025-05-10,251.94,
Precio Hecho,2025-04-30,Soja,2025-05-10,251.94,
Precio Hecho,2025-04-30,Soja,2025-05-10,251.94,
Precio Hecho,2025-04-30,Soja,2025-05-10,251.94,
Precio Hecho,2025-04-30,Soja,2025-05-10,251.94,
Precio Hecho,2025-04-30,Soja,2025-05-10,251.94,
Precio Hecho,2025-04-30,Soja,2025-05-10,251.94,
Precio Hecho,2025-04-30,Soja,2025-05-10,251.94,
Precio Hecho,2025-04-30,Soja,2025-05-10,251.94,
Precio Hecho,2025-04-30,Soja,2025-05-10,251.94,
Precio Hecho,2025-04-30,Soja,2025-05-10,251.94,
Precio Hecho,2025-04-30,Soja,2025-05-10,251.94,
Precio Hecho,2025-04-30,Soja,2025-05-10,251.94,
Precio Hecho,2025-04-30,Soja,2025-05-10,251.94,
Precio Hecho,2025-04-30,Soja,2025-05-10,251.94,
Precio Hecho,2025-04-30,Soja,2025-05-10,251.94,
Precio Hecho,2025-04-30,Soja,2025-05-10,251.94,
Precio Hecho,2025-04-29,Soja,2025-05-09,259.605,272.855
Precio Hecho,2025-04-29,Soja,2025-05-09,259.605,272.855
Precio Hecho,2025-04-29,Soja,2025-05-09,259.605,272.855
Precio Hecho,2025-04-29,Soja,2025-05-09,259.605,272.855
Precio Hecho,2025-04-29,Soja,2025-05-09,259.605,272.855
Precio Hecho,2025-04-29,Soja,2025-05-09,259.605,272.855
Precio Hecho,2025-05-02,Maiz,2025-05-31,,
Precio Hecho,2025-04-30,Maiz,2025-05-02,194.185,
Precio a Fijar,2025-05-01,Maiz,2025-05-31,,
Precio Hecho,2025-05-01,Soja,2025-05-08,,268.56
Precio Hecho,2025-05-01,Soja,2025-05-08,,268.56
Precio Hecho,2025-05-01,Soja,2025-05-10,,
Precio Hecho,2025-05-01,Soja,2025-05-10,,
Precio a Fijar,2024-12-26,Soja,2025-01-25,277.8,
Precio a Fijar,2025-04-30,Soja,2025-05-31,251.94,
Precio a Fijar,2025-04-30,Maiz,2025-05-05,194.185,186.375
Precio a Fijar,2025-04-30,Soja,2025-05-10,251.94,
Precio Hecho,2025-04-30,Soja,2025-05-31,251.94,
Precio Hecho,2025-04-30,Soja,2025-05-31,251.94,
Precio a Fijar,2025-04-30,Maiz,2025-05-05,194.185,186.375
Precio a Fijar,2025-04-30,Soja,2025-05-07,251.94,268.21000000000004
Precio a Fijar,2025-04-30,Maiz,2025-05-30,194.185,175.93
Precio a Fijar,2025-04-30,Soja,2025-05-30,251.94,269.36
Precio a Fijar,2025-04-30,Soja,2025-05-30,251.94,269.36
Precio a Fijar,2025-04-30,Soja,2025-05-30,251.94,269.36
Precio a Fijar,2025-04-30,Soja,2025-05-30,251.94,269.36
Precio a Fijar,2025-04-30,Maiz,2025-05-30,194.185,175.93
Precio a Fijar,2025-04-30,Soja,2025-05-30,251.94,269.36
Precio a Fijar,2025-04-30,Maiz,2025-05-30,194.185,175.93
Precio a Fijar,2025-04-28,Soja,2025-05-28,285.395,267.24
Precio a Fijar,2025-01-28,Soja,2025-02-28,294.96,
Precio a Fijar,2025-01-28,Soja,2025-02-28,294.96,
Precio a Fijar,2025-01-03,Soja,2025-04-30,275.23,251.94
Precio a Fijar,2025-01-02,Soja,2025-04-15,280.87,275.0
Precio a Fijar,2024-11-04,Soja,2024-12-04,309.91,291.21
Precio a Fijar,2024-10-30,Soja,2024-11-30,,
Precio a Fijar,2024-10-17,Soja,2024-10-31,311.56,306.37
Precio a Fijar,2025-04-23,Soja,2025-04-30,,251.94
Precio a Fijar,2025-01-03,Soja,2025-04-15,275.23,275.0
Precio a Fijar,2024-12-19,Soja,2025-04-30,273.7,251.94
Precio a Fijar,2024-12-11,Soja,2025-04-30,,251.94
Precio Hecho,2025-04-30,Soja,2025-04-30,251.94,251.94
Precio a Fijar,2025-04-30,Soja,2025-05-30,251.94,269.36
Precio Hecho,2025-04-30,Trigo,2025-05-07,,195.93
Precio a Fijar,2025-04-23,Soja,2025-04-29,,259.605
Precio a Fijar,2024-10-17,Soja,2024-11-17,311.56,
Precio a Fijar,2025-02-12,Soja,2025-03-12,302.82,308.41
Precio a Fijar,2025-04-21,Soja,2025-04-28,273.08,285.395
Precio a Fijar,2025-04-04,Soja,2025-05-04,288.1,
Precio a Fijar,2025-01-10,Soja,2025-04-30,281.39,251.94
Precio a Fijar,2024-11-21,Trigo,2025-10-31,186.88333333333335,189.79999999999998
Precio a Fijar,2025-03-06,Maiz,2025-03-30,199.15,
Precio Hecho,2025-04-30,ARROZ C.L.F,2025-04-30,,
Precio a Fijar,2024-06-06,Soja,2024-06-15,,
Precio a Fijar,2024-06-06,Soja,2024-06-15,,
Precio a Fijar,2024-06-06,Soja,2024-06-15,,
Precio a Fijar,2025-04-21,Soja,2025-05-21,273.08,273.605
Precio a Fijar,2025-04-21,Soja,2025-05-21,273.08,273.605
Precio a Fijar,2025-04-21,Soja,2025-05-21,273.08,273.605
Precio a Fijar,2025-04-21,Soja,2025-05-21,273.08,273.605
Precio a Fijar,2025-04-21,Soja,2025-05-21,273.08,273.605
Precio a Fijar,2025-04-30,Soja,2025-05-15,251.94,269.255
Precio Hecho,2025-04-30,Maiz,2025-05-30,194.185,175.93
Precio Hecho,2025-04-30,Maiz,2025-04-30,194.185,194.185
Precio Hecho,2025-04-30,Maiz,2025-04-30,194.185,194.185
Precio Hecho,2025-04-30,ARROZ C.L.F,2025-04-30,,
Precio Hecho,2025-04-30,ARROZ C.L.F,2025-04-30,,
Precio Hecho,2025-04-30,ARROZ C.L.F,2025-04-30,,
Precio Hecho,2025-04-30,ARROZ C.L.F,2025-04-30,,
Precio Hecho,2025-04-30,Girasol,2025-04-30,297.69,297.69
Precio Hecho,2025-04-30,Maiz,2025-04-30,194.185,194.185
Precio Hecho,2025-04-09,Soja,2025-04-12,300.77,
Precio Hecho,2025-04-09,Soja,2025-04-09,300.77,300.77
Precio a Fijar,2025-04-08,Soja,2025-05-08,297.33,268.56
Precio Hecho,2025-04-30,Maiz,2025-05-30,194.185,175.93
Precio Hecho,2025-04-30,Maiz,2025-05-30,194.185,175.93
Precio Hecho,2025-04-30,Girasol,2025-05-25,297.69,
Precio Hecho,2025-04-30,ACEITE SOJA,2025-05-31,,
Precio a Fijar,2025-04-30,Soja,2025-05-30,251.94,269.36
Precio a Fijar,2025-04-30,Soja,2025-05-15,251.94,269.255
Precio a Fijar,2025-04-30,Soja,2025-05-30,251.94,269.36
Precio Hecho,2025-04-30,Soja,2025-05-30,251.94,269.36
Precio Hecho,2025-04-30,ACEITE SOJA,2025-04-30,,
Precio Hecho,2025-04-30,Maiz,2025-05-30,194.185,175.93
Precio Hecho,2025-04-30,Soja,2025-05-30,251.94,269.36
Precio Hecho,2025-04-30,Maiz,2025-05-30,194.185,175.93
Precio Hecho,2025-04-30,Maiz,2025-05-30,194.185,175.93
Precio Hecho,2025-04-30,Soja,2025-05-10,251.94,
Precio a Fijar,2025-04-30,Soja,2025-04-30,251.94,251.94
Precio a Fijar,2025-04-30,Soja,2025-04-30,251.94,251.94
Precio Hecho,2025-04-30,Maiz,2025-05-30,194.185,175.93
Precio Hecho,2025-04-30,Soja,2025-05-10,251.94,
Precio Hecho,2025-04-30,Soja,2025-05-10,251.94,
Precio Hecho,2025-04-28,Soja,2025-05-08,285.395,268.56
Precio Hecho,2025-04-30,ACEITE SOJA,2025-04-30,,
Precio Hecho,2025-04-28,Soja,2025-05-08,285.395,268.56
Precio Hecho,2025-04-30,Trigo,2025-04-30,,
Precio a Fijar,2024-12-04,Girasol,2025-02-28,348.96,
Precio a Fijar,2024-11-01,Girasol,2025-03-17,359.89000000000004,316.61
Precio Hecho,2025-04-30,Maiz,2025-04-30,194.185,194.185
Precio a Fijar,2025-04-07,Soja,2025-05-07,288.1,268.21000000000004
Precio a Fijar,2025-04-30,Maiz,2025-05-15,194.185,183.48000000000002
Precio a Fijar,2025-01-14,Girasol,2025-03-03,343.9,
Precio a Fijar,2025-01-08,Girasol,2025-02-14,349.25,348.97
Precio Hecho,2025-04-30,Soja,2025-04-30,251.94,251.94
Precio a Fijar,2025-01-23,Girasol,2025-03-03,338.58,
Precio Hecho,2025-04-30,Soja,2025-04-30,251.94,251.94
Precio Hecho,2025-04-30,Soja,2025-05-19,251.94,273.06
Precio Hecho,2025-04-30,Soja,2025-04-30,251.94,251.94
Precio Hecho,2025-04-30,Soja,2025-04-30,251.94,251.94
Precio Hecho,2025-04-16,Soja,2025-04-16,279.74,279.74
Precio Hecho,2025-04-28,Soja,2025-04-28,285.395,285.395
Precio Hecho,2025-04-28,Soja,2025-04-28,285.395,285.395
Precio Hecho,2025-04-28,Sorgo,2025-04-28,,
Precio Hecho,2025-04-24,Maiz,2025-04-24,189.415,189.415
Precio a Fijar,2025-04-30,Soja,2025-05-30,251.94,269.36
Precio Hecho,2025-04-25,Maiz,2025-04-25,199.23,199.23
Precio Hecho,2025-04-25,Maiz,2025-04-25,199.23,199.23
Precio Hecho,2025-04-24,Maiz,2025-04-24,189.415,189.415
Precio Hecho,2025-04-28,Soja,2025-05-08,285.395,268.56
Precio Hecho,2025-04-30,Soja,2025-05-31,251.94,
Precio a Fijar,2025-04-30,Soja,2025-05-30,251.94,269.36
Precio a Fijar,2025-04-30,Soja,2025-05-30,251.94,269.36
Precio a Fijar,2025-04-30,Soja,2025-05-30,251.94,269.36
Precio Hecho,2025-04-30,Soja,2025-05-30,251.94,269.36
Precio Hecho,2025-04-30,Trigo,2025-12-31,,
Precio Hecho,2025-04-30,Maiz,2025-05-30,194.185,175.93
Precio Hecho,2025-04-30,Trigo,2025-05-30,,198.48
Precio Hecho,2025-04-30,Soja,2025-04-30,251.94,251.94
Precio Hecho,2025-04-30,Maiz,2025-05-30,194.185,175.93
Precio Hecho,2025-04-30,Soja,2025-05-10,251.94,
Precio Hecho,2025-04-30,Soja,2025-04-30,251.94,251.94
Precio a Fijar,2024-07-23,Trigo,2025-01-31,239.26333333333332,201.2025
Precio a Fijar,2024-07-23,Trigo,2025-01-15,239.26333333333332,186.3725
Precio Hecho,2025-04-30,Soja,2025-04-30,251.94,251.94
Precio Hecho,2025-04-30,Soja,2025-04-30,251.94,251.94
Precio Hecho,2025-04-30,Trigo,2025-05-30,,198.48
Precio Hecho,2025-04-30,Soja,2025-04-30,251.94,251.94
Precio a Fijar,2025-04-30,Maiz,2025-05-30,194.185,175.93
Precio Hecho,2025-04-30,Soja,2025-04-30,251.94,251.94
Precio Hecho,2025-04-30,Trigo,2025-05-30,,198.48
Precio Hecho,2025-04-30,Trigo,2025-04-30,,
Precio Hecho,2025-04-30,Soja,2025-04-30,251.94,251.94
Precio Hecho,2025-04-30,Soja,2025-04-30,251.94,251.94
Precio a Fijar,2023-10-20,Trigo,2024-12-31,,
Precio Hecho,2025-04-30,Maiz,2025-05-31,194.185,
Precio Hecho,2025-04-30,Girasol,2025-05-30,297.69,297.73
Precio Hecho,2025-04-30,Trigo,2025-05-30,,198.48
Precio Hecho,2025-04-30,Trigo,2025-05-30,,198.48
Precio Hecho,2025-04-30,Soja,2025-04-30,251.94,251.94
Precio Hecho,2025-04-30,Soja,2025-04-30,251.94,251.94
Precio Hecho,2025-04-30,Soja,2025-04-30,251.94,251.94
Precio Hecho,2025-04-30,Soja,2025-04-30,251.94,251.94
Precio Hecho,2025-04-30,Soja,2025-04-30,251.94,251.94
Precio Hecho,2025-04-30,Soja,2025-04-30,251.94,251.94
Precio Hecho,2025-04-30,Soja,2025-04-30,251.94,251.94
Precio Hecho,2025-04-30,Maiz,2025-04-30,194.185,194.185
Precio Hecho,2025-04-30,Soja,2025-04-30,251.94,251.94
Precio Hecho,2025-04-30,ARROZ C.L.F,2025-04-30,,
Precio Hecho,2025-04-30,ARROZ C.L.F,2025-04-30,,
Precio Hecho,2025-04-30,ARROZ C.L.F,2025-04-30,,
Precio Hecho,2025-04-30,ARROZ C.L.F,2025-04-30,,
Precio Hecho,2025-04-30,ARROZ C.L.F,2025-04-30,,
Precio Hecho,2025-04-30,ARROZ C.L.F,2025-04-30,,
Precio Hecho,2025-04-30,ARROZ C.L.F,2025-04-30,,
Precio Hecho,2025-04-30,ARROZ C.L.F,2025-04-30,,
Precio Hecho,2025-04-30,ARROZ C.L.F,2025-04-30,,
Precio Hecho,2025-04-30,ARROZ C.L.F,2025-04-30,,
Precio Hecho,2025-04-30,ARROZ C.L.F,2025-04-30,,
Precio Hecho,2025-04-30,ARROZ C.L.F,2025-04-30,,
Precio Hecho,2025-04-30,ARROZ C.L.F,2025-04-30,,
Precio Hecho,2025-04-30,ARROZ C.L.F,2025-04-30,,
Precio Hecho,2025-04-30,ARROZ C.L.F,2025-04-30,,
Precio a Fijar,2024-12-04,Trigo,2025-01-03,187.56,187.5175
Precio Hecho,2025-04-30,Soja,2025-04-30,251.94,251.94
Precio Hecho,2025-04-30,ARROZ C.L.F,2025-04-30,,
Precio Hecho,2025-04-30,ARROZ C.L.F,2025-04-30,,
Precio Hecho,2025-04-29,ARROZ C.L.F,2025-04-29,,
Precio Hecho,2025-04-28,ARROZ C.L.F,2025-04-28,,
Precio Hecho,2025-04-28,ARROZ C.L.F,2025-04-28,,
Precio Hecho,2025-04-30,Soja,2025-04-30,251.94,251.94
Precio Hecho,2025-03-21,Soja,2025-04-21,305.65,273.08
Precio Hecho,2025-04-30,ACEITE SOJA,2025-05-30,,
Precio Hecho,2025-04-30,ACEITE SOJA,2025-05-30,,
Precio Hecho,2025-04-28,ACEITE SOJA,2025-05-28,,
Precio a Fijar,2024-05-20,Soja,2024-05-31,311.76,318.65000000000003
Precio a Fijar,2025-04-30,Soja,2025-05-30,251.94,269.36
Precio a Fijar,2024-05-20,Soja,2024-05-31,311.76,318.65000000000003
Precio a Fijar,2025-04-30,Soja,2025-05-30,251.94,269.36
Precio a Fijar,2025-04-30,Soja,2025-05-30,251.94,269.36
Precio a Fijar,2025-04-30,Soja,2025-05-30,251.94,269.36
Precio a Fijar,2025-04-30,Soja,2025-05-30,251.94,269.36
Precio a Fijar,2025-04-30,Soja,2025-05-30,251.94,269.36
Precio a Fijar,2025-04-30,Soja,2025-05-30,251.94,269.36
Precio a Fijar,2025-04-30,Soja,2025-05-30,251.94,269.36
Precio a Fijar,2025-04-30,Maiz,2025-05-15,194.185,183.48000000000002
Precio Hecho,2025-04-30,Maiz,2025-05-30,194.185,175.93
Precio a Fijar,2025-04-30,Soja,2025-05-30,251.94,269.36
Precio Hecho,2025-04-30,Maiz,2025-04-30,194.185,194.185
Precio Hecho,2025-04-30,Soja,2025-05-30,251.94,269.36
Precio Hecho,2025-04-30,Maiz,2025-05-31,194.185,
Precio Hecho,2025-04-30,Trigo,2025-05-01,,
Precio Hecho,2025-04-30,ARROZ C.L.F,2025-04-30,,
Precio Hecho,2025-04-30,ARROZ C.L.F,2025-04-30,,
Precio a Fijar,2024-11-15,Trigo,2024-12-31,182.21,
Precio a Fijar,2024-12-27,Maiz,2025-04-30,185.17,194.185
Precio Hecho,2025-04-30,Maiz,2025-04-30,194.185,194.185
Precio Hecho,2025-04-30,Soja,2025-04-30,251.94,251.94
Precio Hecho,2025-04-30,Trigo,2025-05-07,,195.93
Precio a Fijar,2025-04-30,Maiz,2025-05-15,194.185,183.48000000000002
Precio Hecho,2025-04-30,Trigo,2025-04-30,,
Precio Hecho,2025-04-30,Trigo,2025-04-30,,
Precio Hecho,2025-04-30,Maiz,2025-04-30,194.185,194.185
Precio Hecho,2025-04-30,Trigo,2025-05-30,,198.48
Precio a Fijar,2025-02-20,Girasol,2025-02-28,351.97,
Precio Hecho,2025-04-29,Trigo,2025-05-29,201.20999999999998,198.48
Precio a Fijar,2025-02-07,Girasol,2025-03-07,337.395,328.765
Precio a Fijar,2024-05-16,Soja,2024-05-22,301.76666666666665,317.875
Precio a Fijar,2025-04-30,Soja,2025-05-30,251.94,269.36
Precio a Fijar,2025-04-30,Soja,2025-05-30,251.94,269.36
Precio Hecho,2025-03-25,Maiz,2025-05-31,195.01,
Precio a Fijar,2025-04-30,Soja,2025-05-30,251.94,269.36
Precio a Fijar,2025-04-30,Soja,2025-05-29,251.94,267.955
Precio Hecho,2025-04-30,Soja,2025-04-30,251.94,251.94
Precio Hecho,2025-04-30,Girasol,2025-05-30,297.69,297.73
Precio Hecho,2025-04-30,Soja,2025-04-30,251.94,251.94
Precio Hecho,2025-04-30,Soja,2025-05-30,251.94,269.36
Precio Hecho,2025-04-30,Soja,2025-05-30,251.94,269.36
Precio Hecho,2025-04-30,Maiz,2025-04-30,194.185,194.185
Precio Hecho,2025-04-30,Maiz,2025-04-30,194.185,194.185
Precio Hecho,2025-04-30,Maiz,2025-04-30,194.185,194.185
Precio Hecho,2025-04-30,Maiz,2025-04-30,194.185,194.185
Precio Hecho,2025-04-30,Maiz,2025-04-30,194.185,194.185
Precio Hecho,2025-04-30,Trigo,2025-05-02,,
Precio Hecho,2025-04-30,Maiz,2025-04-30,194.185,194.185
Precio Hecho,2025-04-30,Soja,2025-05-30,251.94,269.36
Precio a Fijar,2024-11-22,Trigo,2024-11-30,187.02333333333334,
Precio a Fijar,2024-12-11,Maiz,2025-03-31,181.82,202.515
Precio a Fijar,2024-12-11,Maiz,2025-04-30,181.82,194.185
Precio a Fijar,2024-12-13,Maiz,2025-04-01,176.38,201.44
Precio a Fijar,2024-12-16,Maiz,2025-01-31,177.67,211.68
Precio a Fijar,2024-12-16,Maiz,2025-01-31,177.67,211.68
Precio a Fijar,2025-01-14,Girasol,2025-02-15,343.9,
Precio a Fijar,2025-01-14,Girasol,2025-02-15,343.9,
Precio a Fijar,2025-02-24,Maiz,2025-03-15,201.69666666666663,
Precio a Fijar,2025-02-25,Maiz,2025-03-25,199.87333333333333,195.01
Precio a Fijar,2024-04-23,CEBADA CERV.,2025-01-31,,
Precio a Fijar,2025-04-04,Maiz,2025-04-18,199.35,
Precio a Fijar,2025-04-08,Maiz,2025-05-08,205.81,183.12
Precio a Fijar,2025-04-14,Maiz,2025-05-14,191.99,182.65
Precio a Fijar,2025-04-22,Maiz,2025-05-22,198.825,184.235
Precio a Fijar,2025-04-23,Soja,2025-06-30,,269.66999999999996
Precio a Fijar,2025-04-25,Maiz,2025-04-30,199.23,194.185
Precio a Fijar,2025-04-25,Maiz,2025-05-24,199.23,
Precio a Fijar,2025-04-29,Maiz,2025-05-31,196.565,
Precio a Fijar,2025-04-29,Soja,2025-05-29,259.605,267.955
Precio Hecho,2025-04-30,Soja,2025-05-30,251.94,269.36
Precio Hecho,2025-04-30,Soja,2025-05-30,251.94,269.36
Precio Hecho,2025-04-30,Soja,2025-05-30,251.94,269.36
Precio a Fijar,2024-12-05,Trigo,2025-01-04,185.82666666666668,
Precio Hecho,2025-04-30,Soja,2025-05-30,251.94,269.36
Precio a Fijar,2024-12-03,Trigo,2025-01-02,184.9375,187.73333333333335
Precio a Fijar,2024-12-20,Trigo,2025-01-19,190.24666666666667,
Precio Hecho,2025-04-30,Soja,2025-05-30,251.94,269.36
Precio a Fijar,2024-11-01,Trigo,2024-12-31,197.60333333333332,
Precio Hecho,2025-04-30,Trigo,2025-05-07,,195.93
Precio Hecho,2025-04-30,Soja,2025-04-30,251.94,251.94
Precio a Fijar,2024-12-16,Trigo,2024-12-31,187.98250000000002,
Precio a Fijar,2025-04-30,Soja,2025-09-30,251.94,346.1366666666666
Precio a Fijar,2025-04-30,Maiz,2025-05-30,194.185,175.93
Precio a Fijar,2025-04-30,Soja,2025-05-30,251.94,269.36
Precio Hecho,2025-04-30,Trigo,2025-05-30,,198.48
Precio Hecho,2025-04-30,Soja,2025-05-30,251.94,269.36
Precio Hecho,2025-04-30,Trigo,2025-05-30,,198.48
Precio a Fijar,2025-01-22,CEBADA CERV.,2025-12-31,,
Precio Hecho,2025-04-30,Maiz,2025-05-30,194.185,175.93
Precio Hecho,2025-04-29,Trigo,2025-05-29,201.20999999999998,198.48
Precio Hecho,2025-04-30,Maiz,2025-04-30,194.185,194.185
Precio a Fijar,2024-11-13,Soja,2025-03-31,301.3,319.37
Precio a Fijar,2025-04-30,Soja,2025-09-30,251.94,346.1366666666666
Precio a Fijar,2025-04-30,Soja,2025-08-31,251.94,
Precio Hecho,2025-04-30,Soja,2025-05-30,251.94,269.36
Precio Hecho,2025-04-30,Soja,2025-05-30,251.94,269.36
Precio a Fijar,2025-03-04,Maiz,2025-07-31,200.92333333333332,
Precio a Fijar,2025-04-23,Maiz,2025-07-31,,
Precio a Fijar,2025-04-11,Maiz,2025-06-30,208.72,168.39333333333332
Precio Hecho,2025-04-30,Soja,2025-05-02,251.94,
Precio Hecho,2025-04-29,Trigo,2025-05-06,201.20999999999998,196.39999999999998
Precio a Fijar,2025-04-30,Trigo,2025-05-30,,198.48
Precio a Fijar,2025-04-10,Maiz,2025-08-31,208.68,
Precio a Fijar,2025-04-30,Trigo,2025-05-30,,198.48
Precio Hecho,2025-04-30,Trigo,2025-05-30,,198.48
Precio Hecho,2025-04-30,Trigo,2025-05-30,,198.48
Precio a Fijar,2025-04-22,Maiz,2025-05-22,198.825,184.235
Precio a Fijar,2025-04-08,Maiz,2025-08-31,205.81,
Precio Hecho,2025-04-30,Trigo,2025-05-30,,198.48
Precio Hecho,2025-04-30,Soja,2025-04-30,251.94,251.94
Precio a Fijar,2025-04-23,Maiz,2025-06-30,,168.39333333333332
Precio Hecho,2025-04-29,Soja,2025-05-29,259.605,267.955
Precio a Fijar,2025-04-24,Trigo,2025-05-30,194.615,198.48
Precio a Fijar,2025-03-27,Maiz,2025-09-30,194.92,178.83
Precio a Fijar,2025-04-30,Maiz,2025-08-31,194.185,
Precio Hecho,2025-04-30,Trigo,2025-05-30,,198.48
Precio a Fijar,2025-03-27,Maiz,2025-07-31,194.92,
Precio a Fijar,2025-03-27,Maiz,2025-06-30,194.92,168.39333333333332
Precio a Fijar,2024-12-11,Maiz,2025-03-31,181.82,202.515
Precio Hecho,2025-04-30,Girasol,2025-05-30,297.69,297.73
Precio a Fijar,2025-04-30,Trigo,2025-05-30,,198.48
Precio a Fijar,2025-04-10,Maiz,2025-12-31,208.68,
Precio Hecho,2025-04-30,Soja,2025-04-30,251.94,251.94
Precio Hecho,2025-04-30,Soja,2025-04-30,251.94,251.94
Precio Hecho,2025-04-30,ACEITE SOJA,2025-05-07,,
Precio a Fijar,2025-04-08,Maiz,2025-07-31,205.81,
Precio Hecho,2025-04-29,ACEITE SOJA,2025-05-10,,
Precio a Fijar,2025-03-06,Maiz,2025-07-31,199.15,
Precio a Fijar,2025-04-30,Soja,2025-05-30,251.94,269.36
Precio a Fijar,2025-03-06,Maiz,2025-07-31,199.15,
Precio Hecho,2025-04-30,Trigo,2025-05-01,,
Precio a Fijar,2025-04-29,Soja,2025-05-29,259.605,267.955
Precio Hecho,2025-04-30,Soja,2025-04-30,251.94,251.94
Precio Hecho,2025-04-30,Soja,2025-04-30,251.94,251.94
Precio Hecho,2025-04-30,Soja,2025-05-30,251.94,269.36
Precio Hecho,2025-04-29,Soja,2025-05-29,259.605,267.955
Precio a Fijar,2025-04-29,Maiz,2025-05-29,196.565,177.26
Precio Hecho,2025-04-30,Soja,2025-05-07,251.94,268.21000000000004
Precio a Fijar,2025-04-30,Maiz,2025-04-30,194.185,194.185
Precio Hecho,2025-04-30,Soja,2025-05-01,251.94,
Precio a Fijar,2025-04-30,Maiz,2025-04-30,194.185,194.185
Precio a Fijar,2024-11-13,Trigo,2024-12-20,187.44,190.24666666666667
Precio Hecho,2025-04-30,Soja,2025-05-10,251.94,
Precio Hecho,2025-04-30,Soja,2025-04-30,251.94,251.94
Precio a Fijar,2025-04-29,Maiz,2025-07-15,196.565,171.65
Precio a Fijar,2025-04-29,Maiz,2025-07-15,196.565,171.65
Precio a Fijar,2025-04-29,Maiz,2025-07-15,196.565,171.65
Precio a Fijar,2025-04-30,Maiz,2025-04-30,194.185,194.185
Precio Hecho,2025-04-30,Soja,2025-04-30,251.94,251.94
Precio a Fijar,2024-11-21,CEBADA CERV.,2024-12-31,,
Precio Hecho,2025-04-30,Maiz,2025-04-30,194.185,194.185
Precio Hecho,2025-04-30,Soja,2025-05-01,251.94,
Precio a Fijar,2025-04-30,Maiz,2025-04-30,194.185,194.185
Precio Hecho,2025-04-30,Maiz,2025-04-30,194.185,194.185
Precio Hecho,2025-04-30,Soja,2025-04-30,251.94,251.94
Precio Hecho,2025-04-30,Soja,2025-05-01,251.94,
Precio a Fijar,2024-11-29,CEBADA CERV.,2024-12-31,,
Precio a Fijar,2024-12-06,CEBADA CERV.,2025-01-31,,
Precio Hecho,2025-04-30,Maiz,2025-04-30,194.185,194.185
Precio a Fijar,2025-04-28,Soja,2025-07-31,285.395,
Precio Hecho,2025-04-30,Maiz,2025-04-30,194.185,194.185
Precio a Fijar,2025-04-29,Maiz,2025-05-29,196.565,177.26
Precio Hecho,2025-04-30,Soja,2025-04-30,251.94,251.94
Precio a Fijar,2025-04-07,Soja,2025-04-30,288.1,251.94
Precio Hecho,2025-04-30,Soja,2025-04-30,251.94,251.94
Precio Hecho,2025-04-30,Trigo,2025-05-30,,198.48
Precio Hecho,2025-04-30,Maiz,2025-04-30,194.185,194.185
Precio a Fijar,2025-04-30,Soja,2025-05-30,251.94,269.36
Precio Hecho,2025-04-30,Trigo,2025-05-30,,198.48
Precio Hecho,2025-04-30,Maiz,2025-04-30,194.185,194.185
Precio a Fijar,2025-04-29,Soja,2025-05-29,259.605,267.955
Precio a Fijar,2025-04-29,Soja,2025-05-29,259.605,267.955
Precio a Fijar,2025-04-28,Soja,2025-05-28,285.395,267.24
Precio a Fijar,2025-04-25,Soja,2025-05-25,266.495,
Precio a Fijar,2025-04-23,Maiz,2025-05-23,,181.645
Precio a Fijar,2025-04-21,Maiz,2025-05-21,197.44,185.86
Precio a Fijar,2025-04-04,Soja,2025-05-04,288.1,
Precio a Fijar,2025-02-26,Maiz,2025-03-07,202.34,196.91
Precio a Fijar,2025-02-24,Maiz,2025-03-10,201.69666666666663,195.825
Precio a Fijar,2025-02-06,Maiz,2025-07-31,211.42333333333332,
Precio a Fijar,2025-01-30,Maiz,2025-02-28,211.03,
Precio a Fijar,2025-01-14,Maiz,2025-04-30,195.64666666666668,194.185
Precio a Fijar,2024-12-27,Maiz,2025-03-31,185.17,202.515
Precio a Fijar,2024-12-27,Maiz,2025-03-31,185.17,202.515
Precio a Fijar,2024-12-27,Maiz,2025-03-31,185.17,202.515
Precio a Fijar,2024-12-27,Soja,2025-01-26,276.3,
Precio a Fijar,2024-12-06,Trigo,2025-01-05,187.69333333333336,
Precio a Fijar,2024-12-05,Trigo,2025-01-04,185.82666666666668,
Precio a Fijar,2024-11-06,Trigo,2024-12-05,193.07,185.82666666666668
Precio a Fijar,2024-10-22,Soja,2025-04-30,292.025,251.94
Precio a Fijar,2024-10-16,Soja,2024-12-15,,
Precio a Fijar,2024-07-25,Maiz,2025-03-31,,202.515
Precio a Fijar,2024-07-10,Maiz,2024-08-09,169.65666666666667,171.45499999999998
Precio a Fijar,2023-05-19,Soja,2023-06-18,,
Precio Hecho,2025-04-30,Maiz,2025-04-30,194.185,194.185
Precio a Fijar,2025-04-29,Maiz,2025-05-09,196.565,180.39499999999998
Precio a Fijar,2025-04-30,Trigo,2025-04-30,,
Precio Hecho,2025-04-30,Maiz,2025-04-30,194.185,194.185
Precio a Fijar,2025-02-28,Maiz,2025-06-30,,168.39333333333332
Precio Hecho,2025-04-29,Maiz,2025-05-16,196.565,184.035
Precio Hecho,2025-04-29,Maiz,2025-05-29,196.565,177.26
Precio a Fijar,2025-04-28,Soja,2025-05-28,285.395,267.24
Precio a Fijar,2025-04-28,Soja,2025-05-28,285.395,267.24
Precio a Fijar,2025-04-28,Soja,2025-05-28,285.395,267.24
Precio a Fijar,2025-04-28,Soja,2025-05-28,285.395,267.24
Precio a Fijar,2025-04-28,Soja,2025-05-28,285.395,267.24
Precio a Fijar,2025-04-28,Soja,2025-05-28,285.395,267.24
Precio a Fijar,2025-04-22,Soja,2025-05-22,275.82,274.77
Precio a Fijar,2025-04-21,Soja,2025-05-21,273.08,273.605
Precio a Fijar,2025-04-21,Soja,2025-05-21,273.08,273.605
Precio a Fijar,2025-04-21,Soja,2025-05-21,273.08,273.605
Precio a Fijar,2025-04-04,Soja,2025-05-04,288.1,
Precio a Fijar,2025-04-03,Maiz,2025-05-03,198.6,
Precio a Fijar,2025-03-14,Maiz,2025-04-13,193.73,
Precio a Fijar,2025-03-11,Maiz,2025-04-10,,208.68
Precio a Fijar,2025-02-24,Maiz,2025-03-10,201.69666666666663,195.825
Precio a Fijar,2025-02-21,Maiz,2025-03-23,207.4,
Precio a Fijar,2025-02-19,Maiz,2025-03-21,207.22000000000003,202.99
Precio a Fijar,2025-02-19,Maiz,2025-02-28,207.22000000000003,
Precio a Fijar,2024-12-30,Maiz,2025-03-31,185.08,202.515
Precio a Fijar,2024-12-30,Maiz,2025-04-30,185.08,194.185
Precio a Fijar,2024-12-30,Maiz,2025-03-31,185.08,202.515
Precio a Fijar,2024-12-27,Maiz,2025-03-31,185.17,202.515
Precio a Fijar,2024-12-27,Maiz,2025-03-31,185.17,202.515
Precio a Fijar,2024-12-27,Trigo,2025-01-26,189.565,
Precio a Fijar,2024-12-27,Trigo,2025-01-26,189.565,
Precio a Fijar,2024-11-28,Soja,2025-05-15,290.39,269.255
Precio a Fijar,2024-11-10,Trigo,2024-12-10,,187.87333333333333
Precio a Fijar,2024-11-10,Trigo,2024-12-10,,187.87333333333333
Precio a Fijar,2024-11-07,Trigo,2024-12-07,197.99,
Precio a Fijar,2024-07-25,Maiz,2025-03-31,,202.515
Precio a Fijar,2024-05-30,Soja,2024-06-29,316.74333333333334,
Precio a Fijar,2024-05-21,Soja,2024-06-20,,
Precio a Fijar,2024-04-10,Soja,2024-05-30,286.90000000000003,316.74333333333334
Precio a Fijar,2023-07-31,Soja,2023-08-30,,
Precio a Fijar,2025-04-28,Soja,2025-12-31,285.395,
Precio Hecho,2025-04-30,Maiz,2025-04-30,194.185,194.185
Precio a Fijar,2025-04-30,Maiz,2025-06-30,194.185,168.39333333333332
Precio a Fijar,2024-11-28,Soja,2025-05-15,290.39,269.255
Precio a Fijar,2025-02-28,Maiz,2025-05-31,,
Precio a Fijar,2025-04-24,Trigo,2025-04-24,194.615,194.615
Precio Hecho,2025-04-30,Trigo,2025-05-07,,195.93
Precio Hecho,2025-04-30,Trigo,2025-05-15,,192.89
Precio a Fijar,2025-02-05,Maiz,2025-02-28,212.89499999999998,
Precio Hecho,2025-04-30,Trigo,2025-05-15,,192.89
Precio a Fijar,2025-04-21,Soja,2025-05-21,273.08,273.605
Precio Hecho,2025-04-30,Trigo,2025-04-30,,
Precio a Fijar,2024-06-12,Soja,2024-07-12,316.13666666666666,304.125
Precio a Fijar,2024-06-06,Soja,2024-07-03,,308.74
Precio Hecho,2025-04-29,Soja,2025-05-04,259.605,
Precio a Fijar,2025-04-29,Soja,2025-05-31,259.605,
Precio a Fijar,2025-04-29,Maiz,2025-05-05,196.565,186.375
Precio a Fijar,2025-04-29,Soja,2025-05-29,259.605,267.955
Precio a Fijar,2025-04-29,Soja,2025-05-10,259.605,
Precio a Fijar,2025-04-29,Soja,2025-05-29,259.605,267.955
Precio a Fijar,2025-04-29,Soja,2025-05-29,259.605,267.955
Precio a Fijar,2025-04-29,Soja,2025-05-29,259.605,267.955
Precio a Fijar,2025-04-29,Soja,2025-05-29,259.605,267.955
Precio a Fijar,2025-04-29,Soja,2025-05-29,259.605,267.955
Precio a Fijar,2025-04-28,Soja,2025-05-28,285.395,267.24
Precio a Fijar,2025-01-28,Soja,2025-04-30,294.96,251.94
Precio a Fijar,2025-01-02,Soja,2025-04-15,280.87,275.0
Precio a Fijar,2024-11-04,Soja,2024-12-04,309.91,291.21
Precio a Fijar,2024-10-17,Soja,2024-10-31,311.56,306.37
Precio a Fijar,2025-04-23,Soja,2025-04-30,,251.94
Precio a Fijar,2025-04-07,Soja,2025-04-13,288.1,
Precio a Fijar,2025-02-25,Soja,2025-03-05,310.88,299.27
Precio a Fijar,2025-01-21,Soja,2025-01-31,279.85,299.0
Precio a Fijar,2025-01-03,Soja,2025-04-15,275.23,275.0
Precio Hecho,2025-04-29,Trigo,2025-04-29,201.20999999999998,201.20999999999998
Precio Hecho,2025-04-29,Trigo,2025-04-29,201.20999999999998,201.20999999999998
Precio Hecho,2025-04-29,Soja,2025-04-29,259.605,259.605
Precio Hecho,2025-04-29,Soja,2025-04-29,259.605,259.605
Precio Hecho,2025-04-29,Soja,2025-04-29,259.605,259.605
Precio Hecho,2025-04-29,Soja,2025-04-29,259.605,259.605
Precio Hecho,2025-04-29,Soja,2025-04-29,259.605,259.605
Precio Hecho,2025-04-29,Soja,2025-07-31,259.605,
Precio Hecho,2025-04-29,Trigo,2025-05-29,201.20999999999998,198.48
Precio a Fijar,2025-04-29,Soja,2025-05-15,259.605,269.255
Precio a Fijar,2025-04-29,Soja,2025-05-15,259.605,269.255
Precio Hecho,2025-04-29,Maiz,2025-04-29,196.565,196.565
Precio Hecho,2025-04-29,Maiz,2025-04-29,196.565,196.565
Precio Hecho,2025-04-29,Soja,2025-04-29,259.605,259.605
Precio Hecho,2025-04-25,Soja,2025-05-09,266.495,272.855
Precio Hecho,2025-04-29,Girasol,2025-04-29,297.68,297.68
Precio Hecho,2025-04-25,Soja,2025-05-09,266.495,272.855
Precio Hecho,2025-04-29,Girasol,2025-04-29,297.68,297.68
Precio Hecho,2025-04-25,Soja,2025-05-09,266.495,272.855
Precio Hecho,2025-04-29,Girasol,2025-04-29,297.68,297.68
Precio Hecho,2025-04-25,Soja,2025-05-09,266.495,272.855
Precio Hecho,2025-04-29,Soja,2025-04-29,259.605,259.605
Precio Hecho,2025-04-25,Soja,2025-05-09,266.495,272.855
Precio Hecho,2025-04-28,Soja,2025-05-12,285.395,275.315
Precio a Fijar,2025-03-25,Soja,2025-04-30,308.37,251.94
Precio a Fijar,2025-04-29,Soja,2025-05-15,259.605,269.255
Precio a Fijar,2025-04-29,Soja,2025-05-15,259.605,269.255
Precio a Fijar,2025-04-23,Soja,2025-04-29,,259.605
Precio a Fijar,2025-04-23,Soja,2025-04-29,,259.605
Precio a Fijar,2025-03-14,Soja,2025-04-30,299.49,251.94
Precio a Fijar,2025-04-24,Soja,2025-04-29,268.31,259.605
Precio a Fijar,2025-01-10,Soja,2025-04-30,281.39,251.94
Precio Hecho,2025-04-29,Trigo,2025-04-29,201.20999999999998,201.20999999999998
Precio a Fijar,2024-02-29,Soja,2025-04-30,289.12,251.94
Precio a Fijar,2025-04-29,Soja,2025-05-23,259.605,269.57
Precio a Fijar,2025-04-29,Soja,2025-05-23,259.605,269.57
Precio a Fijar,2025-04-29,Soja,2025-05-15,259.605,269.255
Precio a Fijar,2025-04-29,Soja,2025-05-23,259.605,269.57
Precio a Fijar,2025-04-29,Soja,2025-05-29,259.605,267.955
Precio Hecho,2025-04-29,Soja,2025-04-29,259.605,259.605
Precio a Fijar,2025-04-28,Girasol,2025-04-30,297.71,297.69
Precio a Fijar,2025-04-29,Maiz,2025-05-29,196.565,177.26
Precio a Fijar,2025-04-29,Maiz,2025-05-29,196.565,177.26
Precio a Fijar,2023-05-08,Soja,2023-06-07,,
Precio Hecho,2025-04-29,Soja,2025-04-29,259.605,259.605
Precio Hecho,2025-04-29,Soja,2025-05-29,259.605,267.955
Precio Hecho,2025-04-29,Trigo,2025-05-03,201.20999999999998,
Precio a Fijar,2024-09-04,Maiz,2025-03-31,176.35666666666665,202.515
Precio a Fijar,2024-08-29,Maiz,2025-03-31,174.85,202.515
Precio Hecho,2025-04-29,Maiz,2025-05-29,196.565,177.26
Precio a Fijar,2025-04-22,Soja,2025-04-23,275.82,
Precio a Fijar,2024-06-06,Soja,2024-06-15,,
Precio a Fijar,2024-02-29,Soja,2025-04-30,289.12,251.94
Precio a Fijar,2025-04-29,Soja,2025-05-23,259.605,269.57
Precio a Fijar,2025-04-29,Soja,2025-05-15,259.605,269.255
Precio a Fijar,2025-04-29,Soja,2025-05-23,259.605,269.57
Precio a Fijar,2025-04-29,Soja,2025-05-23,259.605,269.57
Precio Hecho,2025-04-29,Soja,2025-05-29,259.605,267.955
Precio Hecho,2025-04-29,Trigo,2025-05-29,201.20999999999998,198.48
Precio Hecho,2025-04-29,Maiz,2025-05-29,196.565,177.26
Precio Hecho,2025-04-29,Maiz,2025-04-30,196.565,194.185
Precio Hecho,2025-04-29,Maiz,2025-04-30,196.565,194.185
Precio Hecho,2025-04-29,Girasol,2025-05-29,297.68,322.15
Precio Hecho,2025-04-29,Soja,2025-06-10,259.605,239.8
Precio Hecho,2025-04-29,Soja,2025-04-29,259.605,259.605
Precio Hecho,2025-04-29,Maiz,2025-04-29,196.565,196.565
Precio Hecho,2025-04-29,Trigo,2025-05-29,201.20999999999998,198.48
Precio Hecho,2025-04-29,Trigo,2025-05-03,201.20999999999998,
Precio Hecho,2025-04-29,Soja,2025-05-28,259.605,267.24
Precio Hecho,2025-04-29,Maiz,2025-05-28,196.565,181.03
Precio Hecho,2025-04-29,Soja,2025-05-29,259.605,267.955
Precio Hecho,2025-04-29,Maiz,2025-05-28,196.565,181.03
Precio a Fijar,2025-04-29,Soja,2025-05-29,259.605,267.955
Precio a Fijar,2025-04-29,Soja,2025-05-29,259.605,267.955
Precio a Fijar,2025-04-29,Soja,2025-05-29,259.605,267.955
Precio a Fijar,2025-04-29,Soja,2025-05-31,259.605,
Precio a Fijar,2025-04-29,Soja,2025-05-29,259.605,267.955
Precio a Fijar,2025-04-29,Soja,2025-05-29,259.605,267.955
Precio a Fijar,2025-04-29,Soja,2025-05-29,259.605,267.955
Precio a Fijar,2025-04-29,Soja,2025-05-29,259.605,267.955
Precio Hecho,2025-04-29,Girasol,2025-05-25,297.68,
Precio a Fijar,2025-04-29,Maiz,2025-05-29,196.565,177.26
Precio Hecho,2025-04-29,Soja,2025-05-06,259.605,264.45
Precio Hecho,2025-04-29,Maiz,2025-05-29,196.565,177.26
Precio Hecho,2025-04-29,ARROZ C.L.F,2025-04-29,,
Precio Hecho,2025-04-29,ARROZ C.L.F,2025-04-29,,
Precio Hecho,2025-04-29,ARROZ C.L.F,2025-04-29,,
Precio Hecho,2025-04-29,ARROZ C.L.F,2025-04-29,,
Precio Hecho,2025-04-29,ARROZ C.L.F,2025-04-29,,
Precio Hecho,2025-04-29,ARROZ C.L.F,2025-04-29,,
Precio a Fijar,2025-04-29,Maiz,2025-06-30,196.565,168.39333333333332
Precio Hecho,2025-04-29,ARROZ C.L.F,2025-04-29,,
Precio a Fijar,2024-12-23,Maiz,2025-04-30,180.845,194.185
Precio a Fijar,2023-08-16,Maiz,2023-09-16,,
Precio a Fijar,2025-04-24,Maiz,2025-05-24,189.415,
Precio a Fijar,2025-04-24,Maiz,2025-05-24,189.415,
Precio a Fijar,2024-10-23,Maiz,2025-03-31,183.66333333333333,202.515
Precio a Fijar,2025-04-21,Soja,2025-04-30,273.08,251.94
Precio a Fijar,2024-12-17,Trigo,2024-12-31,189.59,
Precio Hecho,2025-04-29,ARROZ C.L.F,2025-04-29,,
Precio Hecho,2025-04-29,ARROZ C.L.F,2025-04-29,,
Precio Hecho,2025-04-29,ARROZ C.L.F,2025-04-29,,
Precio Hecho,2025-04-29,ARROZ C.L.F,2025-04-29,,
Precio Hecho,2025-04-29,ARROZ C.L.F,2025-04-29,,
Precio a Fijar,2025-04-29,Maiz,2025-06-30,196.565,168.39333333333332
Precio a Fijar,2025-04-29,Soja,2025-05-29,259.605,267.955
Precio Hecho,2025-04-29,Soja,2025-04-29,259.605,259.605
Precio Hecho,2025-04-29,Soja,2025-04-29,259.605,259.605
Precio Hecho,2025-04-28,Soja,2025-04-28,285.395,285.395
Precio Hecho,2025-04-28,Soja,2025-04-28,285.395,285.395
Precio Hecho,2025-04-28,Maiz,2025-04-28,197.285,197.285
Precio Hecho,2025-04-29,Soja,2025-04-29,259.605,259.605
Precio Hecho,2025-04-29,Soja,2025-05-20,259.605,274.21
Precio a Fijar,2025-04-22,Soja,2025-05-22,275.82,274.77
Precio a Fijar,2025-01-31,Maiz,2025-06-30,211.68,168.39333333333332
Precio Hecho,2025-04-28,Trigo,2025-12-31,199.49,
Precio Hecho,2025-04-29,Soja,2025-05-20,259.605,274.21
Precio a Fijar,2025-01-31,Maiz,2025-06-30,211.68,168.39333333333332
Precio a Fijar,2025-01-29,Maiz,2025-07-31,208.11333333333334,
Precio Hecho,2025-04-29,Girasol,2025-05-29,297.68,322.15
Precio Hecho,2025-04-29,Soja,2025-04-29,259.605,259.605
Precio Hecho,2025-04-29,Soja,2025-05-29,259.605,267.955
Precio a Fijar,2025-01-29,Maiz,2025-07-31,208.11333333333334,
Precio Hecho,2025-04-29,Soja,2025-04-29,259.605,259.605
Precio a Fijar,2024-09-18,Maiz,2024-10-05,177.11666666666667,
Precio Hecho,2025-04-29,ACEITE SOJA,2025-04-29,,
Precio Hecho,2025-04-29,ACEITE SOJA,2025-04-29,,
Precio Hecho,2025-04-29,Soja,2025-05-29,259.605,267.955
Precio a Fijar,2024-12-16,Maiz,2025-01-31,177.67,211.68
Precio Hecho,2025-04-28,Soja,2025-04-28,285.395,285.395
Precio Hecho,2025-04-29,Maiz,2025-05-31,196.565,
Precio Hecho,2025-04-29,Soja,2025-04-29,259.605,259.605
Precio Hecho,2025-04-29,Soja,2025-04-29,259.605,259.605
Precio Hecho,2025-04-29,Soja,2025-05-29,259.605,267.955
Precio Hecho,2025-04-29,Soja,2025-05-29,259.605,267.955
Precio Hecho,2025-04-29,Trigo,2025-05-15,201.20999999999998,192.89
Precio Hecho,2025-04-25,Trigo,2025-05-02,204.75,
Precio Hecho,2025-04-29,Soja,2025-04-29,259.605,259.605
Precio a Fijar,2024-06-06,Soja,2024-06-30,,
Precio Hecho,2025-04-29,Soja,2025-05-29,259.605,267.955
Precio Hecho,2025-04-29,Trigo,2025-05-15,201.20999999999998,192.89
Precio Hecho,2025-04-29,Maiz,2025-07-31,196.565,
Precio Hecho,2025-04-29,Maiz,2025-07-31,196.565,
Precio Hecho,2025-04-29,Maiz,2025-07-31,196.565,
Precio Hecho,2025-04-29,Maiz,2025-05-29,196.565,177.26
Precio a Fijar,2024-12-03,Trigo,2025-01-02,184.9375,187.73333333333335
Precio a Fijar,2025-04-17,Soja,2025-05-17,,
Precio Hecho,2025-04-29,Soja,2025-05-09,259.605,272.855
Precio Hecho,2025-04-29,Soja,2025-04-29,259.605,259.605
Precio a Fijar,2024-07-18,Trigo,2025-01-31,,201.2025
Precio Hecho,2025-04-29,Trigo,2025-04-29,201.20999999999998,201.20999999999998
Precio Hecho,2025-04-29,Trigo,2025-04-29,201.20999999999998,201.20999999999998
Precio a Fijar,2025-04-29,Maiz,2025-05-31,196.565,
Precio Hecho,2025-04-29,Trigo,2025-04-29,201.20999999999998,201.20999999999998
Precio Hecho,2025-04-29,Trigo,2025-04-29,201.20999999999998,201.20999999999998
Precio a Fijar,2025-04-29,Soja,2025-05-29,259.605,267.955
Precio a Fijar,2025-04-29,Soja,2025-05-29,259.605,267.955
Precio a Fijar,2025-04-29,Soja,2025-05-29,259.605,267.955
Precio a Fijar,2025-04-29,Maiz,2025-05-29,196.565,177.26
Precio a Fijar,2025-04-29,Soja,2025-05-29,259.605,267.955
Precio Hecho,2025-04-29,Soja,2025-05-29,259.605,267.955
Precio a Fijar,2025-04-29,Maiz,2026-07-31,196.565,
Precio Hecho,2025-04-29,Soja,2025-05-29,259.605,267.955
Precio a Fijar,2025-04-25,Soja,2025-05-25,266.495,
Precio Hecho,2025-04-29,Trigo,2025-05-18,201.20999999999998,
Precio Hecho,2025-04-29,Soja,2025-05-06,259.605,264.45
Precio Hecho,2025-04-29,Trigo,2025-04-29,201.20999999999998,201.20999999999998
Precio Hecho,2025-04-29,Trigo,2025-04-29,201.20999999999998,201.20999999999998
Precio a Fijar,2025-04-29,Soja,2025-05-29,259.605,267.955
Precio a Fijar,2025-01-14,Soja,2025-07-31,283.38,
Precio Hecho,2025-04-29,Soja,2025-05-29,259.605,267.955
Precio Hecho,2025-04-29,Soja,2025-05-29,259.605,267.955
Precio Hecho,2025-04-29,Maiz,2025-04-29,196.565,196.565
Precio Hecho,2025-04-29,Maiz,2025-04-29,196.565,196.565
Precio Hecho,2025-04-29,Maiz,2025-04-29,196.565,196.565
Precio Hecho,2025-04-28,Soja,2025-04-28,285.395,285.395
Precio Hecho,2025-04-29,Soja,2025-04-29,259.605,259.605
Precio Hecho,2025-04-29,Soja,2025-04-29,259.605,259.605
Precio a Fijar,2025-04-28,Maiz,2025-05-31,197.285,
Precio a Fijar,2025-04-28,Maiz,2025-05-28,197.285,181.03
Precio a Fijar,2025-04-28,Soja,2025-05-28,285.395,267.24
Precio a Fijar,2025-04-25,Maiz,2025-05-24,199.23,
Precio a Fijar,2025-04-22,Maiz,2025-05-22,198.825,184.235
Precio a Fijar,2025-04-21,Maiz,2025-05-21,197.44,185.86
Precio a Fijar,2025-03-18,Maiz,2025-05-31,197.565,
Precio a Fijar,2025-03-07,Girasol,2025-03-31,328.765,304.145
Precio a Fijar,2025-02-26,Maiz,2025-03-31,202.34,202.515
Precio a Fijar,2025-01-15,Maiz,2025-03-31,195.77999999999997,202.515
Precio a Fijar,2025-01-15,Maiz,2025-03-31,195.77999999999997,202.515
Precio a Fijar,2024-12-23,Maiz,2025-04-30,180.845,194.185
Precio a Fijar,2025-04-29,Soja,2025-05-29,259.605,267.955
Precio a Fijar,2024-06-07,Soja,2024-07-07,,
Precio Hecho,2025-04-29,Soja,2025-04-29,259.605,259.605
Precio a Fijar,2024-12-10,Maiz,2025-01-10,177.97333333333333,192.20666666666668
Precio Hecho,2025-04-29,Soja,2025-04-29,259.605,259.605
Precio Hecho,2025-04-29,Maiz,2025-04-29,196.565,196.565
Precio Hecho,2025-04-29,Soja,2025-05-29,259.605,267.955
Precio Hecho,2025-04-29,Soja,2025-05-29,259.605,267.955
Precio Hecho,2025-04-29,Soja,2025-05-29,259.605,267.955
Precio Hecho,2025-04-29,Maiz,2025-05-29,196.565,177.26
Precio Hecho,2025-04-29,Trigo,2025-05-09,201.20999999999998,194.45
Precio Hecho,2025-04-29,Trigo,2025-05-09,201.20999999999998,194.45
Precio a Fijar,2025-03-18,Maiz,2025-07-31,197.565,
Precio Hecho,2025-04-29,Soja,2025-05-29,259.605,267.955
Precio a Fijar,2025-01-13,Trigo,2025-03-31,186.73000000000002,218.81
Precio Hecho,2025-04-29,Trigo,2025-05-05,201.20999999999998,194.39666666666668
Precio Hecho,2025-04-29,Trigo,2025-04-29,201.20999999999998,201.20999999999998
Precio a Fijar,2025-04-29,Soja,2025-05-27,259.605,269.765
Precio Hecho,2025-04-29,Girasol,2025-05-29,297.68,322.15
Precio a Fijar,2025-04-29,Maiz,2025-05-28,196.565,181.03
Precio a Fijar,2025-04-22,Soja,2025-05-15,275.82,269.255
Precio a Fijar,2025-03-18,Maiz,2025-04-25,197.565,199.23
Precio a Fijar,2025-03-18,Maiz,2025-04-28,197.565,197.285
Precio a Fijar,2025-03-07,Maiz,2025-03-31,196.91,202.515
Precio a Fijar,2025-02-21,Soja,2025-05-31,311.1,
Precio a Fijar,2025-02-21,Soja,2025-04-30,311.1,251.94
Precio a Fijar,2025-02-25,Soja,2025-04-15,310.88,275.0
Precio a Fijar,2025-02-25,Soja,2025-04-15,310.88,275.0
Precio a Fijar,2025-02-21,Maiz,2025-03-31,207.4,202.515
Precio a Fijar,2025-02-21,Maiz,2025-03-31,207.4,202.515
Precio a Fijar,2025-02-03,Soja,2025-05-31,298.79,
Precio a Fijar,2025-01-22,Soja,2025-02-21,281.49,311.1
Precio a Fijar,2024-11-07,Soja,2024-12-07,311.56,
Precio a Fijar,2024-10-31,Soja,2025-04-30,306.37,251.94
Precio a Fijar,2024-10-30,Soja,2024-11-30,,
Precio a Fijar,2024-10-15,Soja,2025-04-30,,251.94
Precio a Fijar,2024-04-19,Trigo,2024-05-19,204.245,
Precio Hecho,2025-04-29,Maiz,2025-05-29,196.565,177.26
Precio a Fijar,2025-01-27,Maiz,2025-02-27,,199.95
Precio a Fijar,2025-01-14,Maiz,2025-01-31,195.64666666666668,211.68
Precio a Fijar,2025-01-14,Maiz,2025-01-31,195.64666666666668,211.68
Precio a Fijar,2024-08-07,Maiz,2024-08-07,170.79500000000002,170.79500000000002
Precio a Fijar,2025-04-29,Soja,2025-04-29,259.605,259.605
Precio a Fijar,2025-04-29,Soja,2025-04-29,259.605,259.605
Precio a Fijar,2025-04-29,Soja,2025-04-29,259.605,259.605
Precio a Fijar,2025-04-29,Soja,2025-05-29,259.605,267.955
Precio a Fijar,2025-04-29,Soja,2025-05-29,259.605,267.955
Precio a Fijar,2025-04-29,Soja,2025-05-29,259.605,267.955
Precio a Fijar,2025-04-29,Soja,2025-05-29,259.605,267.955
Precio Hecho,2025-04-29,Trigo,2025-05-29,201.20999999999998,198.48
Precio Hecho,2025-04-29,Soja,2025-04-30,259.605,251.94
Precio Hecho,2025-04-29,Maiz,2025-04-29,196.565,196.565
Precio Hecho,2025-04-29,Soja,2025-04-30,259.605,251.94
Precio Hecho,2025-04-29,Soja,2025-04-30,259.605,251.94
Precio Hecho,2025-04-29,Soja,2025-04-30,259.605,251.94
Precio Hecho,2025-04-29,Maiz,2025-04-29,196.565,196.565
Precio Hecho,2025-04-29,Soja,2025-04-30,259.605,251.94
Precio Hecho,2025-04-29,Maiz,2025-04-29,196.565,196.565
Precio Hecho,2025-04-29,Soja,2025-04-30,259.605,251.94
Precio Hecho,2025-04-29,Soja,2025-04-30,259.605,251.94
Precio a Fijar,2025-03-26,Maiz,2025-04-25,202.94,199.23
Precio a Fijar,2025-01-16,Trigo,2025-02-15,187.54749999999999,
Precio Hecho,2025-04-29,Soja,2025-04-30,259.605,251.94
Precio a Fijar,2025-03-13,Maiz,2025-04-12,,
Precio a Fijar,2024-12-30,Girasol,2025-03-17,346.20500000000004,316.61
Precio Hecho,2025-04-28,Maiz,2025-05-28,197.285,181.03
Precio Hecho,2025-04-29,Soja,2025-04-30,259.605,251.94
Precio a Fijar,2025-04-28,Maiz,2025-05-28,197.285,181.03
Precio Hecho,2025-04-29,Soja,2025-04-30,259.605,251.94
Precio a Fijar,2024-09-23,Trigo,2025-03-01,215.67,
Precio Hecho,2025-04-28,Trigo,2025-05-28,199.49,198.28
Precio Hecho,2025-04-28,Maiz,2025-06-30,197.285,168.39333333333332
Precio a Fijar,2024-09-24,Maiz,2024-11-15,177.61666666666665,182.21
Precio Hecho,2025-04-29,Soja,2025-04-29,259.605,259.605
Precio Hecho,2025-04-29,Trigo,2025-04-29,201.20999999999998,201.20999999999998
Precio a Fijar,2025-04-28,Maiz,2025-05-28,197.285,181.03
Precio Hecho,2025-04-28,Soja,2025-05-28,285.395,267.24
Precio Hecho,2025-04-29,Maiz,2025-04-29,196.565,196.565
Precio Hecho,2025-04-29,Soja,2025-05-29,259.605,267.955
Precio a Fijar,2024-11-08,Trigo,2024-11-08,188.065,188.065
Precio Hecho,2025-04-28,Soja,2025-05-28,285.395,267.24
Precio Hecho,2025-04-29,Trigo,2025-05-06,201.20999999999998,196.39999999999998
Precio Hecho,2025-04-29,Soja,2025-04-29,259.605,259.605
Precio Hecho,2025-04-28,Soja,2025-05-28,285.395,267.24
Precio a Fijar,2024-08-06,Maiz,2025-03-31,170.79500000000002,202.515
Precio Hecho,2025-04-29,Maiz,2025-04-29,196.565,196.565
Precio a Fijar,2025-04-22,Maiz,2025-05-22,198.825,184.235
Precio Hecho,2025-04-29,Soja,2025-04-29,259.605,259.605
Precio Hecho,2025-04-29,Soja,2025-05-29,259.605,267.955
Precio a Fijar,2025-04-29,CEBADA CERV.,2025-11-30,,
Precio a Fijar,2025-04-29,CEBADA CERV.,2025-11-30,,
Precio Hecho,2025-04-28,Girasol,2025-05-28,297.71,347.24
Precio a Fijar,2025-04-29,CEBADA CERV.,2025-11-30,,
Precio a Fijar,2025-04-29,CEBADA CERV.,2025-11-30,,
Precio Hecho,2025-04-29,Soja,2025-04-29,259.605,259.605
Precio a Fijar,2025-04-29,CEBADA CERV.,2025-11-30,,
Precio Hecho,2025-04-28,CEBADA CERV.,2025-05-21,,
Precio a Fijar,2025-04-29,CEBADA CERV.,2025-11-30,,
Precio a Fijar,2024-10-10,Soja,2025-04-30,306.44,251.94
Precio Hecho,2025-04-29,Maiz,2025-04-29,196.565,196.565
Precio a Fijar,2024-12-26,Maiz,2025-04-30,185.53,194.185
Precio a Fijar,2025-04-29,Soja,2025-05-29,259.605,267.955
Precio a Fijar,2025-04-29,Soja,2025-05-29,259.605,267.955
Precio a Fijar,2024-04-11,Soja,2025-05-31,,
Precio a Fijar,2025-04-29,Soja,2025-06-15,259.605,
Precio Hecho,2025-04-28,Trigo,2025-05-28,199.49,198.28
Precio Hecho,2025-04-28,Trigo,2025-05-28,199.49,198.28
Precio Hecho,2025-04-28,Trigo,2025-05-28,199.49,198.28
Precio Hecho,2025-04-28,Soja,2025-05-28,285.395,267.24
Precio Hecho,2025-04-29,Soja,2025-05-29,259.605,267.955
Precio a Fijar,2025-04-29,CEBADA CERV.,2025-11-30,,
Precio a Fijar,2025-04-29,CEBADA CERV.,2025-11-30,,
Precio a Fijar,2025-04-29,CEBADA CERV.,2025-11-30,,
Precio a Fijar,2025-04-29,CEBADA CERV.,2025-11-30,,
Precio a Fijar,2025-04-29,Trigo,2025-05-29,201.20999999999998,198.48
Precio Hecho,2025-04-29,Soja,2025-04-29,259.605,259.605
Precio Hecho,2025-04-28,Maiz,2025-05-28,197.285,181.03
Precio a Fijar,2025-04-29,Soja,2025-05-31,259.605,
Precio Hecho,2025-04-29,Maiz,2025-04-29,196.565,196.565
Precio Hecho,2025-04-29,Trigo,2025-05-02,201.20999999999998,
Precio a Fijar,2025-04-29,Soja,2025-05-03,259.605,
Precio a Fijar,2024-11-15,CEBADA CERV.,2025-11-30,,
Precio a Fijar,2025-04-29,Soja,2025-05-03,259.605,
Precio a Fijar,2025-04-23,Soja,2025-04-30,,251.94
Precio a Fijar,2024-12-02,CEBADA CERV.,2025-11-30,,
Precio a Fijar,2024-12-02,CEBADA CERV.,2025-11-30,,
Precio a Fijar,2024-11-11,CEBADA CERV.,2025-11-30,,
Precio a Fijar,2024-10-29,CEBADA CERV.,2025-11-30,,
Precio a Fijar,2024-12-02,CEBADA CERV.,2025-11-30,,
Precio Hecho,2025-04-28,Trigo,2025-05-28,199.49,198.28
Precio a Fijar,2024-12-13,CEBADA CERV.,2025-11-30,,
Precio a Fijar,2025-04-28,Soja,2025-05-28,285.395,267.24
Precio Hecho,2025-04-28,Soja,2025-04-28,285.395,285.395
Precio a Fijar,2025-02-17,CEBADA CERV.,2025-11-30,,
Precio a Fijar,2025-04-29,Maiz,2025-05-28,196.565,181.03
Precio a Fijar,2025-04-28,Soja,2025-05-05,285.395,257.5
Precio a Fijar,2025-04-28,Soja,2025-05-28,285.395,267.24
Precio a Fijar,2025-04-28,Maiz,2025-05-28,197.285,181.03
Precio a Fijar,2025-04-29,Soja,2025-05-28,259.605,267.24
Precio a Fijar,2025-04-29,Soja,2025-05-28,259.605,267.24
Precio a Fijar,2025-04-28,Soja,2025-05-28,285.395,267.24
Precio a Fijar,2024-11-21,CEBADA CERV.,2025-11-30,,
Precio a Fijar,2024-11-11,CEBADA CERV.,2025-11-30,,
Precio Hecho,2025-04-29,Soja,2025-04-29,259.605,259.605
Precio Hecho,2024-11-29,Soja,2025-04-30,289.67,251.94
Precio Hecho,2025-04-28,Trigo,2025-05-28,199.49,198.28
Precio Hecho,2025-04-28,Soja,2025-05-28,285.395,267.24
Precio a Fijar,2025-04-28,Soja,2025-05-28,285.395,267.24
Precio a Fijar,2024-05-24,Soja,2024-05-24,319.70500000000004,319.70500000000004
Precio a Fijar,2024-05-24,Soja,2024-05-24,319.70500000000004,319.70500000000004
Precio a Fijar,2025-04-23,Soja,2025-04-23,,
Precio a Fijar,2025-04-23,Soja,2025-04-23,,
Precio Hecho,2025-04-29,Soja,2025-04-29,259.605,259.605
Precio Hecho,2025-04-28,Soja,2025-05-08,285.395,268.56
Precio Hecho,2025-04-24,Maiz,2025-05-04,189.415,
Precio Hecho,2025-04-24,Soja,2025-05-04,268.31,
Precio Hecho,2025-04-25,Soja,2025-05-05,266.495,257.5
Precio Hecho,2025-04-25,Soja,2025-05-05,266.495,257.5
Precio Hecho,2025-04-25,Soja,2025-05-05,266.495,257.5
Precio Hecho,2025-04-25,Soja,2025-05-05,266.495,257.5
Precio Hecho,2025-04-24,Soja,2025-05-04,268.31,
Precio Hecho,2025-04-24,Soja,2025-05-04,268.31,
Precio Hecho,2025-04-29,Soja,2025-04-29,259.605,259.605
Precio Hecho,2025-04-23,Maiz,2025-05-03,,
Precio Hecho,2025-04-29,Soja,2025-04-29,259.605,259.605
Precio Hecho,2025-04-29,Maiz,2025-04-29,196.565,196.565
Precio Hecho,2025-04-23,Soja,2025-05-03,,
Precio Hecho,2025-04-23,Soja,2025-05-03,,
Precio Hecho,2025-04-23,Soja,2025-05-03,,
Precio Hecho,2025-04-23,Soja,2025-05-03,,
Precio Hecho,2025-04-23,Soja,2025-05-03,,
Precio Hecho,2025-04-23,Soja,2025-05-03,,
Precio Hecho,2025-04-23,Soja,2025-05-03,,
Precio Hecho,2025-04-23,Soja,2025-05-03,,
Precio Hecho,2025-04-23,Soja,2025-05-03,,
Precio Hecho,2025-04-29,ARROZ C.L.F,2025-04-29,,
Precio Hecho,2025-04-23,Maiz,2025-05-03,,
Precio Hecho,2025-04-23,Soja,2025-05-03,,
Precio Hecho,2025-04-22,Maiz,2025-05-02,198.825,
Precio Hecho,2025-04-22,Maiz,2025-05-02,198.825,
Precio Hecho,2025-04-22,Maiz,2025-05-02,198.825,
Precio Hecho,2025-04-21,Maiz,2025-05-01,197.44,
Precio a Fijar,2025-04-28,Soja,2025-05-28,285.395,267.24
Precio a Fijar,2025-04-28,Soja,2025-05-28,285.395,267.24
Precio a Fijar,2025-04-28,Soja,2025-05-28,285.395,267.24
Precio a Fijar,2025-04-28,Soja,2025-05-28,285.395,267.24
Precio a Fijar,2025-04-28,Soja,2025-05-28,285.395,267.24
Precio a Fijar,2025-04-28,Soja,2025-05-28,285.395,267.24
Precio a Fijar,2025-04-28,Soja,2025-05-28,285.395,267.24
Precio a Fijar,2025-04-28,Soja,2025-05-28,285.395,267.24
Precio a Fijar,2025-04-28,Maiz,2025-11-30,197.285,
Precio a Fijar,2025-04-28,Maiz,2025-11-30,197.285,
Precio a Fijar,2025-04-28,Soja,2025-05-28,285.395,267.24
Precio a Fijar,2025-04-28,Soja,2025-05-28,285.395,267.24
Precio a Fijar,2025-04-28,Soja,2025-05-28,285.395,267.24
Precio Hecho,2025-04-28,Trigo,2025-04-28,199.49,199.49
Precio a Fijar,2025-03-26,Soja,2025-03-31,317.24,319.37
Precio a Fijar,2025-01-28,Soja,2025-04-30,294.96,251.94
Precio a Fijar,2025-01-28,Soja,2025-03-31,294.96,319.37
Precio a Fijar,2025-01-02,Soja,2025-04-15,280.87,275.0
Precio a Fijar,2024-10-17,Soja,2024-10-31,311.56,306.37
Precio a Fijar,2024-11-04,Soja,2025-04-30,309.91,251.94
Precio Hecho,2025-04-28,Trigo,2025-04-28,199.49,199.49
Precio Hecho,2025-04-28,Trigo,2025-05-28,199.49,198.28
Precio Hecho,2025-04-25,Maiz,2025-05-28,199.23,181.03
Precio Hecho,2025-04-25,Trigo,2025-05-28,204.75,198.28
Precio Hecho,2025-04-25,Trigo,2025-05-28,204.75,198.28
Precio Hecho,2025-04-24,Soja,2025-05-28,268.31,267.24
Precio Hecho,2025-04-23,Soja,2025-05-28,,267.24
Precio Hecho,2025-04-22,Soja,2025-05-28,275.82,267.24
Precio Hecho,2025-04-21,Soja,2025-05-28,273.08,267.24
Precio Hecho,2025-04-21,Soja,2025-05-28,273.08,267.24
Precio Hecho,2025-03-31,Maiz,2025-04-25,202.515,199.23
Precio Hecho,2025-03-31,Maiz,2025-04-25,202.515,199.23
Precio a Fijar,2025-04-28,Soja,2025-05-31,285.395,
Precio Hecho,2025-03-31,Maiz,2025-04-25,202.515,199.23
Precio a Fijar,2025-04-28,Soja,2025-05-31,285.395,
Precio a Fijar,2025-04-28,Maiz,2025-05-31,197.285,
Precio Hecho,2025-04-28,Maiz,2025-05-15,197.285,183.48000000000002
Precio Hecho,2025-04-28,ACEITE SOJA,2025-05-28,,
Precio Hecho,2025-04-28,ACEITE SOJA,2025-05-28,,
Precio Hecho,2025-04-28,ACEITE SOJA,2025-04-28,,
Precio Hecho,2025-04-28,ACEITE SOJA,2025-04-28,,
Precio Hecho,2025-04-28,Girasol,2025-05-28,297.71,347.24
Precio Hecho,2025-04-28,Soja,2025-05-28,285.395,267.24
Precio Hecho,2025-04-28,Trigo,2025-05-28,199.49,198.28
Precio a Fijar,2024-07-01,Soja,2024-08-01,,287.6033333333333
Precio a Fijar,2025-04-14,Soja,2025-05-14,275.46,271.12
Precio a Fijar,2025-04-09,Soja,2025-05-09,300.77,272.855
Precio a Fijar,2025-04-09,Soja,2025-05-09,300.77,272.855
Precio a Fijar,2025-04-07,Soja,2025-05-07,288.1,268.21000000000004
Precio a Fijar,2025-04-03,Soja,2025-05-03,293.02,
Precio a Fijar,2025-02-13,Soja,2025-05-15,307.26,269.255
Precio a Fijar,2024-12-23,Maiz,2025-04-30,180.845,194.185
Precio a Fijar,2025-01-06,Trigo,2025-01-31,603.9575,201.2025
Precio a Fijar,2025-01-29,Trigo,2025-02-28,198.4775,
Precio a Fijar,2025-04-07,Soja,2025-05-07,288.1,268.21000000000004
Precio a Fijar,2025-04-07,Soja,2025-05-07,288.1,268.21000000000004
Precio a Fijar,2025-04-07,Soja,2025-05-07,288.1,268.21000000000004
Precio a Fijar,2025-04-14,Soja,2025-05-14,275.46,271.12
Precio a Fijar,2025-04-14,Soja,2025-05-14,275.46,271.12
Precio a Fijar,2025-04-25,Soja,2025-04-30,266.495,251.94
Precio a Fijar,2024-05-10,Soja,2024-06-10,160.10999999999999,315.96500000000003
Precio a Fijar,2025-04-28,Soja,2025-05-28,285.395,267.24
Precio a Fijar,2025-03-18,Soja,2025-04-30,304.02,251.94
Precio a Fijar,2025-04-24,Soja,2025-04-28,268.31,285.395
Precio a Fijar,2025-04-22,Soja,2025-04-28,275.82,285.395
Precio a Fijar,2025-01-21,Soja,2025-01-31,279.85,299.0
Precio a Fijar,2025-04-23,Soja,2025-04-29,,259.605
Precio a Fijar,2025-04-22,Soja,2025-04-28,275.82,285.395
Precio a Fijar,2025-04-22,Soja,2025-04-28,275.82,285.395
Precio a Fijar,2025-04-22,Soja,2025-04-28,275.82,285.395
Precio a Fijar,2025-04-21,Soja,2025-04-28,273.08,285.395
Precio a Fijar,2025-04-21,Soja,2025-04-28,273.08,285.395
Precio a Fijar,2025-01-10,Soja,2025-04-30,281.39,251.94
Precio Hecho,2025-04-28,Soja,2025-05-08,285.395,268.56
Precio Hecho,2025-04-28,Soja,2025-05-08,285.395,268.56
Precio Hecho,2025-04-28,Maiz,2025-04-30,197.285,194.185
Precio Hecho,2025-04-28,Soja,2025-05-28,285.395,267.24
Precio Hecho,2025-04-28,Soja,2025-05-15,285.395,269.255
Precio Hecho,2025-04-28,Soja,2025-05-28,285.395,267.24
Precio Hecho,2025-04-28,Maiz,2025-05-28,197.285,181.03
Precio Hecho,2025-04-28,Soja,2025-05-16,285.395,270.32
Precio Hecho,2025-04-28,Soja,2025-05-14,285.395,271.12
Precio Hecho,2025-04-28,Soja,2025-05-15,285.395,269.255
Precio a Fijar,2025-04-28,Soja,2025-05-28,285.395,267.24
Precio a Fijar,2025-04-28,Soja,2025-05-28,285.395,267.24
Precio a Fijar,2025-04-28,Soja,2025-05-28,285.395,267.24
Precio a Fijar,2025-04-28,Soja,2025-05-28,285.395,267.24
Precio a Fijar,2025-04-28,Soja,2025-05-28,285.395,267.24
Precio a Fijar,2025-04-28,Soja,2025-05-28,285.395,267.24
Precio Hecho,2025-04-28,Trigo,2025-05-28,199.49,198.28
Precio a Fijar,2025-04-28,Maiz,2025-05-28,197.285,181.03
Precio a Fijar,2025-04-14,Soja,2025-12-31,275.46,
Precio a Fijar,2025-04-14,Soja,2025-12-31,275.46,
Precio Hecho,2025-04-28,Maiz,2025-05-28,197.285,181.03
Precio a Fijar,2025-04-28,Soja,2025-05-28,285.395,267.24
Precio a Fijar,2025-04-28,Maiz,2025-05-28,197.285,181.03
Precio Hecho,2025-04-28,Maiz,2025-05-28,197.285,181.03
Precio Hecho,2025-04-28,Maiz,2025-05-27,197.285,182.35
Precio Hecho,2025-04-28,Maiz,2025-05-27,197.285,182.35
Precio a Fijar,2025-04-22,Soja,2025-05-22,275.82,274.77
Precio Hecho,2025-04-28,Maiz,2025-04-29,197.285,196.565
Precio Hecho,2025-04-28,Soja,2025-04-28,285.395,285.395
Precio Hecho,2025-04-28,Maiz,2025-05-27,197.285,182.35
Precio a Fijar,2025-03-10,Girasol,2025-03-31,328.935,304.145
Precio a Fijar,2025-04-28,Soja,2025-04-30,285.395,251.94
Precio a Fijar,2025-04-28,Soja,2025-05-28,285.395,267.24
Precio a Fijar,2025-04-28,Soja,2025-05-28,285.395,267.24
Precio a Fijar,2025-04-28,Soja,2025-05-28,285.395,267.24
Precio a Fijar,2025-04-28,Soja,2025-05-28,285.395,267.24
Precio a Fijar,2025-04-28,Soja,2025-05-28,285.395,267.24
Precio a Fijar,2025-04-28,Soja,2025-05-28,285.395,267.24
Precio a Fijar,2025-04-25,Trigo,2025-05-11,204.75,
Precio a Fijar,2025-04-28,Soja,2025-05-28,285.395,267.24
Precio a Fijar,2025-04-28,Soja,2025-05-28,285.395,267.24
Precio a Fijar,2025-04-28,Soja,2025-05-28,285.395,267.24
Precio a Fijar,2025-04-28,Soja,2025-05-28,285.395,267.24
Precio Hecho,2025-04-28,Girasol,2025-05-28,297.71,347.24
Precio Hecho,2025-04-25,Trigo,2025-04-25,204.75,204.75
Precio a Fijar,2025-04-28,Soja,2025-07-31,285.395,
Precio a Fijar,2024-09-13,Maiz,2025-03-31,176.40333333333334,202.515
Precio Hecho,2025-04-28,Maiz,2025-04-30,197.285,194.185
Precio Hecho,2025-04-28,Maiz,2025-04-30,197.285,194.185
Precio Hecho,2025-04-28,Maiz,2025-04-30,197.285,194.185
Precio Hecho,2025-04-28,Maiz,2025-05-28,197.285,181.03
Precio a Fijar,2025-04-15,Maiz,2025-04-19,197.92,
Precio a Fijar,2025-03-26,Maiz,2025-03-29,202.94,
Precio a Fijar,2025-04-21,Maiz,2025-04-26,197.44,
Precio a Fijar,2025-04-15,Maiz,2025-04-19,197.92,
Precio a Fijar,2025-01-07,Trigo,2025-02-07,185.6925,208.905
Precio Hecho,2025-04-28,Soja,2025-05-28,285.395,267.24
Precio Hecho,2025-04-28,Maiz,2025-05-05,197.285,186.375
Precio Hecho,2025-04-28,Trigo,2025-04-29,199.49,201.20999999999998
Precio Hecho,2025-04-26,Maiz,2025-04-26,,
Precio Hecho,2025-04-28,Soja,2025-04-29,285.395,259.605
Precio a Fijar,2025-04-28,Soja,2025-05-28,285.395,267.24
Precio a Fijar,2025-04-28,Soja,2025-05-28,285.395,267.24
Precio a Fijar,2025-04-28,Soja,2025-05-28,285.395,267.24
Precio a Fijar,2025-04-28,Soja,2025-05-28,285.395,267.24
Precio a Fijar,2025-04-28,Soja,2025-05-28,285.395,267.24
Precio a Fijar,2025-04-28,Soja,2025-05-28,285.395,267.24
Precio a Fijar,2025-04-28,Soja,2025-05-28,285.395,267.24
Precio a Fijar,2025-04-28,Soja,2025-05-28,285.395,267.24
Precio a Fijar,2025-04-28,Trigo,2025-11-30,199.49,
Precio a Fijar,2025-04-28,Soja,2025-05-28,285.395,267.24
Precio a Fijar,2025-04-28,Trigo,2025-12-31,199.49,
Precio a Fijar,2025-04-28,Soja,2025-05-28,285.395,267.24
Precio a Fijar,2025-04-28,Soja,2025-05-28,285.395,267.24
Precio a Fijar,2025-04-28,Soja,2025-05-28,285.395,267.24
Precio a Fijar,2025-04-28,Soja,2025-05-28,285.395,267.24
Precio a Fijar,2025-04-28,Soja,2025-05-28,285.395,267.24
Precio a Fijar,2025-04-28,Soja,2025-05-28,285.395,267.24
Precio a Fijar,2025-04-28,Soja,2025-05-28,285.395,267.24
Precio a Fijar,2025-04-28,Trigo,2025-12-15,199.49,
Precio Hecho,2025-04-26,Maiz,2025-04-26,,
Precio Hecho,2025-04-28,Soja,2025-04-29,285.395,259.605
Precio Hecho,2025-04-28,Soja,2025-05-28,285.395,267.24
Precio a Fijar,2025-04-28,Maiz,2025-05-05,197.285,186.375
Precio Hecho,2025-04-21,Soja,2025-04-21,273.08,273.08
Precio Hecho,2025-04-28,Soja,2025-04-30,285.395,251.94
Precio Hecho,2025-04-28,Soja,2025-04-30,285.395,251.94
Precio Hecho,2025-04-28,Trigo,2025-04-28,199.49,199.49
Precio Hecho,2025-03-25,Maiz,2025-05-31,195.01,
Precio Hecho,2025-04-28,Soja,2025-04-29,285.395,259.605
Precio a Fijar,2025-04-28,Soja,2025-05-27,285.395,269.765
Precio a Fijar,2025-04-28,Soja,2025-05-28,285.395,267.24
Precio a Fijar,2025-04-28,Soja,2025-05-28,285.395,267.24
Precio a Fijar,2025-04-28,Soja,2025-05-28,285.395,267.24
Precio a Fijar,2025-04-28,Soja,2025-05-28,285.395,267.24
Precio a Fijar,2025-04-28,Soja,2025-05-28,285.395,267.24
Precio a Fijar,2025-04-28,Soja,2025-05-28,285.395,267.24
Precio Hecho,2025-04-28,Soja,2025-04-29,285.395,259.605
Precio Hecho,2025-04-28,Soja,2025-04-29,285.395,259.605
Precio Hecho,2025-04-28,Trigo,2025-04-28,199.49,199.49
Precio Hecho,2025-04-28,Soja,2025-04-29,285.395,259.605
Precio Hecho,2025-04-28,Trigo,2025-04-28,199.49,199.49
Precio Hecho,2025-04-28,Soja,2025-04-29,285.395,259.605
Precio Hecho,2025-04-28,Maiz,2025-05-28,197.285,181.03
Precio Hecho,2025-04-28,Maiz,2025-04-28,197.285,197.285
Precio Hecho,2025-04-28,Trigo,2025-04-28,199.49,199.49
Precio a Fijar,2025-04-28,Soja,2025-05-27,285.395,269.765
Precio Hecho,2025-04-28,CEBADA FORR.,2025-05-30,,
Precio Hecho,2025-04-28,CEBADA FORR.,2025-05-30,,
Precio Hecho,2025-04-28,Soja,2025-05-28,285.395,267.24
Precio Hecho,2025-04-28,Soja,2025-05-28,285.395,267.24
Precio Hecho,2025-04-28,Soja,2025-05-28,285.395,267.24
Precio Hecho,2025-04-28,Soja,2025-04-28,285.395,285.395
Precio a Fijar,2024-11-25,Trigo,2024-12-25,185.04,
Precio Hecho,2025-04-28,Soja,2025-05-28,285.395,267.24
Precio Hecho,2025-04-28,Soja,2025-05-28,285.395,267.24
Precio Hecho,2025-04-25,Girasol,2025-05-25,297.625,
Precio Hecho,2025-04-28,Soja,2025-05-28,285.395,267.24
Precio Hecho,2025-04-25,Trigo,2025-05-25,204.75,
Precio a Fijar,2025-04-28,Soja,2025-04-30,285.395,251.94
Precio Hecho,2025-04-28,Soja,2025-05-07,285.395,268.21000000000004
Precio Hecho,2025-04-28,Maiz,2025-05-28,197.285,181.03
Precio a Fijar,2024-10-15,Trigo,2025-10-31,,189.79999999999998
Precio Hecho,2025-04-28,Soja,2025-05-07,285.395,268.21000000000004
Precio Hecho,2025-04-28,Soja,2025-05-28,285.395,267.24
Precio Hecho,2025-04-28,Soja,2025-05-28,285.395,267.24
Precio Hecho,2025-04-28,ARROZ C.L.F,2025-04-28,,
Precio a Fijar,2025-04-28,Soja,2025-05-28,285.395,267.24
Precio Hecho,2025-04-28,Soja,2025-04-28,285.395,285.395
Precio Hecho,2025-04-28,Maiz,2025-05-31,197.285,
Precio Hecho,2025-04-28,Soja,2025-04-28,285.395,285.395
Precio a Fijar,2025-04-21,Soja,2025-05-21,273.08,273.605
Precio Hecho,2025-04-28,Soja,2025-04-28,285.395,285.395
Precio Hecho,2025-04-28,Soja,2025-04-28,285.395,285.395
Precio Hecho,2025-04-25,Soja,2025-04-25,266.495,266.495
Precio Hecho,2025-04-28,Maiz,2025-04-28,197.285,197.285
Precio a Fijar,2025-04-28,Soja,2025-05-28,285.395,267.24
Precio a Fijar,2025-04-28,Soja,2025-05-28,285.395,267.24
Precio a Fijar,2025-04-28,Soja,2025-05-28,285.395,267.24
Precio a Fijar,2025-04-28,Soja,2025-05-28,285.395,267.24
Precio a Fijar,2025-04-28,Soja,2025-05-28,285.395,267.24
Precio a Fijar,2025-04-28,Soja,2025-05-28,285.395,267.24
Precio Hecho,2025-04-28,Girasol,2025-05-28,297.71,347.24
Precio Hecho,2025-04-26,ACEITE SOJA,2025-04-26,,
Precio a Fijar,2025-03-26,Soja,2025-04-26,317.24,
Precio a Fijar,2025-03-26,Soja,2025-04-26,317.24,
Precio a Fijar,2025-03-26,Soja,2025-04-26,317.24,
Precio a Fijar,2025-03-26,Soja,2025-04-26,317.24,
Precio a Fijar,2025-03-26,Soja,2025-04-26,317.24,
Precio a Fijar,2025-03-26,Soja,2025-04-26,317.24,
Precio a Fijar,2025-03-26,Soja,2025-04-26,317.24,
Precio a Fijar,2025-03-26,Soja,2025-04-26,317.24,
Precio Hecho,2025-04-28,Soja,2025-04-28,285.395,285.395
Precio Hecho,2025-04-28,Soja,2025-05-28,285.395,267.24
Precio Hecho,2025-04-28,Soja,2025-05-28,285.395,267.24
Precio Hecho,2025-04-25,Sorgo,2025-05-25,183.84,
Precio Hecho,2025-04-25,Trigo,2025-04-25,204.75,204.75
Precio Hecho,2025-04-25,Trigo,2025-04-25,204.75,204.75
Precio Hecho,2025-04-28,Trigo,2025-05-05,199.49,194.39666666666668
Precio Hecho,2025-04-22,Trigo,2025-04-22,205.15,205.15
Precio Hecho,2025-04-28,Trigo,2025-05-08,199.49,198.38
Precio Hecho,2025-04-28,Trigo,2025-05-08,199.49,198.38
Precio Hecho,2025-04-28,Trigo,2025-05-08,199.49,198.38
Precio Hecho,2025-04-28,Soja,2025-06-30,285.395,269.66999999999996
Precio Hecho,2025-04-28,Trigo,2025-05-08,199.49,198.38
Precio Hecho,2025-04-28,Trigo,2025-05-08,199.49,198.38
Precio Hecho,2025-04-22,Trigo,2025-04-22,205.15,205.15
Precio Hecho,2025-04-22,Trigo,2025-04-22,205.15,205.15
Precio Hecho,2025-04-22,Trigo,2025-04-22,205.15,205.15
Precio Hecho,2025-04-28,ACEITE SOJA,2025-05-15,,
Precio Hecho,2025-04-25,ACEITE SOJA,2025-05-05,,
Precio Hecho,2025-04-17,Trigo,2025-04-17,,
Precio Hecho,2025-04-28,Soja,2025-05-28,285.395,267.24
Precio Hecho,2025-04-28,Soja,2025-05-28,285.395,267.24
Precio a Fijar,2025-04-28,Soja,2025-04-28,285.395,285.395
Precio a Fijar,2025-03-17,Maiz,2025-04-16,197.00666666666666,204.41
Precio a Fijar,2025-03-26,Maiz,2025-04-25,202.94,199.23
Precio a Fijar,2025-03-10,Girasol,2025-03-31,328.935,304.145
Precio a Fijar,2024-12-13,Soja,2025-05-31,285.15,
Precio a Fijar,2025-03-14,Trigo,2025-04-14,211.04500000000002,200.33
Precio a Fijar,2025-03-17,Trigo,2025-04-17,210.58,
Precio a Fijar,2025-04-28,Soja,2025-08-31,285.395,
Precio a Fijar,2025-04-28,Soja,2025-07-31,285.395,
Precio a Fijar,2025-04-28,Soja,2025-08-31,285.395,
Precio a Fijar,2025-04-28,Soja,2025-07-31,285.395,
Precio a Fijar,2025-04-28,Soja,2025-08-31,285.395,
Precio Hecho,2025-04-25,CEBADA CERV.,2025-05-25,,
Precio a Fijar,2025-04-28,Soja,2026-02-19,285.395,
Precio a Fijar,2025-04-28,Soja,2025-04-28,285.395,285.395
Precio Hecho,2025-04-28,Soja,2025-05-28,285.395,267.24
Precio a Fijar,2025-04-25,Maiz,2025-04-30,199.23,194.185
Precio a Fijar,2025-03-28,Maiz,2025-04-27,193.76,
Precio a Fijar,2025-02-21,Maiz,2025-03-15,207.4,
Precio a Fijar,2025-02-20,Maiz,2025-03-08,209.01,
Precio a Fijar,2025-02-19,Maiz,2025-03-18,207.22000000000003,197.565
Precio a Fijar,2025-02-18,Trigo,2025-03-18,209.275,211.41333333333333
Precio a Fijar,2025-01-15,Maiz,2025-03-31,195.77999999999997,202.515
Precio a Fijar,2024-10-29,Maiz,2024-11-28,,180.70666666666668
Precio a Fijar,2024-10-24,Maiz,2024-11-14,184.25,183.42333333333332
Precio Hecho,2025-04-28,Soja,2025-04-28,285.395,285.395
Precio Hecho,2025-04-28,Soja,2025-05-28,285.395,267.24
Precio Hecho,2025-04-28,Soja,2025-04-28,285.395,285.395
Precio Hecho,2025-04-21,Maiz,2025-04-28,197.44,197.285
Precio a Fijar,2024-07-18,Trigo,2025-01-31,,201.2025
Precio a Fijar,2025-04-04,Soja,2025-05-31,288.1,
Precio Hecho,2025-04-28,Soja,2025-05-28,285.395,267.24
Precio Hecho,2025-04-28,Soja,2025-04-28,285.395,285.395
Precio a Fijar,2025-03-25,Soja,2025-05-31,308.37,
Precio Hecho,2025-04-28,Maiz,2025-05-28,197.285,181.03
Precio Hecho,2025-04-28,Maiz,2025-05-28,197.285,181.03
Precio Hecho,2025-04-28,Soja,2025-04-28,285.395,285.395
Precio Hecho,2025-04-22,Maiz,2025-04-22,198.825,198.825
Precio Hecho,2025-04-24,Girasol,2025-05-24,273.1,
Precio a Fijar,2025-04-04,Soja,2025-04-30,288.1,251.94
Precio Hecho,2025-04-28,Soja,2025-04-28,285.395,285.395
Precio a Fijar,2025-04-28,Soja,2025-05-28,285.395,267.24
Precio a Fijar,2025-04-28,Soja,2025-05-31,285.395,
Precio a Fijar,2025-04-28,Maiz,2025-05-28,197.285,181.03
Precio a Fijar,2025-04-28,Soja,2025-05-28,285.395,267.24
Precio a Fijar,2025-04-28,Soja,2025-05-28,285.395,267.24
Precio a Fijar,2025-04-28,Soja,2025-05-28,285.395,267.24
Precio a Fijar,2025-04-28,Soja,2025-05-28,285.395,267.24
Precio a Fijar,2025-04-28,Soja,2025-05-28,285.395,267.24
Precio a Fijar,2025-04-28,Soja,2025-05-28,285.395,267.24
Precio a Fijar,2025-04-28,Soja,2025-05-31,285.395,
Precio a Fijar,2025-04-28,Soja,2025-05-31,285.395,
Precio Hecho,2025-04-28,Soja,2025-04-28,285.395,285.395
Precio Hecho,2025-04-28,ACEITE SOJA,2025-05-28,,
Precio Hecho,2025-04-28,Trigo,2025-05-31,199.49,
Precio Hecho,2025-04-28,Soja,2025-05-28,285.395,267.24
Precio Hecho,2025-04-28,Maiz,2025-05-20,197.285,183.815
Precio Hecho,2025-04-28,Maiz,2025-05-20,197.285,183.815
Precio Hecho,2025-04-28,Maiz,2025-05-20,197.285,183.815
Precio a Fijar,2024-06-18,Maiz,2025-05-31,183.79666666666665,
Precio a Fijar,2025-04-16,Soja,2025-05-16,279.74,270.32
Precio a Fijar,2025-03-06,Soja,2025-05-15,309.07,269.255
Precio a Fijar,2025-04-06,Maiz,2025-05-06,,189.99
Precio a Fijar,2025-03-25,Maiz,2025-03-31,195.01,202.515
Precio a Fijar,2025-03-20,Maiz,2025-04-19,196.35,
Precio a Fijar,2025-03-20,Maiz,2025-04-19,196.35,
Precio a Fijar,2025-03-17,Maiz,2025-04-16,197.00666666666666,204.41
Precio a Fijar,2025-03-11,Maiz,2025-04-10,,208.68
Precio a Fijar,2025-03-10,Maiz,2025-04-09,195.825,207.47500000000002
Precio a Fijar,2025-03-07,Maiz,2025-04-06,196.91,
Precio a Fijar,2025-03-06,Soja,2025-05-15,309.07,269.255
Precio a Fijar,2025-02-26,Maiz,2025-03-28,202.34,193.76
Precio a Fijar,2025-02-24,Maiz,2025-03-10,201.69666666666663,195.825
Precio a Fijar,2025-01-24,Maiz,2025-04-15,,197.92
Precio a Fijar,2024-12-30,Maiz,2025-03-31,185.08,202.515
Precio a Fijar,2024-12-27,Maiz,2025-04-15,185.17,197.92
Precio a Fijar,2024-12-27,Maiz,2025-04-30,185.17,194.185
Precio a Fijar,2024-12-27,Maiz,2025-03-31,185.17,202.515
Precio a Fijar,2024-12-19,Trigo,2025-01-18,190.77999999999997,
Precio a Fijar,2024-11-28,Soja,2025-05-15,290.39,269.255
Precio a Fijar,2024-11-13,Trigo,2025-01-31,187.44,201.2025
Precio a Fijar,2024-09-12,Maiz,2025-03-31,173.51999999999998,202.515
Precio a Fijar,2024-07-25,Maiz,2025-03-31,,202.515
Precio a Fijar,2024-12-27,Maiz,2025-05-31,185.17,
Precio a Fijar,2024-07-25,Maiz,2025-03-31,,202.515
Precio a Fijar,2025-04-21,Soja,2025-05-21,273.08,273.605
Precio a Fijar,2025-03-26,Soja,2025-04-25,317.24,266.495
Precio a Fijar,2025-03-26,Maiz,2025-04-25,202.94,199.23
Precio a Fijar,2025-03-25,Maiz,2025-03-31,195.01,202.515
Precio a Fijar,2025-02-26,Maiz,2025-03-07,202.34,196.91
Precio a Fijar,2025-02-12,Trigo,2025-03-13,208.12666666666667,
Precio a Fijar,2025-02-05,Trigo,2025-03-07,203.22333333333333,198.785
Precio a Fijar,2025-01-15,Trigo,2025-02-15,186.3725,
Precio a Fijar,2025-01-15,Trigo,2025-02-15,186.3725,
Precio a Fijar,2025-01-13,Maiz,2025-02-12,195.51666666666665,207.715
Precio a Fijar,2025-01-09,Soja,2025-02-08,,
Precio a Fijar,2025-01-07,Maiz,2025-02-06,1029.44,211.42333333333332
Precio a Fijar,2024-12-30,Maiz,2025-03-31,185.08,202.515
Precio a Fijar,2024-12-30,Maiz,2025-04-30,185.08,194.185
Precio a Fijar,2024-12-30,Maiz,2025-04-30,185.08,194.185
Precio a Fijar,2024-12-27,Maiz,2025-04-15,185.17,197.92
Precio a Fijar,2024-12-27,Maiz,2025-04-30,185.17,194.185
Precio a Fijar,2024-12-27,Maiz,2025-05-31,185.17,
Precio a Fijar,2024-12-27,Maiz,2025-03-31,185.17,202.515
Precio a Fijar,2024-09-26,Trigo,2024-12-15,208.4433333333333,
Precio a Fijar,2024-07-25,Maiz,2025-03-31,,202.515
Precio Hecho,2025-04-28,Soja,2025-04-28,285.395,285.395
Precio Hecho,2025-04-28,Soja,2025-04-28,285.395,285.395
Precio Hecho,2025-04-28,Maiz,2025-04-28,197.285,197.285
Precio a Fijar,2025-04-28,Soja,2025-05-31,285.395,
Precio Hecho,2025-04-28,Trigo,2025-05-31,199.49,
Precio a Fijar,2024-09-24,Maiz,2024-11-15,177.61666666666665,182.21
Precio Hecho,2025-04-28,Trigo,2025-04-29,199.49,201.20999999999998
Precio Hecho,2025-04-28,Soja,2025-05-28,285.395,267.24
Precio Hecho,2025-04-28,Maiz,2025-05-28,197.285,181.03
Precio Hecho,2025-04-28,Maiz,2025-04-28,197.285,197.285
Precio a Fijar,2025-01-17,Trigo,2025-03-15,187.625,
Precio a Fijar,2025-04-17,Soja,2025-04-30,,251.94
Precio a Fijar,2025-01-17,Trigo,2025-03-15,187.625,
Precio a Fijar,2024-12-11,Maiz,2025-03-31,181.82,202.515
Precio a Fijar,2024-12-26,Maiz,2025-04-30,185.53,194.185
Precio a Fijar,2025-04-28,Soja,2025-05-28,285.395,267.24
Precio a Fijar,2025-04-28,Soja,2025-05-28,285.395,267.24
Precio a Fijar,2025-04-28,Maiz,2025-05-28,197.285,181.03
Precio Hecho,2025-04-28,Soja,2025-05-25,285.395,
Precio Hecho,2025-04-28,Soja,2025-05-07,285.395,268.21000000000004
Precio Hecho,2025-04-25,Soja,2025-05-25,266.495,
Precio a Fijar,2025-04-17,Soja,2025-04-30,,251.94
Precio Hecho,2025-04-28,Soja,2025-04-28,285.395,285.395
Precio Hecho,2025-04-26,Soja,2025-04-26,,
Precio a Fijar,2025-03-21,Maiz,2025-04-20,202.99,
Precio Hecho,2025-04-28,Soja,2025-05-28,285.395,267.24
Precio a Fijar,2025-04-04,Maiz,2025-05-04,199.35,
Precio a Fijar,2025-03-21,Maiz,2025-04-20,202.99,
Precio Hecho,2025-04-25,Maiz,2025-05-01,199.23,
Precio Hecho,2025-04-28,ACEITE SOJA,2025-05-28,,
Precio Hecho,2025-04-28,Trigo,2025-05-05,199.49,194.39666666666668
Precio a Fijar,2025-04-11,Maiz,2025-05-11,208.72,
Precio Hecho,2025-04-25,Maiz,2025-05-01,199.23,
Precio a Fijar,2024-12-05,Trigo,2025-01-04,185.82666666666668,
Precio a Fijar,2025-04-25,Girasol,2025-06-10,297.625,297.01
Precio a Fijar,2025-04-28,Soja,2025-12-31,285.395,
Precio a Fijar,2025-04-28,Soja,2025-05-28,285.395,267.24
Precio a Fijar,2025-04-28,Soja,2025-05-28,285.395,267.24
Precio Hecho,2025-04-25,Maiz,2025-05-25,199.23,
Precio Hecho,2025-04-25,Maiz,2025-07-31,199.23,
Precio Hecho,2025-04-28,Maiz,2025-05-06,197.285,189.99
Precio a Fijar,2024-11-11,CEBADA CERV.,2025-11-30,,
Precio a Fijar,2024-11-11,CEBADA CERV.,2025-11-30,,
Precio a Fijar,2024-11-29,CEBADA CERV.,2025-11-30,,
Precio a Fijar,2025-01-07,CEBADA CERV.,2025-11-30,,
Precio Hecho,2025-04-28,Trigo,2025-05-31,199.49,
Precio a Fijar,2025-02-17,CEBADA CERV.,2025-11-30,,
Precio a Fijar,2024-10-10,Soja,2025-04-30,306.44,251.94
Precio a Fijar,2025-01-09,Soja,2025-02-09,,
Precio a Fijar,2024-11-29,CEBADA CERV.,2025-11-30,,
Precio a Fijar,2025-04-28,Soja,2025-05-28,285.395,267.24
Precio a Fijar,2025-04-28,Soja,2025-06-15,285.395,
Precio a Fijar,2025-04-28,Soja,2025-05-31,285.395,
Precio a Fijar,2025-04-28,Soja,2025-05-27,285.395,269.765
Precio a Fijar,2025-04-28,Soja,2025-05-31,285.395,
Precio a Fijar,2025-04-28,Soja,2025-05-25,285.395,
Precio a Fijar,2025-04-25,Soja,2025-06-30,266.495,269.66999999999996
Precio a Fijar,2025-04-01,Soja,2025-04-07,293.09,288.1
Precio Hecho,2025-04-21,Maiz,2025-04-28,197.44,197.285
Precio a Fijar,2025-04-25,Girasol,2025-05-25,297.625,
Precio Hecho,2025-04-28,Soja,2025-05-08,285.395,268.56
Precio Hecho,2025-04-28,Soja,2025-05-08,285.395,268.56
Precio Hecho,2025-04-21,Soja,2025-05-01,273.08,
Precio Hecho,2025-04-28,ACEITE SOJA,2025-04-28,,
Precio a Fijar,2025-04-25,Trigo,2025-04-30,204.75,
Precio a Fijar,2025-04-25,Trigo,2025-04-30,204.75,
Precio a Fijar,2025-04-25,Trigo,2025-04-30,204.75,
Precio a Fijar,2024-04-24,Soja,2025-04-30,286.44666666666666,251.94
Precio a Fijar,2025-04-26,Girasol,2025-04-30,,297.69
Precio a Fijar,2025-05-10,Soja,2025-06-09,,271.79
Precio a Fijar,2025-05-10,Soja,2025-06-09,,271.79
Precio a Fijar,2025-05-10,Soja,2025-06-09,,271.79
Precio a Fijar,2025-05-10,Soja,2025-06-09,,271.79
Precio Hecho,2025-05-10,Maiz,2025-05-16,,184.035
Precio Hecho,2025-05-10,Soja,2025-05-10,,
Precio a Fijar,2025-05-10,Soja,2025-06-09,,271.79
Precio Hecho,2025-05-10,Trigo,2025-06-10,,164.4275
Precio Hecho,2025-05-10,Trigo,2025-06-10,,164.4275
Precio Hecho,2025-05-10,ACEITE SOJA,2025-05-10,,
Precio a Fijar,2025-05-10,Soja,2025-06-09,,271.79
Precio Hecho,2025-05-10,Maiz,2025-05-30,,175.93
Precio a Fijar,2025-05-10,Soja,2025-06-11,,274.3333333333333
Precio a Fijar,2025-05-10,Soja,2025-06-09,,271.79
Precio a Fijar,2025-05-10,Trigo,2025-12-31,,
Precio a Fijar,2025-05-10,Soja,2025-06-08,,
Precio Hecho,2025-05-10,Soja,2025-05-10,,
Precio Hecho,2025-05-10,Trigo,2025-05-10,,
Precio Hecho,2025-05-09,Soja,2025-05-13,272.855,272.245
Precio a Fijar,2025-05-09,Soja,2025-11-30,272.855,
Precio a Fijar,2025-05-09,Soja,2025-11-30,272.855,
Precio a Fijar,2025-05-09,Soja,2025-11-30,272.855,
Precio a Fijar,2025-05-09,Soja,2025-06-08,272.855,
Precio a Fijar,2025-04-28,Soja,2025-05-28,285.395,267.24
Precio a Fijar,2025-04-08,Soja,2025-05-08,297.33,268.56
Precio a Fijar,2025-04-08,Soja,2025-05-08,297.33,268.56
Precio a Fijar,2025-03-11,Soja,2025-04-30,,251.94
Precio a Fijar,2025-02-06,Soja,2025-03-06,303.39,309.07
Precio a Fijar,2025-02-05,Soja,2025-05-15,303.46,269.255
Precio a Fijar,2025-01-28,Soja,2025-04-30,294.96,251.94
Precio a Fijar,2024-12-30,Soja,2025-04-30,276.16,251.94
Precio a Fijar,2024-05-02,Soja,2024-06-02,288.72333333333336,
Precio a Fijar,2024-12-10,Soja,2025-04-30,292.04,251.94
Precio a Fijar,2025-05-09,Soja,2025-06-08,272.855,
Precio a Fijar,2025-05-09,Soja,2025-06-08,272.855,
Precio a Fijar,2025-05-09,Soja,2025-06-08,272.855,
Precio a Fijar,2025-05-09,Soja,2025-06-05,272.855,
Precio a Fijar,2025-05-09,Soja,2025-06-08,272.855,
Precio Hecho,2025-05-09,Trigo,2025-05-16,194.45,196.15
Precio a Fijar,2025-05-09,Soja,2025-06-08,272.855,
Precio a Fijar,2025-05-09,Soja,2025-06-05,272.855,
Precio a Fijar,2025-05-09,Soja,2025-06-05,272.855,
Precio a Fijar,2025-05-09,Soja,2025-06-08,272.855,
Precio a Fijar,2025-05-09,Soja,2025-06-08,272.855,
Precio a Fijar,2025-05-09,Soja,2025-06-05,272.855,
Precio Hecho,2025-05-09,Trigo,2025-05-09,194.45,194.45
Precio Hecho,2025-05-09,Trigo,2025-05-09,194.45,194.45
Precio a Fijar,2025-05-09,Soja,2025-05-09,272.855,272.855
Precio Hecho,2025-05-09,Soja,2025-05-09,272.855,272.855
Precio a Fijar,2025-05-09,Soja,2025-06-08,272.855,
Precio a Fijar,2025-05-09,Soja,2025-06-05,272.855,
Precio a Fijar,2025-05-09,Soja,2025-06-30,272.855,269.66999999999996
Precio a Fijar,2025-05-09,Soja,2025-06-05,272.855,
Precio a Fijar,2025-05-09,Soja,2025-05-31,272.855,
Precio a Fijar,2025-05-09,Soja,2025-06-05,272.855,
Precio a Fijar,2025-05-09,Soja,2025-05-31,272.855,
Precio a Fijar,2025-05-09,Soja,2025-05-31,272.855,
Precio Hecho,2025-05-09,Maiz,2025-05-31,180.39499999999998,
Precio a Fijar,2025-05-09,Soja,2025-06-09,272.855,271.79
Precio a Fijar,2025-05-09,Soja,2025-06-30,272.855,269.66999999999996
Precio a Fijar,2025-05-09,Soja,2025-06-30,272.855,269.66999999999996
Precio a Fijar,2025-05-09,Soja,2025-05-31,272.855,
Precio a Fijar,2025-05-09,Soja,2025-05-31,272.855,
Precio a Fijar,2025-05-09,Soja,2025-06-30,272.855,269.66999999999996
Precio a Fijar,2025-05-09,Soja,2025-05-31,272.855,
Precio a Fijar,2025-05-09,Soja,2025-06-30,272.855,269.66999999999996
Precio a Fijar,2025-05-09,Soja,2025-06-09,272.855,271.79
Precio a Fijar,2025-05-09,Soja,2025-06-09,272.855,271.79
Precio a Fijar,2025-05-09,Soja,2025-06-09,272.855,271.79
Precio a Fijar,2025-05-09,Soja,2025-06-05,272.855,
Precio a Fijar,2025-05-09,Soja,2025-05-31,272.855,
Precio a Fijar,2025-05-09,Soja,2025-06-05,272.855,
Precio a Fijar,2025-05-09,Maiz,2025-06-09,180.39499999999998,171.45499999999998
Precio a Fijar,2025-05-09,Maiz,2025-06-09,180.39499999999998,171.45499999999998
Precio a Fijar,2025-05-09,Soja,2025-06-30,272.855,269.66999999999996
Precio a Fijar,2025-05-09,Maiz,2025-06-09,180.39499999999998,171.45499999999998
Precio Hecho,2025-05-09,Girasol,2025-06-08,300.13,
Precio Hecho,2025-05-09,Girasol,2025-06-08,300.13,
Precio a Fijar,2025-03-28,Soja,2025-04-07,,288.1
Precio a Fijar,2024-12-10,Soja,2025-04-30,292.04,251.94
Precio a Fijar,2024-12-10,Soja,2025-04-30,292.04,251.94
Precio a Fijar,2024-12-20,Soja,2025-05-15,273.17,269.255
Precio a Fijar,2024-12-19,Soja,2025-04-30,273.7,251.94
Precio a Fijar,2024-12-17,Soja,2025-04-15,279.0,275.0
Precio a Fijar,2024-12-11,Soja,2025-01-11,,
Precio a Fijar,2024-11-13,Maiz,2025-04-15,185.25333333333333,197.92
Precio Hecho,2025-05-09,Girasol,2025-06-08,300.13,
Precio Hecho,2025-05-09,Soja,2025-05-09,272.855,272.855
Precio Hecho,2025-05-07,ARROZ C.L.F,2025-05-07,,
Precio Hecho,2025-05-06,ARROZ C.L.F,2025-05-06,,
Precio Hecho,2025-05-06,ARROZ C.L.F,2025-05-06,,
Precio a Fijar,2025-05-09,Soja,2025-06-30,272.855,269.66999999999996
Precio a Fijar,2025-05-09,Soja,2025-06-30,272.855,269.66999999999996
Precio a Fijar,2025-05-09,Soja,2025-05-31,272.855,
Precio a Fijar,2025-05-09,Soja,2025-05-31,272.855,
Precio a Fijar,2025-05-09,Soja,2025-06-30,272.855,269.66999999999996
Precio a Fijar,2025-05-09,Soja,2025-05-31,272.855,
Precio a Fijar,2025-05-09,Soja,2025-06-09,272.855,271.79
Precio a Fijar,2025-05-09,Soja,2025-05-31,272.855,
Precio a Fijar,2025-05-09,Soja,2025-06-30,272.855,269.66999999999996
Precio a Fijar,2025-05-09,Soja,2025-06-30,272.855,269.66999999999996
Precio a Fijar,2025-05-09,Soja,2025-05-31,272.855,
Precio a Fijar,2025-05-09,Soja,2025-05-31,272.855,
Precio a Fijar,2025-05-09,Soja,2025-06-30,272.855,269.66999999999996
Precio a Fijar,2025-05-09,Soja,2025-05-31,272.855,
Precio a Fijar,2025-05-09,Soja,2025-06-30,272.855,269.66999999999996
Precio a Fijar,2025-05-09,Soja,2025-06-30,272.855,269.66999999999996
Precio a Fijar,2025-05-09,Soja,2025-06-09,272.855,271.79
Precio a Fijar,2024-12-20,Soja,2025-05-31,273.17,
Precio a Fijar,2024-11-12,Soja,2025-05-31,305.46,
Precio a Fijar,2024-09-09,Soja,2025-05-31,307.77,
Precio a Fijar,2024-09-03,Soja,2025-05-31,304.14,
Precio a Fijar,2024-08-27,Soja,2025-05-31,301.05,
Precio a Fijar,2024-08-21,Soja,2025-05-31,310.05,
Precio a Fijar,2024-08-16,Soja,2025-05-31,291.31500000000005,
Precio Hecho,2025-05-09,Soja,2025-05-09,272.855,272.855
Precio a Fijar,2025-05-09,Trigo,2025-06-08,194.45,
Precio a Fijar,2025-05-09,Maiz,2025-07-31,180.39499999999998,
Precio a Fijar,2025-05-09,Maiz,2025-07-31,180.39499999999998,
Precio a Fijar,2025-05-09,Maiz,2025-07-31,180.39499999999998,
Precio a Fijar,2025-05-09,Maiz,2025-07-31,180.39499999999998,
Precio a Fijar,2025-05-09,Maiz,2025-07-31,180.39499999999998,
Precio a Fijar,2025-05-09,Maiz,2025-07-31,180.39499999999998,
Precio a Fijar,2025-05-09,Maiz,2025-06-30,180.39499999999998,168.39333333333332
Precio a Fijar,2025-05-09,Maiz,2025-06-30,180.39499999999998,168.39333333333332
Precio a Fijar,2025-05-09,Maiz,2025-06-30,180.39499999999998,168.39333333333332
Precio a Fijar,2024-07-12,Soja,2025-05-31,304.125,
Precio Hecho,2025-05-09,Soja,2025-05-09,272.855,272.855
Precio a Fijar,2024-06-04,Soja,2025-05-31,312.8933333333333,
Precio Hecho,2025-05-09,Soja,2025-05-09,272.855,272.855
Precio Hecho,2025-05-09,Soja,2025-05-09,272.855,272.855
Precio a Fijar,2024-11-26,Soja,2025-05-31,292.56,
Precio a Fijar,2024-11-26,Soja,2025-05-31,292.56,
Precio a Fijar,2025-05-09,Soja,2025-06-09,272.855,271.79
Precio a Fijar,2025-05-09,Soja,2025-06-09,272.855,271.79
Precio a Fijar,2025-05-09,Soja,2025-05-31,272.855,
Precio a Fijar,2025-05-09,Soja,2025-06-09,272.855,271.79
Precio a Fijar,2025-05-09,Soja,2025-06-09,272.855,271.79
Precio a Fijar,2025-05-09,Soja,2025-05-31,272.855,
Precio a Fijar,2025-05-09,Soja,2025-05-31,272.855,
Precio a Fijar,2025-05-09,Soja,2025-06-30,272.855,269.66999999999996
Precio a Fijar,2025-05-09,Soja,2025-05-31,272.855,
Precio a Fijar,2025-05-09,Soja,2025-05-31,272.855,
Precio a Fijar,2025-05-09,Soja,2025-06-30,272.855,269.66999999999996
Precio a Fijar,2025-05-09,Soja,2025-06-30,272.855,269.66999999999996
Precio a Fijar,2025-04-08,Soja,2025-05-08,297.33,268.56
Precio a Fijar,2024-09-03,Soja,2025-05-31,304.14,
Precio a Fijar,2025-04-08,Soja,2025-05-08,297.33,268.56
Precio a Fijar,2025-03-17,Soja,2025-05-31,300.42,
Precio a Fijar,2024-09-03,Soja,2024-10-03,304.14,
Precio a Fijar,2024-09-03,Soja,2025-05-31,304.14,
Precio a Fijar,2025-01-30,Soja,2025-05-15,299.43,269.255
Precio a Fijar,2025-01-30,Soja,2025-05-15,299.43,269.255
Precio Hecho,2025-05-09,Trigo,2025-06-08,194.45,
Precio a Fijar,2024-08-14,Soja,2025-05-31,279.8433333333333,
Precio a Fijar,2024-08-14,Soja,2025-05-31,279.8433333333333,
Precio a Fijar,2024-07-25,Soja,2025-05-31,,
Precio a Fijar,2024-07-25,Soja,2025-05-31,,
Precio a Fijar,2024-07-25,Soja,2025-05-31,,
Precio Hecho,2025-05-09,Soja,2025-06-08,272.855,
Precio a Fijar,2024-04-11,Soja,2025-05-31,,
Precio a Fijar,2024-04-11,Soja,2025-05-31,,
Precio a Fijar,2025-05-09,Soja,2025-05-31,272.855,
Precio a Fijar,2025-05-09,Soja,2025-05-31,272.855,
Precio a Fijar,2025-05-09,Soja,2025-05-09,272.855,272.855
Precio a Fijar,2025-05-09,Soja,2025-06-09,272.855,271.79
Precio a Fijar,2025-05-09,Soja,2025-06-09,272.855,271.79
Precio a Fijar,2025-05-09,Soja,2025-05-31,272.855,
Precio a Fijar,2025-05-09,Soja,2025-06-09,272.855,271.79
Precio a Fijar,2025-05-09,Soja,2025-06-09,272.855,271.79
Precio a Fijar,2025-05-09,Soja,2025-05-31,272.855,
Precio a Fijar,2025-05-09,Soja,2025-06-08,272.855,
Precio a Fijar,2025-05-09,Soja,2025-06-08,272.855,
Precio a Fijar,2025-05-09,Soja,2025-06-08,272.855,
Precio a Fijar,2025-05-09,Soja,2025-06-08,272.855,
Precio a Fijar,2025-05-09,Soja,2025-06-08,272.855,
Precio Hecho,2025-05-09,Soja,2025-06-08,272.855,
Precio Hecho,2025-05-09,ACEITE SOJA,2025-06-08,,
Precio a Fijar,2024-10-18,Maiz,2025-05-31,181.14000000000001,
Precio a Fijar,2024-09-03,Maiz,2025-05-31,177.24333333333334,
Precio a Fijar,2025-05-08,Soja,2025-05-31,268.56,
Precio a Fijar,2024-08-14,Maiz,2025-05-31,172.69,
Precio a Fijar,2024-07-22,Maiz,2025-05-31,173.32333333333335,
Precio a Fijar,2024-05-24,CEBADA CERV.,2024-06-30,,
Precio Hecho,2025-05-06,Soja,2025-05-06,264.45,264.45
Precio Hecho,2025-05-06,Soja,2025-05-06,264.45,264.45
Precio Hecho,2025-05-08,Soja,2025-05-08,268.56,268.56
Precio Hecho,2025-05-08,Sorgo,2025-05-08,,
Precio Hecho,2025-05-09,Soja,2025-05-09,272.855,272.855
Precio a Fijar,2025-05-09,Soja,2025-05-31,272.855,
Precio a Fijar,2025-05-09,Soja,2025-05-31,272.855,
Precio a Fijar,2025-05-09,Soja,2025-05-09,272.855,272.855
Precio a Fijar,2024-06-28,Maiz,2025-04-30,174.89,194.185
Precio a Fijar,2024-06-28,Maiz,2025-04-30,174.89,194.185
Precio a Fijar,2025-05-03,Maiz,2025-05-07,,186.27666666666667
Precio a Fijar,2025-05-02,Maiz,2025-05-07,,186.27666666666667
Precio a Fijar,2024-09-13,Maiz,2025-03-31,176.40333333333334,202.515
Precio a Fijar,2024-08-06,Maiz,2025-03-31,170.79500000000002,202.515
Precio a Fijar,2025-05-09,Soja,2025-06-30,272.855,269.66999999999996
Precio a Fijar,2025-05-09,Soja,2025-06-30,272.855,269.66999999999996
Precio Hecho,2025-05-09,Trigo,2026-06-08,194.45,
Precio Hecho,2025-05-09,Trigo,2025-05-16,194.45,196.15
Precio Hecho,2025-05-09,Trigo,2025-06-08,194.45,
Precio Hecho,2025-05-09,Soja,2025-05-09,272.855,272.855
Precio Hecho,2025-05-09,Trigo,2025-06-08,194.45,
Precio Hecho,2025-05-09,Soja,2025-05-09,272.855,272.855
Precio Hecho,2025-05-09,Soja,2025-05-09,272.855,272.855
Precio a Fijar,2024-06-11,Soja,2024-06-11,316.3,316.3
Precio Hecho,2025-05-09,Soja,2025-05-09,272.855,272.855
Precio Hecho,2025-05-09,Soja,2025-05-09,272.855,272.855
Precio Hecho,2025-05-09,Soja,2025-05-09,272.855,272.855
Precio Hecho,2025-05-09,Soja,2025-05-09,272.855,272.855
Precio a Fijar,2025-05-08,Soja,2025-06-08,268.56,
Precio Hecho,2025-05-09,Soja,2025-05-09,272.855,272.855
Precio Hecho,2025-05-09,Soja,2025-05-09,272.855,272.855
Precio Hecho,2025-05-09,Soja,2025-05-09,272.855,272.855
Precio Hecho,2025-05-09,Soja,2025-05-09,272.855,272.855
Precio Hecho,2025-05-09,Soja,2025-05-09,272.855,272.855
Precio Hecho,2025-05-09,Trigo,2025-06-08,194.45,
Precio Hecho,2025-05-09,Soja,2025-05-09,272.855,272.855
Precio a Fijar,2025-05-08,Soja,2025-05-12,268.56,275.315
Precio Hecho,2025-05-09,Maiz,2025-05-09,180.39499999999998,180.39499999999998
Precio Hecho,2025-04-29,Maiz,2025-05-02,196.565,
Precio Hecho,2025-05-09,Trigo,2025-06-08,194.45,
Precio Hecho,2025-05-09,Soja,2025-06-08,272.855,
Precio Hecho,2025-04-29,Maiz,2025-05-02,196.565,
Precio Hecho,2025-05-09,Soja,2025-05-09,272.855,272.855
Precio Hecho,2025-05-09,Soja,2025-06-08,272.855,
Precio Hecho,2025-05-09,Trigo,2025-05-30,194.45,198.48
Precio Hecho,2025-05-09,Soja,2025-05-09,272.855,272.855
Precio Hecho,2025-05-09,Trigo,2025-05-15,194.45,192.89
Precio a Fijar,2025-04-29,Soja,2025-05-03,259.605,
Precio Hecho,2025-05-09,Soja,2025-05-09,272.855,272.855
Precio a Fijar,2025-05-09,Soja,2025-06-08,272.855,
Precio a Fijar,2025-05-09,Soja,2025-05-31,272.855,
Precio Hecho,2025-05-09,Soja,2025-06-08,272.855,
Precio Hecho,2025-05-09,Trigo,2025-05-09,194.45,194.45
Precio Hecho,2025-05-09,Trigo,2025-05-09,194.45,194.45
Precio Hecho,2025-05-09,Trigo,2025-05-09,194.45,194.45
Precio a Fijar,2025-04-21,Maiz,2025-04-30,197.44,194.185
Precio a Fijar,2025-03-28,Maiz,2025-04-27,193.76,
Precio a Fijar,2025-02-20,Trigo,2025-03-31,210.505,218.81
Precio Hecho,2025-05-06,Soja,2025-06-07,264.45,
Precio a Fijar,2025-05-08,Soja,2025-05-12,268.56,275.315
Precio Hecho,2025-05-09,Trigo,2025-05-10,194.45,
Precio a Fijar,2025-05-08,Soja,2025-05-08,268.56,268.56
Precio Hecho,2025-05-09,Soja,2025-05-16,272.855,270.32
Precio Hecho,2025-05-09,Soja,2025-05-16,272.855,270.32
Precio a Fijar,2025-05-08,Soja,2025-05-31,268.56,
Precio a Fijar,2024-11-06,Trigo,2024-12-05,193.07,185.82666666666668
Precio a Fijar,2024-11-06,Trigo,2024-12-05,193.07,185.82666666666668
Precio a Fijar,2024-11-06,Trigo,2024-12-05,193.07,185.82666666666668
Precio a Fijar,2024-12-08,Trigo,2025-01-08,,187.215
Precio Hecho,2025-05-09,Trigo,2025-06-09,194.45,197.975
Precio Hecho,2025-05-09,Trigo,2025-06-08,194.45,
Precio a Fijar,2024-12-04,Trigo,2025-01-03,187.56,187.5175
Precio Hecho,2025-05-09,Trigo,2025-06-08,194.45,
Precio Hecho,2025-05-09,Soja,2025-05-09,272.855,272.855
Precio Hecho,2025-05-09,Trigo,2025-06-08,194.45,
Precio Hecho,2025-05-09,Trigo,2025-06-08,194.45,
Precio Hecho,2025-05-08,Trigo,2025-05-15,198.38,192.89
Precio Hecho,2025-05-09,Maiz,2025-05-09,180.39499999999998,180.39499999999998
Precio a Fijar,2025-05-05,Maiz,2025-05-10,186.375,
Precio a Fijar,2025-04-11,Soja,2025-04-30,306.12,251.94
Precio Hecho,2025-05-09,Soja,2025-05-09,272.855,272.855
Precio Hecho,2025-05-09,Trigo,2025-05-09,194.45,194.45
Precio a Fijar,2025-05-08,Soja,2025-06-08,268.56,
Precio a Fijar,2025-05-08,Soja,2025-05-31,268.56,
Precio a Fijar,2024-10-24,Trigo,2024-12-15,181.42666666666665,
Precio Hecho,2025-05-08,Trigo,2025-05-15,198.38,192.89
Precio Hecho,2025-02-14,Girasol,2025-03-14,348.97,313.615
Precio Hecho,2025-02-04,Soja,2025-05-31,303.53,
Precio a Fijar,2024-11-29,CEBADA CERV.,2025-11-30,,
Precio Hecho,2025-05-09,Trigo,2025-05-16,194.45,196.15
Precio a Fijar,2024-06-04,CEBADA CERV.,2024-12-31,,
Precio a Fijar,2024-11-11,CEBADA CERV.,2025-11-30,,
Precio a Fijar,2024-11-11,CEBADA CERV.,2025-11-30,,
Precio Hecho,2025-05-09,Maiz,2025-06-09,180.39499999999998,171.45499999999998
Precio a Fijar,2025-03-14,Trigo,2025-03-18,211.04500000000002,211.41333333333333
Precio a Fijar,2024-11-05,Soja,2025-05-31,,
Precio Hecho,2025-05-09,Soja,2025-05-09,272.855,272.855
Precio Hecho,2025-05-09,Soja,2025-05-09,272.855,272.855
Precio Hecho,2025-05-08,CEBADA CERV.,2025-09-30,,
Precio a Fijar,2025-04-28,Soja,2025-05-31,285.395,
Precio a Fijar,2025-05-02,Soja,2025-06-01,,
Precio a Fijar,2025-04-30,Maiz,2025-05-30,194.185,175.93
Precio a Fijar,2025-04-30,Maiz,2025-05-30,194.185,175.93
Precio a Fijar,2025-04-30,Soja,2025-05-30,251.94,269.36
Precio a Fijar,2025-04-29,Soja,2025-05-29,259.605,267.955
Precio a Fijar,2025-04-29,Maiz,2025-05-28,196.565,181.03
Precio a Fijar,2025-04-28,Soja,2025-05-31,285.395,
Precio a Fijar,2025-04-28,Soja,2025-05-31,285.395,
Precio a Fijar,2025-04-24,Soja,2025-05-24,268.31,
Precio a Fijar,2025-04-23,Soja,2025-05-23,,269.57
Precio a Fijar,2025-04-21,Soja,2025-05-21,273.08,273.605
Precio a Fijar,2025-04-19,Maiz,2025-05-19,,181.315
Precio a Fijar,2025-04-16,Soja,2025-05-31,279.74,
Precio a Fijar,2025-04-15,Maiz,2025-05-15,197.92,183.48000000000002
Precio a Fijar,2025-04-15,Soja,2025-05-14,275.0,271.12
Precio a Fijar,2025-04-14,Soja,2025-05-14,275.46,271.12
Precio a Fijar,2025-04-08,Maiz,2025-04-30,205.81,194.185
Precio a Fijar,2025-04-06,Soja,2025-05-06,,264.45
Precio a Fijar,2025-03-25,Maiz,2025-04-24,195.01,189.415
Precio a Fijar,2025-01-06,Maiz,2025-02-05,185.32,212.89499999999998
Precio a Fijar,2024-12-30,Maiz,2025-04-30,185.08,194.185
Precio a Fijar,2024-12-30,Maiz,2025-05-31,185.08,
Precio a Fijar,2024-12-30,Maiz,2025-04-30,185.08,194.185
Precio a Fijar,2024-12-30,Maiz,2025-05-31,185.08,
Precio a Fijar,2024-12-27,Maiz,2025-04-30,185.17,194.185
Precio a Fijar,2024-12-27,Maiz,2025-04-30,185.17,194.185
Precio a Fijar,2024-12-27,Maiz,2025-04-15,185.17,197.92
Precio a Fijar,2024-12-05,Trigo,2025-01-04,185.82666666666668,
Precio a Fijar,2025-04-28,Soja,2025-05-31,285.395,
Precio Hecho,2025-05-08,CEBADA CERV.,2025-09-30,,
Precio Hecho,2025-05-07,CEBADA CERV.,2025-09-30,,
Precio Hecho,2025-05-09,Maiz,2025-06-08,180.39499999999998,
Precio a Fijar,2025-05-06,Soja,2025-06-05,264.45,
Precio a Fijar,2025-05-02,Soja,2025-06-01,,
Precio a Fijar,2025-05-07,Soja,2025-06-06,268.21000000000004,268.9733333333333
Precio a Fijar,2025-05-06,Soja,2025-06-05,264.45,
Precio a Fijar,2025-05-02,Soja,2025-06-01,,
Precio a Fijar,2025-04-29,Soja,2025-05-31,259.605,
Precio a Fijar,2025-04-28,Soja,2025-05-28,285.395,267.24
Precio a Fijar,2025-04-23,Maiz,2025-04-24,,189.415
Precio a Fijar,2025-04-22,Soja,2025-05-22,275.82,274.77
Precio a Fijar,2025-04-22,Soja,2025-05-22,275.82,274.77
Precio a Fijar,2025-04-22,Soja,2025-05-22,275.82,274.77
Precio a Fijar,2025-04-16,Soja,2025-05-31,279.74,
Precio a Fijar,2025-03-19,Soja,2025-04-18,306.15,
Precio a Fijar,2025-03-19,Soja,2025-04-18,306.15,
Precio a Fijar,2025-03-18,Maiz,2025-03-22,197.565,
Precio a Fijar,2025-03-14,Soja,2025-04-13,299.49,
Precio a Fijar,2025-03-06,Soja,2025-05-15,309.07,269.255
Precio a Fijar,2025-02-26,Maiz,2025-03-07,202.34,196.91
Precio a Fijar,2025-02-19,Maiz,2025-03-31,207.22000000000003,202.515
Precio a Fijar,2025-01-21,Soja,2025-02-20,279.85,313.28
Precio a Fijar,2024-12-30,Maiz,2025-04-30,185.08,194.185
Precio a Fijar,2024-12-30,Maiz,2025-04-30,185.08,194.185
Precio a Fijar,2024-12-30,Maiz,2025-03-31,185.08,202.515
Precio a Fijar,2024-12-30,Maiz,2025-04-30,185.08,194.185
Precio a Fijar,2024-12-30,Maiz,2025-03-31,185.08,202.515
Precio a Fijar,2024-12-30,Maiz,2025-04-15,185.08,197.92
Precio a Fijar,2024-12-27,Maiz,2025-04-30,185.17,194.185
Precio a Fijar,2024-10-21,Soja,2025-05-15,316.26,269.255
Precio a Fijar,2024-10-10,Soja,2025-04-30,306.44,251.94
Precio a Fijar,2024-09-16,Maiz,2024-10-16,173.87666666666667,
Precio a Fijar,2024-08-16,Soja,2025-05-31,291.31500000000005,
Precio a Fijar,2024-08-15,Maiz,2025-05-31,171.71,
Precio a Fijar,2024-07-25,Maiz,2025-04-15,,197.92
Precio a Fijar,2025-01-21,Soja,2025-02-20,279.85,313.28
Precio Hecho,2025-05-07,ACEITE SOJA,2025-05-07,,
Precio a Fijar,2025-05-06,Soja,2025-06-05,264.45,
Precio a Fijar,2025-05-06,Soja,2025-06-05,264.45,
Precio a Fijar,2025-05-06,Soja,2025-06-05,264.45,
Precio a Fijar,2025-05-06,Soja,2025-06-05,264.45,
Precio a Fijar,2025-05-05,Soja,2025-06-04,257.5,
Precio a Fijar,2025-05-05,Soja,2025-06-04,257.5,
Precio a Fijar,2025-05-05,Soja,2025-06-04,257.5,
Precio a Fijar,2025-05-02,Soja,2025-06-01,,
Precio a Fijar,2025-04-30,Maiz,2025-05-30,194.185,175.93
Precio a Fijar,2025-04-24,Soja,2025-05-24,268.31,
Precio a Fijar,2025-04-21,Soja,2025-05-21,273.08,273.605
Precio a Fijar,2025-04-21,Soja,2025-05-21,273.08,273.605
Precio a Fijar,2025-04-16,Soja,2025-05-31,279.74,
Precio a Fijar,2025-04-14,Soja,2025-05-14,275.46,271.12
Precio a Fijar,2025-04-11,Soja,2025-05-31,306.12,
Precio a Fijar,2025-04-11,Maiz,2025-05-11,208.72,
Precio a Fijar,2025-04-11,Soja,2025-04-30,306.12,251.94
Precio a Fijar,2025-04-08,Maiz,2025-04-30,205.81,194.185
Precio a Fijar,2025-04-01,Maiz,2025-05-01,201.44,
Precio a Fijar,2025-03-26,Soja,2025-04-30,317.24,251.94
Precio a Fijar,2025-02-26,Maiz,2025-03-07,202.34,196.91
Precio a Fijar,2025-02-04,Maiz,2025-02-07,213.42,208.38
Precio a Fijar,2025-01-14,Maiz,2025-04-30,195.64666666666668,194.185
Precio a Fijar,2024-12-30,Maiz,2025-03-31,185.08,202.515
Precio a Fijar,2024-12-30,Maiz,2025-05-31,185.08,
Precio a Fijar,2024-12-30,Maiz,2025-04-30,185.08,194.185
Precio a Fijar,2024-12-28,Maiz,2025-04-30,,194.185
Precio a Fijar,2024-12-27,Maiz,2025-04-30,185.17,194.185
Precio a Fijar,2024-12-27,Maiz,2025-04-30,185.17,194.185
Precio a Fijar,2024-12-27,Maiz,2025-04-30,185.17,194.185
Precio a Fijar,2024-12-05,Trigo,2025-01-04,185.82666666666668,
Precio a Fijar,2024-12-02,Trigo,2024-12-29,187.65,
Precio a Fijar,2024-11-07,Soja,2024-12-07,311.56,
Precio a Fijar,2024-11-07,Soja,2024-12-07,311.56,
Precio a Fijar,2024-10-29,Soja,2025-05-31,,
Precio a Fijar,2024-10-29,Soja,2025-05-31,,
Precio a Fijar,2024-10-17,Soja,2024-12-15,311.56,
Precio a Fijar,2024-10-15,Soja,2025-05-31,,
Precio a Fijar,2024-08-15,Maiz,2025-05-31,171.71,
Precio a Fijar,2024-07-30,Maiz,2025-05-15,168.43666666666667,183.48000000000002
Precio a Fijar,2024-07-25,Maiz,2025-04-15,,197.92
Precio a Fijar,2024-07-25,Maiz,2025-04-15,,197.92
Precio a Fijar,2024-05-27,Soja,2025-04-30,1268.42,251.94
Precio a Fijar,2024-05-24,Soja,2024-06-23,319.70500000000004,
Precio a Fijar,2024-05-21,Soja,2024-06-20,,
Precio a Fijar,2024-05-17,Soja,2024-06-16,304.75333333333333,
Precio Hecho,2025-05-08,Soja,2025-05-08,268.56,268.56
Precio a Fijar,2024-12-26,Maiz,2025-04-30,185.53,194.185
Precio a Fijar,2024-12-26,Maiz,2025-04-15,185.53,197.92
Precio a Fijar,2024-12-26,Maiz,2025-03-31,185.53,202.515
Precio a Fijar,2025-05-09,Trigo,2025-05-31,194.45,
Precio a Fijar,2025-05-09,Trigo,2025-05-31,194.45,
Precio Hecho,2025-05-09,Maiz,2025-05-09,180.39499999999998,180.39499999999998
Precio Hecho,2025-05-09,ACEITE SOJA,2025-05-09,,
Precio a Fijar,2025-01-07,Maiz,2025-05-31,1029.44,
Precio a Fijar,2025-01-06,Maiz,2025-04-30,185.32,194.185
Precio Hecho,2025-05-09,Maiz,2025-05-09,180.39499999999998,180.39499999999998
Precio a Fijar,2025-05-09,Soja,2025-06-08,272.855,
Precio a Fijar,2025-05-09,Soja,2025-06-08,272.855,
Precio a Fijar,2025-05-06,Maiz,2025-06-05,189.99,
Precio Hecho,2025-05-09,Maiz,2025-05-09,180.39499999999998,180.39499999999998
Precio a Fijar,2025-05-09,Soja,2025-06-09,272.855,271.79
Precio Hecho,2025-05-09,Maiz,2025-05-09,180.39499999999998,180.39499999999998
Precio Hecho,2025-05-05,Soja,2025-06-05,257.5,
Precio Hecho,2025-05-08,Soja,2025-06-07,268.56,
Precio Hecho,2025-05-08,Soja,2025-06-07,268.56,
Precio a Fijar,2025-05-09,Soja,2025-06-09,272.855,271.79
Precio a Fijar,2025-05-07,Soja,2025-06-07,268.21000000000004,
Precio a Fijar,2024-10-17,Trigo,2025-10-31,205.3,189.79999999999998
Precio a Fijar,2025-04-29,Soja,2025-09-30,259.605,346.1366666666666
Precio a Fijar,2024-12-09,Maiz,2025-05-31,178.06333333333336,
Precio Hecho,2025-05-09,Soja,2025-05-09,272.855,272.855
Precio Hecho,2025-05-08,Trigo,2025-06-07,198.38,
Precio a Fijar,2025-05-09,Soja,2025-06-08,272.855,
Precio a Fijar,2025-03-17,Maiz,2025-04-16,197.00666666666666,204.41
Precio Hecho,2025-05-08,Maiz,2025-06-30,183.12,168.39333333333332
Precio Hecho,2025-05-08,Soja,2025-05-08,268.56,268.56
Precio Hecho,2025-05-08,Maiz,2025-06-07,183.12,
Precio a Fijar,2025-05-02,Soja,2025-05-31,,
Precio a Fijar,2025-05-08,Maiz,2025-06-07,183.12,
Precio a Fijar,2024-09-13,Maiz,2025-03-31,176.40333333333334,202.515
Precio a Fijar,2024-08-06,Maiz,2025-03-31,170.79500000000002,202.515
Precio a Fijar,2025-05-08,Soja,2025-06-07,268.56,
Precio a Fijar,2025-05-08,Soja,2025-06-07,268.56,
Precio Hecho,2025-05-09,Soja,2025-05-09,272.855,272.855
Precio a Fijar,2025-05-08,Soja,2025-06-07,268.56,
Precio a Fijar,2025-05-08,Girasol,2025-06-07,297.58,
Precio Hecho,2025-05-08,Soja,2025-05-09,268.56,272.855
Precio Hecho,2025-05-08,Soja,2025-05-09,268.56,272.855
Precio Hecho,2025-05-09,Maiz,2025-05-09,180.39499999999998,180.39499999999998
Precio Hecho,2025-05-09,Trigo,2025-05-09,194.45,194.45
Precio a Fijar,2025-05-08,Soja,2025-06-08,268.56,
Precio a Fijar,2025-05-08,Soja,2025-06-08,268.56,
Precio a Fijar,2025-05-08,Soja,2025-06-08,268.56,
Precio a Fijar,2025-05-08,Soja,2025-06-08,268.56,
Precio a Fijar,2025-05-08,Soja,2025-06-08,268.56,
Precio a Fijar,2025-05-08,Soja,2025-06-08,268.56,
Precio a Fijar,2025-05-08,Soja,2025-06-08,268.56,
Precio a Fijar,2025-05-08,Maiz,2025-06-06,183.12,172.06333333333336
Precio a Fijar,2025-05-08,Soja,2025-06-07,268.56,
Precio a Fijar,2025-05-08,Soja,2025-06-07,268.56,
Precio a Fijar,2025-05-08,Soja,2025-06-07,268.56,
Precio a Fijar,2025-05-08,Maiz,2025-06-06,183.12,172.06333333333336
Precio a Fijar,2025-02-17,Soja,2025-03-17,311.54,300.42
Precio a Fijar,2025-03-28,Soja,2025-04-07,,288.1
Precio a Fijar,2025-05-08,Soja,2025-05-31,268.56,
Precio a Fijar,2025-05-08,Soja,2025-05-31,268.56,
Precio a Fijar,2025-05-08,Soja,2025-05-31,268.56,
Precio Hecho,2025-05-08,Trigo,2025-05-08,198.38,198.38
Precio a Fijar,2025-05-08,Soja,2025-05-31,268.56,
Precio a Fijar,2025-05-08,Soja,2025-05-31,268.56,
Precio a Fijar,2025-05-08,Soja,2025-05-31,268.56,
Precio a Fijar,2025-05-08,Soja,2025-05-31,268.56,
Precio Hecho,2025-05-08,Maiz,2025-05-08,183.12,183.12
Precio Hecho,2025-05-08,Sorgo,2025-05-08,,
Precio Hecho,2025-05-08,Soja,2025-05-08,268.56,268.56
Precio a Fijar,2025-05-08,Soja,2025-06-08,268.56,
Precio a Fijar,2025-05-08,Soja,2025-06-30,268.56,269.66999999999996
Precio a Fijar,2025-05-08,Soja,2025-05-31,268.56,
Precio Hecho,2025-05-08,Maiz,2025-05-08,183.12,183.12
Precio Hecho,2025-05-08,Soja,2025-05-08,268.56,268.56
Precio a Fijar,2025-02-12,Soja,2025-03-12,302.82,308.41
Precio a Fijar,2025-04-16,Soja,2025-05-31,279.74,
Precio a Fijar,2025-04-16,Soja,2025-05-31,279.74,
Precio a Fijar,2025-03-21,Maiz,2025-05-22,202.99,184.235
Precio Hecho,2025-05-07,Soja,2025-05-07,268.21000000000004,268.21000000000004
Precio Hecho,2025-05-06,Soja,2025-05-06,264.45,264.45
Precio Hecho,2025-05-05,Soja,2025-05-05,257.5,257.5
Precio Hecho,2025-04-29,Soja,2025-04-29,259.605,259.605
Precio Hecho,2025-05-05,Soja,2025-05-05,257.5,257.5
Precio Hecho,2025-05-06,Soja,2025-05-06,264.45,264.45
Precio Hecho,2025-05-06,Soja,2025-05-06,264.45,264.45
Precio Hecho,2025-05-07,Soja,2025-05-07,268.21000000000004,268.21000000000004
Precio Hecho,2025-05-07,Soja,2025-05-07,268.21000000000004,268.21000000000004
Precio a Fijar,2025-05-08,Soja,2025-06-30,268.56,269.66999999999996
Precio a Fijar,2025-05-08,Soja,2025-05-31,268.56,
Precio Hecho,2025-05-05,Soja,2025-05-05,257.5,257.5
Precio a Fijar,2025-05-08,Soja,2025-06-08,268.56,
Precio a Fijar,2025-05-08,Soja,2025-06-08,268.56,
Precio Hecho,2025-05-05,Soja,2025-05-05,257.5,257.5
Precio a Fijar,2025-05-08,Soja,2025-06-08,268.56,
Precio a Fijar,2025-05-08,Soja,2025-06-05,268.56,
Precio a Fijar,2025-05-08,Soja,2025-06-08,268.56,
Precio a Fijar,2025-05-08,Soja,2025-06-08,268.56,
Precio a Fijar,2025-05-08,Soja,2025-05-31,268.56,
Precio Hecho,2025-04-29,Soja,2025-04-29,259.605,259.605
Precio Hecho,2025-04-29,Soja,2025-04-29,259.605,259.605
Precio Hecho,2025-05-06,Soja,2025-05-06,264.45,264.45
Precio a Fijar,2025-05-08,Soja,2025-06-07,268.56,
Precio Hecho,2025-05-07,Soja,2025-05-07,268.21000000000004,268.21000000000004
Precio Hecho,2025-05-07,Soja,2025-05-07,268.21000000000004,268.21000000000004
Precio a Fijar,2025-05-08,Soja,2025-06-08,268.56,
Precio Hecho,2025-05-07,Soja,2025-05-07,268.21000000000004,268.21000000000004
Precio a Fijar,2025-05-08,Soja,2025-05-31,268.56,
Precio Hecho,2025-05-06,Soja,2025-05-06,264.45,264.45
Precio Hecho,2025-05-07,Soja,2025-05-07,268.21000000000004,268.21000000000004
Precio Hecho,2025-05-07,Soja,2025-05-07,268.21000000000004,268.21000000000004
Precio Hecho,2025-05-07,Soja,2025-05-07,268.21000000000004,268.21000000000004
Precio a Fijar,2025-05-08,Soja,2025-06-30,268.56,269.66999999999996
Precio a Fijar,2025-05-08,Soja,2025-06-08,268.56,
Precio Hecho,2025-05-06,Maiz,2025-05-06,189.99,189.99
Precio Hecho,2025-05-06,Maiz,2025-05-06,189.99,189.99
Precio Hecho,2025-05-06,Maiz,2025-05-06,189.99,189.99
Precio Hecho,2025-05-05,Maiz,2025-05-05,186.375,186.375
Precio Hecho,2025-05-06,Trigo,2025-05-06,196.39999999999998,196.39999999999998
Precio Hecho,2025-05-06,Trigo,2025-05-06,196.39999999999998,196.39999999999998
Precio Hecho,2025-05-06,Trigo,2025-05-06,196.39999999999998,196.39999999999998
Precio Hecho,2025-05-07,Trigo,2025-05-07,195.93,195.93
Precio Hecho,2025-05-07,Trigo,2025-05-07,195.93,195.93
Precio a Fijar,2025-05-07,Soja,2025-06-06,268.21000000000004,268.9733333333333
Precio a Fijar,2025-05-06,Soja,2025-06-05,264.45,
Precio a Fijar,2025-05-06,Soja,2025-05-31,264.45,
Precio a Fijar,2025-05-08,Soja,2025-06-07,268.56,
Precio a Fijar,2025-05-08,Soja,2025-06-08,268.56,
Precio a Fijar,2025-05-08,Soja,2025-06-08,268.56,
Precio a Fijar,2025-05-08,Soja,2025-06-30,268.56,269.66999999999996
Precio a Fijar,2025-05-08,Soja,2025-05-31,268.56,
Precio a Fijar,2025-05-08,Soja,2025-06-08,268.56,
Precio a Fijar,2025-05-08,Soja,2025-06-08,268.56,
Precio a Fijar,2025-05-08,Soja,2025-06-08,268.56,
Precio a Fijar,2025-05-08,Soja,2025-06-08,268.56,
Precio a Fijar,2025-05-08,Soja,2025-06-08,268.56,
Precio a Fijar,2025-05-08,Soja,2025-06-05,268.56,
Precio a Fijar,2025-05-08,Soja,2025-06-08,268.56,
Precio a Fijar,2025-05-08,Soja,2025-06-08,268.56,
Precio Hecho,2025-05-08,Soja,2025-06-07,268.56,
Precio Hecho,2025-05-08,Soja,2025-05-20,268.56,274.21
Precio Hecho,2025-05-08,Maiz,2025-07-15,183.12,171.65
Precio Hecho,2025-05-08,ACEITE SOJA,2025-06-08,,
Precio Hecho,2025-05-08,Girasol,2025-05-18,297.58,
Precio a Fijar,2025-05-08,Maiz,2025-05-31,183.12,
Precio a Fijar,2025-05-08,Maiz,2025-05-31,183.12,
Precio a Fijar,2025-05-08,Maiz,2025-05-31,183.12,
Precio a Fijar,2025-05-08,Maiz,2025-05-31,183.12,
Precio a Fijar,2025-05-08,Maiz,2025-05-31,183.12,
Precio a Fijar,2025-05-08,Soja,2025-05-31,268.56,
Precio a Fijar,2025-05-08,Soja,2025-05-31,268.56,
Precio a Fijar,2025-05-08,Soja,2025-05-31,268.56,
Precio a Fijar,2025-05-08,Soja,2025-05-31,268.56,
Precio a Fijar,2025-05-08,Soja,2025-05-31,268.56,
Precio a Fijar,2025-05-08,Soja,2025-05-31,268.56,
Precio a Fijar,2025-05-08,Soja,2025-05-31,268.56,
Precio a Fijar,2025-05-08,Soja,2025-05-31,268.56,
Precio a Fijar,2025-05-08,Soja,2025-05-31,268.56,
Precio a Fijar,2025-05-08,Girasol,2025-06-07,297.58,
Precio a Fijar,2025-05-08,Maiz,2025-06-07,183.12,
Precio a Fijar,2025-05-08,Sorgo,2025-06-07,,
Precio Hecho,2025-05-08,Soja,2025-06-07,268.56,
Precio Hecho,2025-05-08,Trigo,2025-05-15,198.38,192.89
Precio Hecho,2025-05-08,Soja,2025-06-06,268.56,268.9733333333333
Precio a Fijar,2024-12-20,Trigo,2025-01-19,190.24666666666667,
Precio a Fijar,2025-05-08,Soja,2025-06-08,268.56,
Precio Hecho,2025-05-08,Soja,2025-05-08,268.56,268.56
Precio Hecho,2025-05-08,Maiz,2025-05-08,183.12,183.12
Precio Hecho,2025-05-08,Soja,2025-05-08,268.56,268.56
Precio Hecho,2025-05-08,Maiz,2025-05-15,183.12,183.48000000000002
Precio Hecho,2025-05-08,Soja,2025-05-08,268.56,268.56
Precio a Fijar,2025-05-08,Soja,2025-06-08,268.56,
Precio Hecho,2025-05-08,Maiz,2025-05-08,183.12,183.12
Precio a Fijar,2025-05-08,Soja,2025-06-08,268.56,
Precio a Fijar,2025-05-08,Soja,2025-06-08,268.56,
Precio Hecho,2025-05-08,Soja,2025-05-08,268.56,268.56
Precio a Fijar,2025-05-08,Soja,2025-06-08,268.56,
Precio a Fijar,2025-05-07,Maiz,2025-05-08,186.27666666666667,183.12
Precio a Fijar,2024-11-12,Trigo,2024-12-15,183.61,
Precio a Fijar,2025-05-08,Soja,2025-05-10,268.56,
Precio Hecho,2025-05-05,Soja,2025-05-05,257.5,257.5
Precio Hecho,2025-05-08,ACEITE SOJA,2025-05-12,,
Precio a Fijar,2025-05-08,Soja,2025-06-07,268.56,
Precio a Fijar,2025-05-08,Soja,2025-06-07,268.56,
Precio a Fijar,2025-05-08,Soja,2025-06-07,268.56,
Precio a Fijar,2025-05-08,Soja,2025-06-07,268.56,
Precio a Fijar,2025-01-28,Soja,2025-04-30,294.96,251.94
Precio a Fijar,2025-05-02,Maiz,2025-05-07,,186.27666666666667
Precio a Fijar,2025-04-30,Maiz,2025-05-05,194.185,186.375
Precio a Fijar,2024-12-23,Maiz,2025-04-30,180.845,194.185
Precio Hecho,2025-05-08,Soja,2025-05-08,268.56,268.56
Precio Hecho,2025-05-07,Girasol,2025-06-08,297.6,
Precio Hecho,2025-05-08,ACEITE SOJA,2025-05-29,,
Precio Hecho,2025-05-07,Girasol,2025-06-08,297.6,
Precio a Fijar,2025-05-08,Soja,2025-06-08,268.56,
Precio Hecho,2025-05-08,Soja,2025-05-08,268.56,268.56
Precio Hecho,2025-05-08,Soja,2025-05-08,268.56,268.56
Precio Hecho,2025-05-08,Maiz,2025-05-08,183.12,183.12
Precio Hecho,2025-05-08,Soja,2025-05-08,268.56,268.56
Precio a Fijar,2025-05-08,Soja,2025-06-08,268.56,
Precio Hecho,2025-05-07,Soja,2025-05-07,268.21000000000004,268.21000000000004
Precio a Fijar,2024-04-02,Soja,2025-03-31,,319.37
Precio a Fijar,2025-05-08,Soja,2025-06-08,268.56,
Precio Hecho,2025-05-07,Soja,2025-05-07,268.21000000000004,268.21000000000004
Precio Hecho,2025-05-08,Soja,2025-06-07,268.56,
Precio a Fijar,2025-05-08,Soja,2025-05-10,268.56,
Precio a Fijar,2025-05-08,Maiz,2025-06-08,183.12,
Precio Hecho,2025-05-08,Trigo,2025-05-09,198.38,194.45
Precio a Fijar,2025-05-08,Soja,2025-06-08,268.56,
Precio Hecho,2025-05-08,Soja,2025-05-08,268.56,268.56
Precio Hecho,2025-05-08,Soja,2025-05-08,268.56,268.56
Precio Hecho,2025-05-08,Soja,2025-05-08,268.56,268.56
Precio Hecho,2025-05-08,Soja,2025-05-08,268.56,268.56
Precio Hecho,2025-05-08,Trigo,2025-05-08,198.38,198.38
Precio Hecho,2025-05-08,Trigo,2025-05-09,198.38,194.45
Precio a Fijar,2025-05-08,Soja,2025-06-08,268.56,
Precio Hecho,2025-05-08,Soja,2025-05-09,268.56,272.855
Precio Hecho,2025-05-08,Trigo,2025-05-08,198.38,198.38
Precio a Fijar,2025-05-08,Soja,2025-05-08,268.56,268.56
Precio Hecho,2025-05-08,Soja,2025-05-09,268.56,272.855
Precio a Fijar,2025-05-08,Soja,2025-06-08,268.56,
Precio Hecho,2025-05-08,Soja,2025-05-09,268.56,272.855
Precio Hecho,2025-05-08,Soja,2025-05-08,268.56,268.56
Precio a Fijar,2025-05-08,Soja,2025-06-08,268.56,
Precio Hecho,2025-05-08,Soja,2025-05-09,268.56,272.855
Precio Hecho,2025-05-08,Trigo,2025-05-08,198.38,198.38
Precio Hecho,2025-05-08,Soja,2025-05-08,268.56,268.56
Precio a Fijar,2025-05-08,Soja,2025-05-24,268.56,
Precio Hecho,2025-05-08,Soja,2025-05-09,268.56,272.855
Precio Hecho,2025-05-08,Soja,2025-05-08,268.56,268.56
Precio a Fijar,2024-10-22,Soja,2024-11-22,292.025,289.97
Precio a Fijar,2024-10-15,Soja,2024-11-15,,303.24
Precio Hecho,2025-05-08,Soja,2025-05-08,268.56,268.56
Precio a Fijar,2025-05-08,Soja,2025-06-08,268.56,
Precio Hecho,2025-05-08,Trigo,2025-05-09,198.38,194.45
Precio a Fijar,2025-05-08,Soja,2025-05-08,268.56,268.56
Precio Hecho,2025-05-08,Soja,2025-06-07,268.56,
Precio Hecho,2025-05-08,Soja,2025-06-07,268.56,
Precio a Fijar,2025-05-08,Soja,2025-06-08,268.56,
Precio a Fijar,2025-02-19,Trigo,2025-02-19,209.14,209.14
Precio Hecho,2025-05-08,Soja,2025-06-07,268.56,
Precio a Fijar,2024-07-18,Trigo,2025-01-31,,201.2025
Precio a Fijar,2024-12-03,Trigo,2024-12-03,184.9375,184.9375
Precio a Fijar,2024-07-18,Trigo,2025-01-31,,201.2025
Precio a Fijar,2025-05-08,Soja,2025-05-08,268.56,268.56
Precio a Fijar,2025-05-08,Soja,2025-05-24,268.56,
Precio a Fijar,2024-07-18,Trigo,2025-01-31,,201.2025
Precio a Fijar,2025-05-08,Soja,2025-05-08,268.56,268.56
Precio Hecho,2025-05-08,Soja,2025-06-07,268.56,
Precio a Fijar,2025-03-26,Soja,2025-04-26,317.24,
Precio a Fijar,2025-03-26,Soja,2025-04-26,317.24,
Precio a Fijar,2025-03-26,Soja,2025-04-26,317.24,
Precio Hecho,2025-05-05,Maiz,2025-05-05,186.375,186.375
Precio Hecho,2025-05-08,Maiz,2025-05-09,183.12,180.39499999999998
Precio Hecho,2025-05-08,Soja,2025-05-09,268.56,272.855
Precio a Fijar,2025-05-08,Soja,2025-05-31,268.56,
Precio a Fijar,2025-05-08,Soja,2025-05-31,268.56,
Precio a Fijar,2025-05-08,Trigo,2025-12-31,198.38,
Precio Hecho,2025-05-08,Soja,2025-05-09,268.56,272.855
Precio Hecho,2025-05-08,Soja,2025-05-09,268.56,272.855
Precio Hecho,2025-05-08,Maiz,2025-05-08,183.12,183.12
Precio Hecho,2025-05-08,Maiz,2025-05-08,183.12,183.12
Precio a Fijar,2024-11-20,Trigo,2024-12-20,184.32333333333335,190.24666666666667
Precio Hecho,2025-05-05,Soja,2025-05-19,257.5,273.06
Precio a Fijar,2024-10-08,Soja,2024-11-08,317.79,310.43
Precio Hecho,2025-05-08,Trigo,2025-05-08,198.38,198.38
Precio Hecho,2025-05-08,Soja,2025-05-08,268.56,268.56
Precio Hecho,2025-05-08,Soja,2025-05-30,268.56,269.36
Precio a Fijar,2024-11-06,Trigo,2024-12-05,193.07,185.82666666666668
Precio a Fijar,2024-11-06,Trigo,2024-12-05,193.07,185.82666666666668
Precio Hecho,2025-05-08,Trigo,2025-05-15,198.38,192.89
Precio Hecho,2025-05-05,Soja,2025-06-04,257.5,
Precio Hecho,2025-05-08,Soja,2025-05-08,268.56,268.56
Precio Hecho,2025-05-08,Soja,2025-05-08,268.56,268.56
Precio Hecho,2025-05-08,Soja,2025-05-08,268.56,268.56
Precio Hecho,2025-05-08,Trigo,2025-05-08,198.38,198.38
Precio Hecho,2025-05-08,Trigo,2025-05-08,198.38,198.38
Precio Hecho,2025-05-08,Trigo,2025-06-07,198.38,
Precio a Fijar,2024-10-15,Trigo,2025-10-31,,189.79999999999998
Precio a Fijar,2024-10-15,Trigo,2025-10-31,,189.79999999999998
Precio a Fijar,2024-10-15,Trigo,2025-10-31,,189.79999999999998
Precio a Fijar,2024-10-15,Trigo,2025-10-31,,189.79999999999998
Precio Hecho,2025-05-07,Soja,2025-06-06,268.21000000000004,268.9733333333333
Precio a Fijar,2024-10-15,Trigo,2025-10-31,,189.79999999999998
Precio a Fijar,2024-10-15,Trigo,2025-10-31,,189.79999999999998
Precio a Fijar,2024-10-15,Trigo,2025-10-31,,189.79999999999998
Precio a Fijar,2024-10-15,Trigo,2025-10-31,,189.79999999999998
Precio Hecho,2025-05-07,ACEITE SOJA,2025-05-09,,
Precio Hecho,2025-05-08,Trigo,2025-05-08,198.38,198.38
Precio Hecho,2025-05-07,Maiz,2025-06-08,186.27666666666667,
Precio a Fijar,2025-03-18,Maiz,2025-04-17,197.565,
Precio a Fijar,2025-03-11,Girasol,2025-04-10,,308.7
Precio a Fijar,2025-03-07,Maiz,2025-04-30,196.91,194.185
Precio a Fijar,2025-02-21,Soja,2025-05-31,311.1,
Precio a Fijar,2025-02-25,Soja,2025-04-15,310.88,275.0
Precio a Fijar,2025-02-25,Soja,2025-04-15,310.88,275.0
Precio a Fijar,2025-01-29,Soja,2025-05-31,299.57,
Precio a Fijar,2025-01-28,Soja,2025-05-31,294.96,
Precio a Fijar,2024-12-27,Maiz,2025-04-30,185.17,194.185
Precio a Fijar,2024-12-27,Maiz,2025-04-30,185.17,194.185
Precio a Fijar,2024-12-27,Maiz,2025-03-31,185.17,202.515
Precio a Fijar,2024-12-27,Maiz,2025-05-31,185.17,
Precio a Fijar,2024-11-26,Soja,2025-04-30,292.56,251.94
Precio a Fijar,2024-10-15,Soja,2025-04-30,,251.94
Precio Hecho,2025-05-08,Trigo,2025-05-10,198.38,
Precio Hecho,2025-05-08,Trigo,2025-05-08,198.38,198.38
Precio a Fijar,2025-04-17,Soja,2025-04-25,,266.495
Precio Hecho,2025-05-08,Trigo,2025-06-07,198.38,
Precio Hecho,2025-05-08,Soja,2025-05-08,268.56,268.56
Precio a Fijar,2025-05-08,Soja,2025-06-15,268.56,
Precio Hecho,2025-05-08,Trigo,2025-06-07,198.38,
Precio Hecho,2025-05-08,Trigo,2025-06-07,198.38,
Precio Hecho,2025-05-07,Trigo,2025-05-25,195.93,
Precio a Fijar,2025-05-08,Soja,2025-11-30,268.56,
Precio a Fijar,2025-05-08,Soja,2025-06-07,268.56,
Precio Hecho,2025-05-08,Soja,2025-05-08,268.56,268.56
Precio Hecho,2025-05-08,Soja,2025-05-08,268.56,268.56
Precio Hecho,2025-05-08,Soja,2025-05-15,268.56,269.255
Precio a Fijar,2025-05-08,Soja,2025-05-12,268.56,275.315
Precio a Fijar,2024-09-30,Trigo,2024-10-20,185.47,
Precio Hecho,2025-05-08,Soja,2025-05-26,268.56,269.98
Precio Hecho,2025-05-08,Soja,2025-05-26,268.56,269.98
Precio a Fijar,2024-09-30,Trigo,2024-10-20,185.47,
Precio Hecho,2025-05-08,Soja,2025-05-26,268.56,269.98
Precio Hecho,2025-05-08,Soja,2025-05-26,268.56,269.98
Precio Hecho,2025-05-08,Soja,2025-05-26,268.56,269.98
Precio Hecho,2025-05-08,Soja,2025-05-27,268.56,269.765
Precio Hecho,2025-05-08,Soja,2025-05-27,268.56,269.765
Precio Hecho,2025-05-08,Soja,2025-05-28,268.56,267.24
Precio Hecho,2025-05-08,Soja,2025-05-08,268.56,268.56
Precio Hecho,2025-05-08,Soja,2025-05-08,268.56,268.56
Precio Hecho,2025-05-07,Trigo,2025-06-07,195.93,
Precio Hecho,2025-05-08,Trigo,2025-06-07,198.38,
Precio Hecho,2025-05-08,Soja,2025-05-08,268.56,268.56
Precio Hecho,2025-05-08,Soja,2025-05-28,268.56,267.24
Precio a Fijar,2024-12-30,Girasol,2025-03-17,346.20500000000004,316.61
Precio Hecho,2025-05-08,Soja,2025-05-08,268.56,268.56
Precio a Fijar,2025-05-08,Soja,2025-06-07,268.56,
Precio Hecho,2025-05-08,Girasol,2025-06-07,297.58,
Precio a Fijar,2025-05-08,Soja,2025-05-10,268.56,
Precio Hecho,2025-05-08,Soja,2025-05-15,268.56,269.255
Precio Hecho,2025-05-08,Soja,2025-05-15,268.56,269.255
Precio Hecho,2025-05-08,Maiz,2025-05-08,183.12,183.12
Precio a Fijar,2025-01-06,Maiz,2025-04-30,185.32,194.185
Precio a Fijar,2024-12-26,Maiz,2025-04-30,185.53,194.185
Precio a Fijar,2024-09-03,Soja,2025-05-31,304.14,
Precio a Fijar,2024-05-13,Soja,2025-04-30,,251.94
Precio Hecho,2025-04-29,Maiz,2025-04-29,196.565,196.565
Precio a Fijar,2025-04-22,Soja,2025-05-22,275.82,274.77
Precio Hecho,2025-05-08,Soja,2025-05-08,268.56,268.56
Precio Hecho,2025-05-08,Soja,2025-05-08,268.56,268.56
Precio a Fijar,2024-05-22,Maiz,2025-05-31,725.8766666666667,
Precio a Fijar,2024-08-09,Maiz,2025-04-30,171.45499999999998,194.185
Precio Hecho,2025-05-08,Soja,2025-05-08,268.56,268.56
Precio Hecho,2025-05-08,Soja,2025-05-08,268.56,268.56
Precio a Fijar,2024-11-22,Trigo,2024-11-23,187.02333333333334,
Precio Hecho,2025-05-08,Soja,2025-05-08,268.56,268.56
Precio Hecho,2025-05-08,Soja,2025-05-08,268.56,268.56
Precio Hecho,2025-05-08,Trigo,2025-05-08,198.38,198.38
Precio Hecho,2025-05-07,Trigo,2025-05-14,195.93,197.88
Precio a Fijar,2024-10-30,Maiz,2025-12-31,,
Precio a Fijar,2024-11-23,Trigo,2024-11-23,,
Precio a Fijar,2024-10-30,Maiz,2025-12-31,,
Precio a Fijar,2025-01-13,Maiz,2025-12-31,195.51666666666665,
Precio a Fijar,2024-10-29,Maiz,2025-08-31,,
Precio a Fijar,2024-11-25,Trigo,2024-11-25,185.04,185.04
Precio a Fijar,2024-10-31,Maiz,2025-08-31,179.64333333333332,
Precio a Fijar,2024-10-31,Maiz,2025-08-31,179.64333333333332,
Precio a Fijar,2024-11-25,Trigo,2024-11-25,185.04,185.04
Precio a Fijar,2024-10-31,Maiz,2025-08-31,179.64333333333332,
Precio Hecho,2025-05-08,Maiz,2025-05-15,183.12,183.48000000000002
Precio a Fijar,2023-11-23,Trigo,2023-11-23,,
Precio a Fijar,2023-11-23,Trigo,2023-11-23,,
Precio Hecho,2025-05-08,Soja,2025-05-08,268.56,268.56
Precio a Fijar,2024-12-12,Trigo,2024-12-12,191.36,191.36
Precio Hecho,2025-05-08,Soja,2025-05-08,268.56,268.56
Precio Hecho,2025-05-08,Trigo,2025-05-08,198.38,198.38
Precio a Fijar,2025-05-08,CEBADA CERV.,2025-11-30,,
Precio a Fijar,2025-03-28,Maiz,2025-04-27,193.76,
Precio a Fijar,2025-05-08,CEBADA CERV.,2025-11-30,,
Precio a Fijar,2024-07-01,CEBADA CERV.,2025-07-31,,
Precio a Fijar,2024-12-10,CEBADA CERV.,2025-11-30,,
Precio Hecho,2025-05-07,Maiz,2025-06-30,186.27666666666667,168.39333333333332
Precio Hecho,2025-05-07,Maiz,2025-06-30,186.27666666666667,168.39333333333332
Precio a Fijar,2024-11-11,CEBADA CERV.,2025-11-30,,
Precio a Fijar,2024-11-29,CEBADA CERV.,2025-11-30,,
Precio Hecho,2025-05-07,Maiz,2025-07-15,186.27666666666667,171.65
Precio a Fijar,2025-05-08,Soja,2025-05-31,268.56,
Precio Hecho,2025-05-08,Trigo,2025-05-08,198.38,198.38
Precio a Fijar,2024-12-02,CEBADA CERV.,2025-11-30,,
Precio a Fijar,2025-05-07,Maiz,2025-06-14,186.27666666666667,
Precio a Fijar,2025-05-07,Maiz,2025-07-31,186.27666666666667,
Precio Hecho,2025-05-08,Trigo,2025-05-08,198.38,198.38
Precio Hecho,2025-05-08,Trigo,2025-05-27,198.38,197.66
Precio Hecho,2025-05-08,Soja,2025-05-08,268.56,268.56
Precio Hecho,2025-05-07,Soja,2025-05-07,268.21000000000004,268.21000000000004
Precio a Fijar,2025-04-07,Soja,2025-05-07,288.1,268.21000000000004
Precio a Fijar,2025-05-08,Soja,2025-06-07,268.56,
Precio a Fijar,2025-05-08,Soja,2025-06-07,268.56,
Precio a Fijar,2025-05-08,Soja,2025-06-07,268.56,
Precio a Fijar,2025-05-08,Soja,2025-06-07,268.56,
Precio a Fijar,2025-05-08,Soja,2025-06-07,268.56,
Precio a Fijar,2025-05-06,Maiz,2025-05-11,189.99,
Precio Hecho,2025-05-08,Soja,2025-05-08,268.56,268.56
Precio Hecho,2025-05-08,Maiz,2025-06-07,183.12,
Precio Hecho,2025-05-08,Soja,2025-05-08,268.56,268.56
Precio a Fijar,2025-05-07,Soja,2025-06-06,268.21000000000004,268.9733333333333
Precio Hecho,2025-05-07,Soja,2025-07-31,268.21000000000004,
Precio a Fijar,2025-05-07,Soja,2025-11-30,268.21000000000004,
Precio Hecho,2025-05-07,Soja,2025-06-06,268.21000000000004,268.9733333333333
Precio Hecho,2025-05-07,Maiz,2025-05-31,186.27666666666667,
Precio Hecho,2025-05-08,Maiz,2025-05-08,183.12,183.12
Precio a Fijar,2025-05-08,Soja,2025-05-08,268.56,268.56
Precio a Fijar,2025-05-08,Soja,2025-05-08,268.56,268.56
Precio a Fijar,2025-05-07,Maiz,2025-12-31,186.27666666666667,
Precio a Fijar,2025-05-07,Maiz,2025-07-31,186.27666666666667,
Precio a Fijar,2025-04-07,Trigo,2025-04-18,218.45,
Precio a Fijar,2024-08-29,Trigo,2024-08-29,238.74,238.74
Precio Hecho,2025-05-08,Soja,2025-05-08,268.56,268.56
Precio Hecho,2025-05-07,Maiz,2025-05-07,186.27666666666667,186.27666666666667
Precio Hecho,2025-04-08,Soja,2025-04-08,297.33,297.33
Precio Hecho,2025-04-29,Soja,2025-04-29,259.605,259.605
Precio Hecho,2025-05-02,Soja,2025-05-02,,
Precio Hecho,2025-05-06,Soja,2025-05-06,264.45,264.45
Precio Hecho,2025-05-08,Soja,2025-05-08,268.56,268.56
Precio Hecho,2025-05-06,Soja,2025-06-07,264.45,
Precio Hecho,2025-05-05,Soja,2025-06-07,257.5,
Precio Hecho,2025-05-06,Soja,2025-06-07,264.45,
Precio Hecho,2025-05-05,Soja,2025-06-07,257.5,
Precio Hecho,2025-05-05,Soja,2025-06-07,257.5,
Precio Hecho,2025-05-06,Maiz,2025-06-07,189.99,
Precio Hecho,2025-05-08,Soja,2025-05-15,268.56,269.255
Precio Hecho,2025-05-08,Trigo,2025-05-08,198.38,198.38
Precio Hecho,2025-05-08,Trigo,2025-05-08,198.38,198.38
Precio Hecho,2025-05-08,Soja,2025-05-08,268.56,268.56
Precio Hecho,2025-05-08,Soja,2025-05-08,268.56,268.56
Precio Hecho,2025-05-08,Girasol,2025-05-08,297.58,297.58
Precio a Fijar,2025-05-07,Soja,2025-06-07,268.21000000000004,
Precio a Fijar,2025-05-07,Soja,2025-06-07,268.21000000000004,
Precio a Fijar,2025-05-07,Soja,2025-06-07,268.21000000000004,
Precio a Fijar,2025-05-07,Soja,2025-06-07,268.21000000000004,
Precio a Fijar,2025-05-07,Soja,2025-06-06,268.21000000000004,268.9733333333333
Precio a Fijar,2025-05-07,Soja,2025-06-06,268.21000000000004,268.9733333333333
Precio a Fijar,2025-05-07,Soja,2025-06-06,268.21000000000004,268.9733333333333
Precio a Fijar,2025-05-07,Soja,2025-06-06,268.21000000000004,268.9733333333333
Precio a Fijar,2025-05-06,Soja,2025-06-06,264.45,268.9733333333333
Precio a Fijar,2024-12-30,Soja,2025-04-30,276.16,251.94
Precio a Fijar,2025-03-14,Soja,2025-04-30,299.49,251.94
Precio Hecho,2025-04-21,Maiz,2025-05-07,197.44,186.27666666666667
Precio a Fijar,2025-04-30,Soja,2025-04-30,251.94,251.94
Precio a Fijar,2025-04-30,Soja,2025-04-30,251.94,251.94
Precio a Fijar,2023-01-10,Trigo,2023-01-31,,
Precio a Fijar,2025-05-07,Soja,2025-05-31,268.21000000000004,
Precio a Fijar,2025-05-07,Soja,2025-05-31,268.21000000000004,
Precio a Fijar,2025-04-14,Soja,2025-05-14,275.46,271.12
Precio a Fijar,2025-04-14,Soja,2025-05-14,275.46,271.12
Precio a Fijar,2025-04-14,Soja,2025-05-14,275.46,271.12
Precio a Fijar,2025-04-14,Soja,2025-05-14,275.46,271.12
Precio Hecho,2025-05-07,Soja,2025-05-07,268.21000000000004,268.21000000000004
Precio Hecho,2025-05-07,Soja,2025-05-07,268.21000000000004,268.21000000000004
Precio Hecho,2025-05-07,Soja,2025-05-07,268.21000000000004,268.21000000000004
Precio Hecho,2025-05-07,Soja,2025-05-07,268.21000000000004,268.21000000000004
Precio Hecho,2025-05-07,Soja,2025-05-07,268.21000000000004,268.21000000000004
Precio Hecho,2025-05-07,Soja,2025-05-07,268.21000000000004,268.21000000000004
Precio a Fijar,2025-05-07,Soja,2025-05-31,268.21000000000004,
Precio a Fijar,2025-05-07,Soja,2025-05-31,268.21000000000004,
Precio Hecho,2025-05-07,Soja,2025-05-07,268.21000000000004,268.21000000000004
Precio Hecho,2025-05-07,Soja,2025-05-07,268.21000000000004,268.21000000000004
Precio a Fijar,2025-05-07,Soja,2025-07-31,268.21000000000004,
Precio a Fijar,2025-05-07,Soja,2025-05-31,268.21000000000004,
Precio Hecho,2025-05-07,Soja,2025-05-07,268.21000000000004,268.21000000000004
Precio Hecho,2025-05-07,Soja,2025-05-07,268.21000000000004,268.21000000000004
Precio Hecho,2025-05-07,Soja,2025-05-07,268.21000000000004,268.21000000000004
Precio Hecho,2025-05-07,Trigo,2025-05-07,195.93,195.93
Precio a Fijar,2025-02-26,Soja,2025-04-30,310.81,251.94
Precio Hecho,2025-05-07,Trigo,2025-05-14,195.93,197.88
Precio Hecho,2025-05-07,Soja,2025-05-07,268.21000000000004,268.21000000000004
Precio a Fijar,2025-05-07,Maiz,2025-05-20,186.27666666666667,183.815
Precio Hecho,2025-05-07,Soja,2025-05-07,268.21000000000004,268.21000000000004
Precio a Fijar,2025-05-07,Soja,2025-05-31,268.21000000000004,
Precio a Fijar,2025-05-07,Maiz,2025-07-15,186.27666666666667,171.65
Precio a Fijar,2024-09-13,Maiz,2025-03-31,176.40333333333334,202.515
Precio a Fijar,2024-09-13,Maiz,2025-03-31,176.40333333333334,202.515
Precio Hecho,2025-05-07,Maiz,2025-06-07,186.27666666666667,
Precio Hecho,2025-05-07,Maiz,2025-06-07,186.27666666666667,
Precio Hecho,2025-05-07,ACEITE SOJA,2025-06-07,,
Precio Hecho,2025-05-07,ACEITE SOJA,2025-05-16,,
Precio Hecho,2025-05-07,Soja,2025-05-07,268.21000000000004,268.21000000000004
Precio a Fijar,2025-05-05,Soja,2025-06-05,257.5,
Precio a Fijar,2025-04-17,Soja,2025-04-25,,266.495
Precio a Fijar,2024-10-30,Soja,2025-05-31,,
Precio a Fijar,2024-12-23,Maiz,2025-04-30,180.845,194.185
Precio a Fijar,2024-10-23,Maiz,2025-03-31,183.66333333333333,202.515
Precio Hecho,2025-05-07,Sorgo,2025-06-30,,165.81
Precio a Fijar,2025-05-07,Soja,2025-05-31,268.21000000000004,
Precio Hecho,2025-05-07,Trigo,2025-05-14,195.93,197.88
Precio Hecho,2025-05-07,Trigo,2025-05-07,195.93,195.93
Precio a Fijar,2024-06-07,Maiz,2025-03-31,,202.515
Precio Hecho,2025-05-07,Trigo,2025-06-06,195.93,198.48
Precio Hecho,2025-05-07,Trigo,2025-05-07,195.93,195.93
Precio Hecho,2025-05-07,Trigo,2025-06-06,195.93,198.48
Precio a Fijar,2025-04-24,Girasol,2025-04-30,273.1,297.69
Precio a Fijar,2025-04-10,Girasol,2025-04-30,308.7,297.69
Precio a Fijar,2025-04-09,Girasol,2025-04-30,308.71,297.69
Precio a Fijar,2025-05-05,Soja,2025-06-05,257.5,
Precio Hecho,2025-05-07,Trigo,2025-05-07,195.93,195.93
Precio Hecho,2025-05-06,Soja,2025-05-06,264.45,264.45
Precio Hecho,2025-05-06,Trigo,2025-05-06,196.39999999999998,196.39999999999998
Precio Hecho,2025-05-06,Trigo,2025-05-06,196.39999999999998,196.39999999999998
Precio Hecho,2025-05-07,Maiz,2025-06-07,186.27666666666667,
Precio Hecho,2025-05-07,Soja,2025-05-17,268.21000000000004,
Precio Hecho,2025-05-07,Soja,2025-05-17,268.21000000000004,
Precio Hecho,2025-05-07,Soja,2025-05-17,268.21000000000004,
Precio Hecho,2025-04-29,Soja,2025-05-09,259.605,272.855
Precio a Fijar,2025-05-07,Maiz,2025-08-15,186.27666666666667,171.805
Precio Hecho,2025-05-07,Soja,2025-05-17,268.21000000000004,
Precio Hecho,2025-05-07,CEBADA FORR.,2025-06-30,,
Precio Hecho,2025-05-06,Soja,2025-05-16,264.45,270.32
Precio Hecho,2025-05-06,Soja,2025-05-16,264.45,270.32
Precio Hecho,2025-05-06,Soja,2025-05-16,264.45,270.32
Precio Hecho,2025-05-07,Soja,2025-05-17,268.21000000000004,
Precio Hecho,2025-05-07,Soja,2025-05-17,268.21000000000004,
Precio Hecho,2025-05-07,Soja,2025-05-17,268.21000000000004,
Precio Hecho,2025-05-07,Soja,2025-05-17,268.21000000000004,
Precio Hecho,2025-05-06,Soja,2025-05-16,264.45,270.32
Precio Hecho,2025-05-06,Soja,2025-05-16,264.45,270.32
Precio Hecho,2025-05-06,Soja,2025-05-16,264.45,270.32
Precio Hecho,2025-05-06,Soja,2025-05-16,264.45,270.32
Precio Hecho,2025-05-06,Soja,2025-05-16,264.45,270.32
Precio Hecho,2025-05-06,Soja,2025-05-16,264.45,270.32
Precio Hecho,2025-05-06,Soja,2025-05-16,264.45,270.32
Precio Hecho,2025-05-06,Soja,2025-05-16,264.45,270.32
Precio Hecho,2025-05-06,Soja,2025-05-16,264.45,270.32
Precio Hecho,2025-05-06,Soja,2025-05-16,264.45,270.32
Precio Hecho,2025-05-06,Soja,2025-05-16,264.45,270.32
Precio Hecho,2025-05-06,Soja,2025-05-16,264.45,270.32
Precio Hecho,2025-05-06,Soja,2025-05-16,264.45,270.32
Precio Hecho,2025-05-06,Soja,2025-05-16,264.45,270.32
Precio Hecho,2025-05-06,Soja,2025-05-16,264.45,270.32
Precio Hecho,2025-05-06,Soja,2025-05-16,264.45,270.32
Precio Hecho,2025-05-06,Soja,2025-05-16,264.45,270.32
Precio Hecho,2025-05-06,Soja,2025-05-16,264.45,270.32
Precio Hecho,2025-05-02,Soja,2025-05-12,,275.315
Precio Hecho,2025-05-02,Soja,2025-05-12,,275.315
Precio a Fijar,2025-05-07,Soja,2025-06-30,268.21000000000004,269.66999999999996
Precio a Fijar,2024-06-06,Soja,2024-07-06,,
Precio Hecho,2025-05-07,Maiz,2025-06-06,186.27666666666667,172.06333333333336
Precio Hecho,2025-05-07,Maiz,2025-06-06,186.27666666666667,172.06333333333336
Precio Hecho,2025-05-07,Maiz,2025-05-14,186.27666666666667,182.65
Precio Hecho,2025-05-07,Maiz,2025-05-14,186.27666666666667,182.65
Precio Hecho,2025-05-07,Trigo,2025-05-07,195.93,195.93
Precio Hecho,2025-05-07,Trigo,2025-05-07,195.93,195.93
Precio a Fijar,2025-02-20,Soja,2025-04-30,313.28,251.94
Precio a Fijar,2025-02-20,Soja,2025-04-30,313.28,251.94
Precio a Fijar,2025-02-17,Soja,2025-04-30,311.54,251.94
Precio a Fijar,2024-12-04,Trigo,2025-01-03,187.56,187.5175
Precio a Fijar,2024-09-13,Maiz,2025-03-31,176.40333333333334,202.515
Precio a Fijar,2024-08-06,Maiz,2025-03-31,170.79500000000002,202.515
Precio Hecho,2025-04-30,Trigo,2025-05-07,,195.93
Precio a Fijar,2025-05-05,Soja,2025-05-31,257.5,
Precio a Fijar,2025-04-21,Maiz,2025-05-21,197.44,185.86
Precio a Fijar,2025-04-11,Soja,2025-04-30,306.12,251.94
Precio a Fijar,2025-02-11,Maiz,2025-02-28,208.23,
Precio a Fijar,2025-01-24,Maiz,2025-02-24,,201.69666666666663
Precio a Fijar,2024-11-14,Soja,2024-11-30,300.15,
Precio a Fijar,2024-08-29,Maiz,2024-09-15,174.85,
Precio Hecho,2025-05-07,Soja,2025-06-06,268.21000000000004,268.9733333333333
Precio Hecho,2025-05-07,Trigo,2025-06-06,195.93,198.48
Precio Hecho,2025-05-07,Trigo,2025-05-07,195.93,195.93
Precio Hecho,2025-05-07,Soja,2025-05-07,268.21000000000004,268.21000000000004
Precio Hecho,2025-04-30,Trigo,2025-05-07,,195.93
Precio a Fijar,2025-05-07,CEBADA FORR.,2025-06-06,,
Precio Hecho,2025-05-07,Maiz,2025-05-07,186.27666666666667,186.27666666666667
Precio a Fijar,2025-02-17,Trigo,2025-02-17,209.26333333333332,209.26333333333332
Precio Hecho,2025-05-07,Soja,2025-05-15,268.21000000000004,269.255
Precio Hecho,2025-05-07,CEBADA FORR.,2025-06-30,,
Precio a Fijar,2024-12-03,Trigo,2025-01-02,184.9375,187.73333333333335
Precio Hecho,2025-05-06,Maiz,2025-05-11,189.99,
Precio Hecho,2025-05-07,Trigo,2025-05-14,195.93,197.88
Precio Hecho,2025-05-01,Soja,2025-05-10,,
Precio Hecho,2025-05-07,CEBADA CERV.,2025-08-31,,
Precio a Fijar,2025-02-25,Maiz,2026-01-31,199.87333333333333,
Precio a Fijar,2025-03-26,Maiz,2025-07-31,202.94,
Precio Hecho,2025-05-07,Trigo,2025-06-06,195.93,198.48
Precio a Fijar,2025-05-07,Maiz,2025-05-31,186.27666666666667,
Precio a Fijar,2025-05-07,Maiz,2025-05-31,186.27666666666667,
Precio Hecho,2025-05-07,Trigo,2025-06-07,195.93,
Precio a Fijar,2025-05-07,CEBADA FORR.,2025-06-06,,
Precio a Fijar,2025-05-07,Soja,2025-06-06,268.21000000000004,268.9733333333333
Precio a Fijar,2025-05-07,Soja,2025-06-06,268.21000000000004,268.9733333333333
Precio a Fijar,2025-05-07,Soja,2025-06-06,268.21000000000004,268.9733333333333
Precio a Fijar,2025-05-07,Trigo,2026-01-31,195.93,
Precio a Fijar,2025-05-07,Soja,2025-05-31,268.21000000000004,
Precio a Fijar,2025-05-07,CEBADA FORR.,2026-01-15,,
Precio a Fijar,2025-05-07,Soja,2025-06-06,268.21000000000004,268.9733333333333
Precio Hecho,2025-05-06,Soja,2025-05-07,264.45,268.21000000000004
Precio Hecho,2025-05-07,Trigo,2025-06-07,195.93,
Precio Hecho,2025-05-07,Trigo,2025-06-07,195.93,
Precio Hecho,2025-05-07,Trigo,2025-06-07,195.93,
Precio Hecho,2025-05-07,Trigo,2025-06-07,195.93,
Precio Hecho,2025-05-07,Trigo,2025-06-06,195.93,198.48
Precio Hecho,2025-05-04,Maiz,2025-06-04,,
Precio Hecho,2025-05-04,Soja,2025-06-04,,
Precio Hecho,2025-04-30,Soja,2025-05-30,251.94,269.36
Precio Hecho,2025-04-30,Soja,2025-05-30,251.94,269.36
Precio Hecho,2025-04-29,Soja,2025-05-29,259.605,267.955
Precio Hecho,2025-04-29,Soja,2025-05-29,259.605,267.955
Precio Hecho,2025-04-29,Soja,2025-05-29,259.605,267.955
Precio Hecho,2025-04-29,Maiz,2025-05-29,196.565,177.26
Precio Hecho,2025-04-29,Soja,2025-05-29,259.605,267.955
Precio Hecho,2025-04-29,Soja,2025-05-29,259.605,267.955
Precio Hecho,2025-04-29,Soja,2025-05-29,259.605,267.955
Precio Hecho,2025-04-29,Soja,2025-05-29,259.605,267.955
Precio Hecho,2025-04-28,Maiz,2025-05-28,197.285,181.03
Precio Hecho,2025-04-28,Maiz,2025-05-28,197.285,181.03
Precio Hecho,2025-05-07,Trigo,2025-06-06,195.93,198.48
Precio a Fijar,2025-05-07,Soja,2025-06-30,268.21000000000004,269.66999999999996
Precio Hecho,2025-05-07,Soja,2025-05-07,268.21000000000004,268.21000000000004
Precio Hecho,2025-05-07,Soja,2025-05-07,268.21000000000004,268.21000000000004
Precio Hecho,2025-05-07,Soja,2025-05-07,268.21000000000004,268.21000000000004
Precio Hecho,2025-05-07,Soja,2025-05-07,268.21000000000004,268.21000000000004
Precio Hecho,2025-05-07,Soja,2025-05-07,268.21000000000004,268.21000000000004
Precio Hecho,2025-05-05,Soja,2025-06-05,257.5,
Precio Hecho,2025-05-07,Girasol,2025-05-07,297.6,297.6
Precio a Fijar,2025-05-07,Soja,2025-05-31,268.21000000000004,
Precio a Fijar,2025-05-06,Soja,2025-05-06,264.45,264.45
Precio a Fijar,2025-05-06,Soja,2025-05-06,264.45,264.45
Precio a Fijar,2025-05-06,Soja,2025-05-06,264.45,264.45
Precio Hecho,2025-05-07,Maiz,2025-05-07,186.27666666666667,186.27666666666667
Precio a Fijar,2025-05-06,Soja,2025-05-06,264.45,264.45
Precio a Fijar,2025-03-18,Maiz,2025-05-02,197.565,
Precio Hecho,2025-05-07,Trigo,2025-06-07,195.93,
Precio a Fijar,2025-03-18,Maiz,2025-05-02,197.565,
Precio a Fijar,2025-03-18,Maiz,2025-05-02,197.565,
Precio Hecho,2025-04-28,Maiz,2025-05-28,197.285,181.03
Precio a Fijar,2025-03-18,Maiz,2025-05-02,197.565,
Precio a Fijar,2025-03-18,Maiz,2025-04-11,197.565,208.72
Precio a Fijar,2025-03-18,Maiz,2025-04-11,197.565,208.72
Precio a Fijar,2025-05-06,Soja,2025-05-06,264.45,264.45
Precio Hecho,2025-04-28,Soja,2025-05-28,285.395,267.24
Precio a Fijar,2025-05-06,Soja,2025-05-06,264.45,264.45
Precio Hecho,2025-04-28,Soja,2025-05-28,285.395,267.24
Precio Hecho,2025-04-28,Soja,2025-05-28,285.395,267.24
Precio a Fijar,2025-05-06,Soja,2025-05-06,264.45,264.45
Precio Hecho,2025-04-28,Soja,2025-05-28,285.395,267.24
Precio Hecho,2025-04-28,Soja,2025-05-28,285.395,267.24
Precio a Fijar,2025-05-06,Soja,2025-05-06,264.45,264.45
Precio Hecho,2025-04-22,Soja,2025-05-22,275.82,274.77
Precio a Fijar,2025-05-06,Soja,2025-05-06,264.45,264.45
Precio a Fijar,2025-05-06,Soja,2025-05-06,264.45,264.45
Precio a Fijar,2025-05-06,Soja,2025-05-06,264.45,264.45
Precio a Fijar,2025-05-06,Soja,2025-05-06,264.45,264.45
Precio Hecho,2025-04-28,Soja,2025-05-28,285.395,267.24
Precio Hecho,2025-04-28,Soja,2025-05-28,285.395,267.24
Precio a Fijar,2025-05-06,Soja,2025-05-06,264.45,264.45
Precio Hecho,2025-04-28,Soja,2025-05-28,285.395,267.24
Precio Hecho,2025-04-28,Soja,2025-05-28,285.395,267.24
Precio Hecho,2025-04-25,Soja,2025-05-25,266.495,
Precio a Fijar,2025-05-06,Soja,2025-05-06,264.45,264.45
Precio Hecho,2025-04-23,Maiz,2025-05-23,,181.645
Precio Hecho,2025-04-23,Soja,2025-05-23,,269.57
Precio Hecho,2025-04-23,Soja,2025-05-23,,269.57
Precio Hecho,2025-05-07,Maiz,2025-05-07,186.27666666666667,186.27666666666667
Precio Hecho,2025-04-22,Maiz,2025-05-22,198.825,184.235
Precio Hecho,2025-04-22,Soja,2025-05-22,275.82,274.77
Precio a Fijar,2025-05-05,Soja,2025-05-05,257.5,257.5
Precio Hecho,2025-04-22,Soja,2025-05-22,275.82,274.77
Precio a Fijar,2025-02-04,Maiz,2025-02-15,213.42,
Precio Hecho,2025-05-07,Maiz,2025-05-07,186.27666666666667,186.27666666666667
Precio Hecho,2025-04-22,Soja,2025-05-22,275.82,274.77
Precio Hecho,2025-04-22,Soja,2025-05-22,275.82,274.77
Precio Hecho,2025-04-23,Maiz,2025-04-30,,194.185
Precio Hecho,2025-04-22,Soja,2025-05-22,275.82,274.77
Precio Hecho,2025-05-07,Maiz,2025-05-07,186.27666666666667,186.27666666666667
Precio Hecho,2025-04-22,Maiz,2025-05-22,198.825,184.235
Precio Hecho,2025-04-22,Maiz,2025-05-22,198.825,184.235
Precio Hecho,2025-04-17,Soja,2025-05-17,,
Precio a Fijar,2025-05-05,Soja,2025-05-05,257.5,257.5
Precio Hecho,2025-05-07,Soja,2025-05-30,268.21000000000004,269.36
Precio a Fijar,2025-03-18,Maiz,2025-04-25,197.565,199.23
Precio a Fijar,2025-03-18,Maiz,2025-04-28,197.565,197.285
Precio a Fijar,2025-03-18,Maiz,2025-04-18,197.565,
Precio a Fijar,2025-03-18,Maiz,2025-04-18,197.565,
Precio a Fijar,2025-02-20,Maiz,2025-04-04,209.01,199.35
Precio a Fijar,2025-02-20,Maiz,2025-04-04,209.01,199.35
Precio a Fijar,2025-02-20,Maiz,2025-03-28,209.01,193.76
Precio a Fijar,2025-02-20,Maiz,2025-03-28,209.01,193.76
Precio Hecho,2025-05-07,Maiz,2025-05-17,186.27666666666667,
Precio Hecho,2025-04-29,Maiz,2025-05-16,196.565,184.035
Precio a Fijar,2025-05-06,Girasol,2025-06-06,304.41,297.72
Precio a Fijar,2025-05-06,Girasol,2025-05-31,304.41,
Precio a Fijar,2025-05-05,Girasol,2025-05-31,297.75,
Precio a Fijar,2025-02-21,Maiz,2025-03-15,207.4,
Precio a Fijar,2025-02-19,Girasol,2025-02-28,,
Precio a Fijar,2025-02-04,Girasol,2025-03-31,203.94,304.145
Precio a Fijar,2024-12-16,Maiz,2025-01-31,177.67,211.68
Precio a Fijar,2024-12-11,Maiz,2025-03-31,181.82,202.515
Precio a Fijar,2025-03-07,Maiz,2025-04-06,196.91,
Precio a Fijar,2024-12-18,Trigo,2025-01-18,189.99,
Precio Hecho,2025-05-07,Trigo,2025-05-28,195.93,198.28
Precio Hecho,2025-05-07,Soja,2025-05-09,268.21000000000004,272.855
Precio a Fijar,2024-11-14,Trigo,2024-12-31,184.44333333333336,
Precio a Fijar,2024-12-16,Trigo,2024-12-31,187.98250000000002,
Precio a Fijar,2024-10-21,Soja,2024-11-30,316.26,
Precio a Fijar,2024-09-25,Soja,2024-10-25,294.12,292.51
Precio a Fijar,2025-05-07,Maiz,2025-06-07,186.27666666666667,
Precio a Fijar,2025-05-07,Maiz,2025-06-07,186.27666666666667,
Precio a Fijar,2024-12-26,Maiz,2025-04-30,185.53,194.185
Precio a Fijar,2024-11-14,Trigo,2024-11-30,184.44333333333336,
Precio a Fijar,2025-05-07,Soja,2025-06-07,268.21000000000004,
Precio Hecho,2025-05-05,Soja,2025-06-04,257.5,
Precio a Fijar,2024-09-23,Trigo,2025-03-01,215.67,
Precio Hecho,2025-05-07,Maiz,2025-05-07,186.27666666666667,186.27666666666667
Precio Hecho,2025-05-07,Soja,2025-05-30,268.21000000000004,269.36
Precio a Fijar,2025-05-07,Soja,2025-06-07,268.21000000000004,
Precio Hecho,2025-05-07,Trigo,2025-05-07,195.93,195.93
Precio Hecho,2025-05-07,Trigo,2025-05-07,195.93,195.93
Precio a Fijar,2025-05-07,Maiz,2025-06-06,186.27666666666667,172.06333333333336
Precio Hecho,2025-05-07,Trigo,2025-05-07,195.93,195.93
Precio Hecho,2025-05-07,ARROZ C.L.F,2025-05-07,,
Precio a Fijar,2024-07-29,Trigo,2025-03-01,251.555,
Precio a Fijar,2024-10-31,Trigo,2024-12-31,196.98,
Precio a Fijar,2025-01-23,Trigo,2025-02-22,189.81,
Precio a Fijar,2024-12-17,Trigo,2025-01-16,189.59,187.54749999999999
Precio Hecho,2025-04-28,Trigo,2025-05-07,199.49,195.93
Precio Hecho,2025-04-28,Maiz,2025-05-07,197.285,186.27666666666667
Precio Hecho,2025-04-28,Maiz,2025-05-07,197.285,186.27666666666667
Precio Hecho,2025-05-07,Soja,2025-05-07,268.21000000000004,268.21000000000004
Precio a Fijar,2024-06-19,Trigo,2025-03-01,255.2,
Precio Hecho,2025-05-07,Soja,2025-05-07,268.21000000000004,268.21000000000004
Precio a Fijar,2025-04-24,Soja,2025-05-30,268.31,269.36
Precio a Fijar,2025-04-24,Soja,2025-05-30,268.31,269.36
Precio Hecho,2025-05-06,Maiz,2025-06-05,189.99,
Precio Hecho,2025-05-05,CEBADA CERV.,2025-06-04,,
Precio Hecho,2025-05-06,Trigo,2025-06-06,196.39999999999998,198.48
Precio Hecho,2025-05-06,Trigo,2025-06-06,196.39999999999998,198.48
Precio Hecho,2025-05-07,Soja,2025-05-07,268.21000000000004,268.21000000000004
Precio Hecho,2025-05-07,Trigo,2025-05-07,195.93,195.93
Precio Hecho,2025-05-06,Maiz,2025-06-05,189.99,
Precio Hecho,2025-04-30,Soja,2025-04-30,251.94,251.94
Precio Hecho,2025-05-07,Soja,2025-05-07,268.21000000000004,268.21000000000004
Precio Hecho,2025-05-07,Soja,2025-05-07,268.21000000000004,268.21000000000004
Precio a Fijar,2025-04-23,Soja,2025-07-31,,
Precio Hecho,2025-05-07,Soja,2025-05-07,268.21000000000004,268.21000000000004
Precio a Fijar,2025-04-23,Soja,2025-07-31,,
Precio Hecho,2025-05-07,Trigo,2025-06-07,195.93,
Precio Hecho,2025-05-07,Soja,2025-05-07,268.21000000000004,268.21000000000004
Precio a Fijar,2025-04-23,Soja,2025-07-31,,
Precio Hecho,2025-05-07,Soja,2025-05-07,268.21000000000004,268.21000000000004
Precio Hecho,2025-05-07,Maiz,2025-06-07,186.27666666666667,
Precio a Fijar,2025-05-06,Maiz,2025-05-30,189.99,175.93
Precio a Fijar,2025-05-02,Maiz,2025-05-02,,
Precio a Fijar,2025-05-05,Soja,2025-06-04,257.5,
Precio a Fijar,2025-01-14,CEBADA CERV.,2025-11-30,,
Precio a Fijar,2025-05-01,Maiz,2025-05-01,,
Precio a Fijar,2024-11-20,CEBADA CERV.,2025-11-30,,
Precio a Fijar,2025-05-05,Soja,2025-06-30,257.5,269.66999999999996
Precio Hecho,2025-05-07,Soja,2025-05-08,268.21000000000004,268.56
Precio Hecho,2025-05-01,Soja,2025-05-08,,268.56
Precio Hecho,2025-05-01,Soja,2025-05-08,,268.56
Precio Hecho,2025-05-02,Soja,2025-05-02,,
Precio Hecho,2025-05-07,Maiz,2025-05-08,186.27666666666667,183.12
Precio a Fijar,2025-04-24,Soja,2025-04-24,268.31,268.31
Precio Hecho,2025-05-07,Soja,2025-05-08,268.21000000000004,268.56
Precio Hecho,2025-05-02,Soja,2025-05-02,,
Precio a Fijar,2024-11-11,CEBADA CERV.,2025-11-30,,
Precio a Fijar,2025-04-24,Soja,2025-04-24,268.31,268.31
Precio Hecho,2025-05-07,Maiz,2025-05-08,186.27666666666667,183.12
Precio a Fijar,2024-07-01,CEBADA CERV.,2025-07-31,,
Precio a Fijar,2024-08-13,CEBADA CERV.,2025-07-31,,
Precio a Fijar,2025-04-21,Soja,2025-04-21,273.08,273.08
Precio Hecho,2025-05-07,Maiz,2025-05-08,186.27666666666667,183.12
Precio Hecho,2025-05-07,Maiz,2025-05-08,186.27666666666667,183.12
Precio Hecho,2025-05-07,ARROZ C.L.F,2025-05-07,,
Precio Hecho,2025-05-07,ARROZ C.L.F,2025-05-07,,
Precio Hecho,2025-05-07,Soja,2025-05-08,268.21000000000004,268.56
Precio Hecho,2025-05-07,Maiz,2025-05-08,186.27666666666667,183.12
Precio Hecho,2025-05-07,Soja,2025-05-08,268.21000000000004,268.56
Precio Hecho,2025-05-07,Trigo,2025-06-07,195.93,
Precio a Fijar,2025-05-06,Maiz,2025-06-05,189.99,
Precio Hecho,2025-05-07,Soja,2025-06-06,268.21000000000004,268.9733333333333
Precio Hecho,2025-05-07,Soja,2025-06-05,268.21000000000004,
Precio a Fijar,2025-04-21,Soja,2025-04-21,273.08,273.08
Precio Hecho,2025-05-07,Maiz,2025-05-17,186.27666666666667,
Precio a Fijar,2025-05-07,Maiz,2025-05-15,186.27666666666667,183.48000000000002
Precio Hecho,2025-05-07,Trigo,2025-05-31,195.93,
Precio a Fijar,2025-04-21,Soja,2025-04-21,273.08,273.08
Precio a Fijar,2025-04-21,Soja,2025-04-21,273.08,273.08
Precio Hecho,2025-05-07,Soja,2025-06-05,268.21000000000004,
Precio Hecho,2025-05-07,Trigo,2025-05-09,195.93,194.45
Precio a Fijar,2025-04-17,Maiz,2025-04-17,,
Precio Hecho,2025-05-07,Trigo,2025-05-30,195.93,198.48
Precio a Fijar,2025-02-13,Maiz,2025-05-15,206.1,183.48000000000002
Precio a Fijar,2025-02-13,Maiz,2025-05-15,206.1,183.48000000000002
Precio Hecho,2025-05-07,Trigo,2025-05-14,195.93,197.88
Precio a Fijar,2025-01-29,Maiz,2025-05-15,208.11333333333334,183.48000000000002
Precio Hecho,2025-05-07,Soja,2025-05-31,268.21000000000004,
Precio a Fijar,2025-01-29,Maiz,2025-05-15,208.11333333333334,183.48000000000002
Precio Hecho,2025-05-07,Trigo,2025-05-10,195.93,
Precio a Fijar,2025-04-11,Maiz,2025-04-11,208.72,208.72
Precio a Fijar,2025-04-21,Soja,2025-05-21,273.08,273.605
Precio a Fijar,2025-04-21,Soja,2025-05-21,273.08,273.605
Precio a Fijar,2025-04-21,Soja,2025-05-21,273.08,273.605
Precio a Fijar,2025-04-21,Soja,2025-05-21,273.08,273.605
Precio a Fijar,2025-01-29,Maiz,2025-05-15,208.11333333333334,183.48000000000002
Precio a Fijar,2025-04-29,Maiz,2025-05-29,196.565,177.26
Precio a Fijar,2025-04-11,Soja,2025-04-11,306.12,306.12
Precio Hecho,2025-05-02,Maiz,2025-05-02,,
Precio a Fijar,2025-04-05,Soja,2025-04-05,,
Precio Hecho,2025-05-07,Maiz,2025-05-07,186.27666666666667,186.27666666666667
Precio Hecho,2025-05-02,Maiz,2025-05-02,,
Precio Hecho,2025-05-07,Trigo,2025-05-07,195.93,195.93
Precio a Fijar,2025-01-16,Soja,2025-04-30,273.51,251.94
Precio a Fijar,2025-01-16,Soja,2025-04-30,273.51,251.94
Precio a Fijar,2025-01-09,Soja,2025-04-20,,
Precio a Fijar,2025-01-16,Soja,2025-04-30,273.51,251.94
Precio a Fijar,2025-04-03,Maiz,2025-04-03,198.6,198.6
Precio a Fijar,2025-05-05,Soja,2025-06-04,257.5,
Precio a Fijar,2025-04-24,Soja,2025-05-24,268.31,
Precio a Fijar,2025-01-16,Soja,2025-04-30,273.51,251.94
Precio a Fijar,2024-10-28,Soja,2025-05-31,308.55,
Precio a Fijar,2024-05-21,Soja,2024-06-20,,
Precio Hecho,2025-05-02,Maiz,2025-05-02,,
Precio a Fijar,2025-05-05,Soja,2025-06-04,257.5,
Precio a Fijar,2025-05-05,Soja,2025-06-04,257.5,
Precio a Fijar,2025-04-30,Soja,2025-05-30,251.94,269.36
Precio a Fijar,2025-04-30,Soja,2025-05-30,251.94,269.36
Precio a Fijar,2025-04-28,Soja,2025-05-28,285.395,267.24
Precio a Fijar,2025-04-26,Soja,2025-05-26,,269.98
Precio a Fijar,2025-04-25,Soja,2025-05-25,266.495,
Precio a Fijar,2025-04-24,Soja,2025-05-24,268.31,
Precio a Fijar,2025-03-19,Soja,2025-04-18,306.15,
Precio a Fijar,2025-01-16,Soja,2025-04-30,273.51,251.94
Precio a Fijar,2024-11-11,Soja,2025-04-30,,251.94
Precio a Fijar,2024-11-08,Soja,2025-05-15,310.43,269.255
Precio a Fijar,2024-11-07,Soja,2024-12-07,311.56,
Precio a Fijar,2024-10-28,Soja,2025-05-31,308.55,
Precio a Fijar,2024-09-03,Soja,2024-10-03,304.14,
Precio a Fijar,2024-08-02,Soja,2025-04-30,289.04,251.94
Precio a Fijar,2024-05-21,Soja,2024-06-20,,
Precio a Fijar,2024-04-19,Soja,2024-05-19,286.57500000000005,
Precio a Fijar,2024-04-10,Soja,2024-05-30,286.90000000000003,316.74333333333334
Precio a Fijar,2024-04-04,Soja,2024-05-04,284.39,
Precio Hecho,2025-05-02,Maiz,2025-05-02,,
Precio a Fijar,2025-01-16,Soja,2025-04-30,273.51,251.94
Precio Hecho,2025-05-02,Maiz,2025-05-02,,
Precio Hecho,2025-05-06,Maiz,2025-06-05,189.99,
Precio Hecho,2025-05-06,Maiz,2025-06-05,189.99,
Precio Hecho,2025-04-29,Maiz,2025-05-30,196.565,175.93
Precio a Fijar,2025-05-06,Maiz,2025-06-06,189.99,172.06333333333336
Precio a Fijar,2025-05-06,Maiz,2025-07-16,189.99,174.07
Precio a Fijar,2025-05-06,Maiz,2025-06-05,189.99,
Precio a Fijar,2025-04-24,Trigo,2025-04-24,194.615,194.615
Precio Hecho,2025-05-07,Maiz,2025-05-07,186.27666666666667,186.27666666666667
Precio Hecho,2025-04-29,Maiz,2025-05-30,196.565,175.93
Precio Hecho,2025-05-05,Trigo,2025-06-05,194.39666666666668,
Precio Hecho,2025-05-07,Soja,2025-05-07,268.21000000000004,268.21000000000004
Precio Hecho,2025-05-07,Soja,2025-05-07,268.21000000000004,268.21000000000004
Precio Hecho,2025-05-07,Maiz,2025-05-07,186.27666666666667,186.27666666666667
Precio Hecho,2025-05-07,Maiz,2025-05-07,186.27666666666667,186.27666666666667
Precio Hecho,2025-05-06,Trigo,2025-05-06,196.39999999999998,196.39999999999998
Precio Hecho,2025-05-05,Trigo,2025-05-23,194.39666666666668,198.5
Precio Hecho,2025-05-07,Soja,2025-05-07,268.21000000000004,268.21000000000004
Precio Hecho,2025-05-07,Soja,2025-05-07,268.21000000000004,268.21000000000004
Precio Hecho,2025-05-07,Trigo,2025-05-07,195.93,195.93
Precio Hecho,2025-05-07,Soja,2025-05-07,268.21000000000004,268.21000000000004
Precio a Fijar,2025-05-06,Soja,2025-06-05,264.45,
Precio a Fijar,2025-05-06,Soja,2025-06-05,264.45,
Precio a Fijar,2025-05-06,Soja,2025-06-05,264.45,
Precio a Fijar,2025-05-06,Soja,2025-06-06,264.45,268.9733333333333
Precio a Fijar,2025-05-06,Soja,2025-06-06,264.45,268.9733333333333
Precio Hecho,2025-05-06,Soja,2025-05-09,264.45,272.855
Precio Hecho,2025-05-06,Soja,2025-05-09,264.45,272.855
Precio a Fijar,2025-05-06,Soja,2025-06-05,264.45,
Precio a Fijar,2025-05-06,Soja,2025-06-05,264.45,
Precio a Fijar,2025-04-08,Soja,2025-05-08,297.33,268.56
Precio a Fijar,2025-04-08,Soja,2025-05-08,297.33,268.56
Precio a Fijar,2025-04-04,Soja,2025-05-04,288.1,
Precio a Fijar,2025-04-04,Soja,2025-05-04,288.1,
Precio a Fijar,2025-01-28,Soja,2025-04-30,294.96,251.94
Precio a Fijar,2025-01-10,Soja,2025-04-30,281.39,251.94
Precio a Fijar,2025-01-09,Soja,2025-04-20,,
Precio a Fijar,2025-01-03,Soja,2025-04-30,275.23,251.94
Precio a Fijar,2024-12-30,Soja,2025-04-30,276.16,251.94
Precio a Fijar,2024-12-19,Soja,2025-05-31,273.7,
Precio a Fijar,2024-12-12,Soja,2025-04-30,289.5,251.94
Precio a Fijar,2024-10-03,Soja,2024-11-03,,
Precio a Fijar,2025-03-28,Soja,2025-04-07,,288.1
Precio a Fijar,2024-12-26,Soja,2025-04-30,277.8,251.94
Precio a Fijar,2024-12-11,Soja,2025-04-30,,251.94
Precio a Fijar,2024-12-11,Soja,2025-04-30,,251.94
Precio a Fijar,2024-12-26,Maiz,2025-04-30,185.53,194.185
Precio a Fijar,2024-12-26,Maiz,2025-04-30,185.53,194.185
Precio a Fijar,2025-05-06,Soja,2025-06-05,264.45,
Precio a Fijar,2025-05-06,Soja,2025-06-05,264.45,
Precio a Fijar,2025-05-06,Soja,2025-06-05,264.45,
Precio a Fijar,2025-05-06,Soja,2025-06-05,264.45,
Precio a Fijar,2025-05-06,Soja,2025-06-05,264.45,
Precio Hecho,2025-05-06,Maiz,2025-06-06,189.99,172.06333333333336
Precio a Fijar,2025-05-06,Soja,2025-05-31,264.45,
Precio a Fijar,2025-05-06,Soja,2025-06-30,264.45,269.66999999999996
Precio a Fijar,2025-05-06,Soja,2025-05-23,264.45,269.57
Precio a Fijar,2025-05-06,Soja,2025-05-23,264.45,269.57
Precio a Fijar,2025-05-06,Soja,2025-05-31,264.45,
Precio a Fijar,2025-05-06,Soja,2025-05-31,264.45,
Precio a Fijar,2025-05-06,Maiz,2025-11-30,189.99,
Precio a Fijar,2025-05-06,Maiz,2025-11-30,189.99,
Precio Hecho,2025-05-06,Soja,2025-05-06,264.45,264.45
Precio a Fijar,2025-05-06,Soja,2025-05-23,264.45,269.57
Precio a Fijar,2025-05-06,Soja,2025-06-06,264.45,268.9733333333333
Precio a Fijar,2025-05-06,Soja,2025-06-06,264.45,268.9733333333333
Precio a Fijar,2025-05-06,Soja,2025-06-06,264.45,268.9733333333333
Precio a Fijar,2025-05-06,Soja,2025-05-06,264.45,264.45
Precio a Fijar,2025-04-17,Soja,2025-05-30,,269.36
Precio a Fijar,2025-05-06,Soja,2025-06-30,264.45,269.66999999999996
Precio a Fijar,2025-05-06,Soja,2025-05-23,264.45,269.57
Precio a Fijar,2025-05-06,Soja,2025-05-23,264.45,269.57
Precio a Fijar,2025-05-06,Soja,2025-05-31,264.45,
Precio a Fijar,2025-02-25,Soja,2025-03-05,310.88,299.27
Precio a Fijar,2024-12-18,Soja,2025-04-30,273.84,251.94
Precio a Fijar,2024-10-16,Soja,2024-11-16,,
Precio a Fijar,2025-02-12,Soja,2025-03-12,302.82,308.41
Precio a Fijar,2024-12-09,Soja,2025-05-15,290.31,269.255
Precio a Fijar,2025-03-11,Soja,2025-04-30,,251.94
Precio a Fijar,2025-03-11,Soja,2025-04-30,,251.94
Precio a Fijar,2024-11-15,Soja,2024-12-15,303.24,
Precio a Fijar,2024-09-23,Soja,2024-09-23,310.56,310.56
Precio a Fijar,2024-03-27,Soja,2024-04-27,285.55,
Precio a Fijar,2025-01-13,Trigo,2025-03-31,186.73000000000002,218.81
Precio a Fijar,2025-04-24,Soja,2025-05-30,268.31,269.36
Precio a Fijar,2025-04-24,Soja,2025-05-30,268.31,269.36
Precio a Fijar,2025-04-24,Soja,2025-05-30,268.31,269.36
Precio a Fijar,2025-04-24,Soja,2025-05-30,268.31,269.36
Precio Hecho,2025-05-06,Soja,2025-06-06,264.45,268.9733333333333
Precio a Fijar,2025-04-24,Soja,2025-05-30,268.31,269.36
Precio Hecho,2025-04-24,Soja,2025-05-30,268.31,269.36
Precio Hecho,2025-05-06,Soja,2025-05-07,264.45,268.21000000000004
Precio Hecho,2025-05-06,Soja,2025-05-07,264.45,268.21000000000004
Precio Hecho,2025-05-06,Soja,2025-06-06,264.45,268.9733333333333
Precio a Fijar,2025-05-06,Soja,2025-06-06,264.45,268.9733333333333
Precio a Fijar,2025-05-06,Soja,2025-06-30,264.45,269.66999999999996
Precio a Fijar,2025-05-06,Soja,2025-06-06,264.45,268.9733333333333
Precio a Fijar,2025-05-06,Soja,2025-06-06,264.45,268.9733333333333
Precio a Fijar,2025-05-06,Soja,2025-06-06,264.45,268.9733333333333
Precio a Fijar,2025-05-06,Soja,2025-06-06,264.45,268.9733333333333
Precio a Fijar,2025-05-06,Soja,2025-06-06,264.45,268.9733333333333
Precio a Fijar,2025-05-06,Soja,2025-06-06,264.45,268.9733333333333
Precio a Fijar,2025-05-06,Soja,2025-06-06,264.45,268.9733333333333
Precio a Fijar,2025-05-06,Soja,2025-05-06,264.45,264.45
Precio a Fijar,2025-05-06,Soja,2025-06-06,264.45,268.9733333333333
Precio a Fijar,2025-05-06,Soja,2025-06-06,264.45,268.9733333333333
Precio a Fijar,2025-05-06,Soja,2025-05-23,264.45,269.57
Precio a Fijar,2025-04-24,Soja,2025-05-30,268.31,269.36
Precio a Fijar,2025-04-24,Soja,2025-05-16,268.31,270.32
Precio Hecho,2025-05-06,Soja,2025-06-05,264.45,
Precio Hecho,2025-05-06,Trigo,2025-12-15,196.39999999999998,
Precio Hecho,2025-05-06,Soja,2025-05-15,264.45,269.255
Precio a Fijar,2024-11-25,Trigo,2025-08-31,185.04,
Precio Hecho,2025-05-06,Trigo,2025-05-07,196.39999999999998,195.93
Precio Hecho,2025-05-06,Soja,2025-05-07,264.45,268.21000000000004
Precio Hecho,2025-05-06,Soja,2025-05-07,264.45,268.21000000000004
Precio Hecho,2025-05-06,Maiz,2025-06-06,189.99,172.06333333333336
Precio Hecho,2025-05-06,Soja,2025-05-07,264.45,268.21000000000004
Precio Hecho,2025-05-06,Soja,2025-05-07,264.45,268.21000000000004
Precio a Fijar,2024-09-13,Maiz,2025-03-31,176.40333333333334,202.515
Precio a Fijar,2024-10-16,Trigo,2025-05-31,,
Precio Hecho,2025-05-06,Maiz,2025-06-30,189.99,168.39333333333332
Precio Hecho,2025-05-06,ACEITE SOJA,2025-06-06,,
Precio Hecho,2025-05-06,Soja,2025-05-07,264.45,268.21000000000004
Precio Hecho,2025-05-06,Soja,2025-05-07,264.45,268.21000000000004
Precio a Fijar,2024-10-10,Soja,2025-04-30,306.44,251.94
Precio Hecho,2025-05-06,Soja,2025-05-07,264.45,268.21000000000004
Precio Hecho,2025-05-06,Trigo,2025-05-07,196.39999999999998,195.93
Precio Hecho,2025-05-06,Soja,2025-05-07,264.45,268.21000000000004
Precio Hecho,2025-05-06,Trigo,2025-05-07,196.39999999999998,195.93
Precio a Fijar,2025-05-06,Soja,2025-06-06,264.45,268.9733333333333
Precio a Fijar,2025-05-06,Soja,2025-06-06,264.45,268.9733333333333
Precio a Fijar,2025-05-06,Soja,2025-06-06,264.45,268.9733333333333
Precio a Fijar,2025-05-06,Soja,2025-06-06,264.45,268.9733333333333
Precio a Fijar,2025-05-06,Soja,2025-06-06,264.45,268.9733333333333
Precio a Fijar,2025-05-06,Soja,2025-06-06,264.45,268.9733333333333
Precio a Fijar,2025-05-06,Soja,2025-06-06,264.45,268.9733333333333
Precio a Fijar,2025-05-06,Soja,2025-06-06,264.45,268.9733333333333
Precio a Fijar,2025-05-06,Soja,2025-06-06,264.45,268.9733333333333
Precio a Fijar,2025-05-06,Soja,2025-06-06,264.45,268.9733333333333
Precio a Fijar,2025-05-06,Soja,2025-06-06,264.45,268.9733333333333
Precio a Fijar,2025-05-06,Soja,2025-06-30,264.45,269.66999999999996
Precio a Fijar,2025-05-06,Soja,2025-06-06,264.45,268.9733333333333
Precio a Fijar,2025-05-06,Maiz,2025-06-05,189.99,
Precio Hecho,2025-05-06,Trigo,2025-06-06,196.39999999999998,198.48
Precio a Fijar,2025-03-10,Soja,2025-05-10,308.16,
Precio Hecho,2025-05-06,Trigo,2025-06-06,196.39999999999998,198.48
Precio a Fijar,2025-03-10,Soja,2025-05-10,308.16,
Precio a Fijar,2024-11-08,Maiz,2025-04-30,183.88666666666666,194.185
Precio Hecho,2025-04-29,Soja,2025-04-29,259.605,259.605
Precio Hecho,2025-04-30,Soja,2025-04-30,251.94,251.94
Precio Hecho,2025-04-30,Soja,2025-04-30,251.94,251.94
Precio Hecho,2025-04-30,Soja,2025-04-30,251.94,251.94
Precio Hecho,2025-05-05,Soja,2025-05-05,257.5,257.5
Precio Hecho,2025-05-05,Soja,2025-05-05,257.5,257.5
Precio Hecho,2025-05-02,Soja,2025-05-02,,
Precio Hecho,2025-04-28,Soja,2025-04-28,285.395,285.395
Precio Hecho,2025-04-25,Soja,2025-04-25,266.495,266.495
Precio Hecho,2025-04-24,Soja,2025-04-24,268.31,268.31
Precio Hecho,2025-04-25,Soja,2025-04-25,266.495,266.495
Precio Hecho,2025-05-05,Soja,2025-05-05,257.5,257.5
Precio Hecho,2025-05-05,Soja,2025-05-05,257.5,257.5
Precio Hecho,2025-04-21,Soja,2025-04-21,273.08,273.08
Precio Hecho,2025-04-29,Soja,2025-04-29,259.605,259.605
Precio Hecho,2025-04-29,Soja,2025-04-29,259.605,259.605
Precio Hecho,2025-05-05,Soja,2025-05-05,257.5,257.5
Precio Hecho,2025-05-05,Soja,2025-05-05,257.5,257.5
Precio Hecho,2025-05-05,Soja,2025-05-05,257.5,257.5
Precio Hecho,2025-04-24,Soja,2025-04-24,268.31,268.31
Precio Hecho,2025-04-28,Soja,2025-04-28,285.395,285.395
Precio Hecho,2025-04-28,Soja,2025-04-28,285.395,285.395
Precio Hecho,2025-04-25,Soja,2025-04-25,266.495,266.495
Precio Hecho,2025-04-25,Soja,2025-04-25,266.495,266.495
Precio Hecho,2025-05-05,Maiz,2025-05-05,186.375,186.375
Precio Hecho,2025-05-05,Maiz,2025-05-05,186.375,186.375
Precio Hecho,2025-05-05,Maiz,2025-05-05,186.375,186.375
Precio Hecho,2025-05-05,Maiz,2025-05-05,186.375,186.375
Precio Hecho,2025-04-30,Maiz,2025-04-30,194.185,194.185
Precio Hecho,2025-04-23,Maiz,2025-04-23,,
Precio Hecho,2025-05-05,Maiz,2025-05-05,186.375,186.375
Precio Hecho,2025-04-24,Trigo,2025-04-24,194.615,194.615
Precio Hecho,2025-05-06,Trigo,2025-05-06,196.39999999999998,196.39999999999998
Precio Hecho,2025-05-06,Trigo,2025-05-13,196.39999999999998,195.47
Precio a Fijar,2025-03-25,Soja,2025-04-30,308.37,251.94
Precio a Fijar,2025-05-06,Soja,2025-06-06,264.45,268.9733333333333
Precio a Fijar,2025-05-06,Soja,2025-06-06,264.45,268.9733333333333
Precio a Fijar,2025-05-06,Soja,2025-06-06,264.45,268.9733333333333
Precio a Fijar,2025-05-06,Soja,2025-06-06,264.45,268.9733333333333
Precio a Fijar,2025-05-06,Soja,2025-06-06,264.45,268.9733333333333
Precio a Fijar,2025-05-06,Soja,2025-06-05,264.45,
Precio a Fijar,2025-05-06,Soja,2025-06-05,264.45,
Precio a Fijar,2025-05-06,Soja,2025-06-05,264.45,
Precio a Fijar,2025-05-06,Soja,2025-06-05,264.45,
Precio Hecho,2025-05-06,Soja,2025-06-05,264.45,
Precio Hecho,2025-05-06,Soja,2025-06-05,264.45,
Precio Hecho,2025-05-06,Trigo,2025-12-31,196.39999999999998,
Precio Hecho,2025-05-06,Soja,2025-06-05,264.45,
Precio Hecho,2025-05-06,Soja,2025-05-06,264.45,264.45
Precio a Fijar,2025-04-14,Soja,2025-12-31,275.46,
Precio Hecho,2025-05-06,Soja,2025-05-06,264.45,264.45
Precio Hecho,2025-05-06,Trigo,2025-06-05,196.39999999999998,
Precio a Fijar,2025-04-14,Soja,2025-12-31,275.46,
Precio Hecho,2025-05-06,Maiz,2025-05-06,189.99,189.99
Precio Hecho,2025-05-06,Soja,2025-05-06,264.45,264.45
Precio Hecho,2025-05-05,Soja,2025-05-05,257.5,257.5
Precio a Fijar,2024-07-18,Trigo,2025-01-31,,201.2025
Precio Hecho,2025-05-05,Girasol,2025-06-08,297.75,
Precio Hecho,2025-05-06,Maiz,2025-05-06,189.99,189.99
Precio Hecho,2025-05-05,Soja,2025-05-05,257.5,257.5
Precio Hecho,2025-05-05,Soja,2025-05-05,257.5,257.5
Precio Hecho,2025-05-05,Soja,2025-05-05,257.5,257.5
Precio a Fijar,2025-04-14,Soja,2025-11-30,275.46,
Precio a Fijar,2025-04-14,Soja,2025-11-30,275.46,
Precio a Fijar,2025-04-14,Soja,2025-11-30,275.46,
Precio a Fijar,2025-04-14,Soja,2025-10-31,275.46,264.705
Precio a Fijar,2025-04-14,Soja,2025-10-31,275.46,264.705
Precio a Fijar,2025-04-14,Soja,2025-10-31,275.46,264.705
Precio a Fijar,2025-04-14,Soja,2025-09-30,275.46,346.1366666666666
Precio a Fijar,2025-04-14,Soja,2025-09-30,275.46,346.1366666666666
Precio a Fijar,2025-04-14,Soja,2025-09-30,275.46,346.1366666666666
Precio Hecho,2025-05-06,ACEITE SOJA,2025-05-16,,
Precio Hecho,2025-05-06,Maiz,2025-05-31,189.99,
Precio a Fijar,2024-10-10,Soja,2025-04-30,306.44,251.94
Precio Hecho,2025-05-05,Soja,2025-05-05,257.5,257.5
Precio Hecho,2025-05-05,Soja,2025-05-05,257.5,257.5
Precio Hecho,2025-05-06,Maiz,2025-05-06,189.99,189.99
Precio Hecho,2025-05-06,Soja,2025-05-16,264.45,270.32
Precio Hecho,2025-05-06,Soja,2025-05-16,264.45,270.32
Precio Hecho,2025-05-06,Maiz,2025-05-13,189.99,181.315
Precio Hecho,2025-05-06,Trigo,2025-06-06,196.39999999999998,198.48
Precio a Fijar,2025-05-06,Girasol,2025-06-06,304.41,297.72
Precio a Fijar,2025-05-06,Soja,2025-06-05,264.45,
Precio Hecho,2025-05-06,Maiz,2025-05-13,189.99,181.315
Precio Hecho,2025-05-06,Maiz,2025-05-13,189.99,181.315
Precio a Fijar,2024-12-19,Maiz,2025-04-30,180.10500000000002,194.185
Precio a Fijar,2024-11-08,Maiz,2025-04-30,183.88666666666666,194.185
Precio Hecho,2025-05-05,Soja,2025-05-05,257.5,257.5
Precio Hecho,2025-05-05,Soja,2025-05-05,257.5,257.5
Precio Hecho,2025-05-05,Soja,2025-05-05,257.5,257.5
Precio Hecho,2025-05-05,Soja,2025-05-05,257.5,257.5
Precio Hecho,2025-05-05,Soja,2025-05-05,257.5,257.5
Precio Hecho,2025-05-05,Soja,2025-05-05,257.5,257.5
Precio a Fijar,2024-09-23,Trigo,2025-03-01,215.67,
Precio Hecho,2025-05-06,Soja,2026-05-31,264.45,
Precio a Fijar,2025-05-06,Soja,2025-06-06,264.45,268.9733333333333
Precio a Fijar,2025-05-06,Soja,2025-06-06,264.45,268.9733333333333
Precio Hecho,2025-05-06,Trigo,2025-05-06,196.39999999999998,196.39999999999998
Precio Hecho,2025-05-06,Trigo,2025-05-06,196.39999999999998,196.39999999999998
Precio Hecho,2025-05-06,Trigo,2025-05-06,196.39999999999998,196.39999999999998
Precio Hecho,2025-05-06,Maiz,2025-05-06,189.99,189.99
Precio a Fijar,2025-05-06,Soja,2025-05-31,264.45,
Precio Hecho,2025-05-06,Soja,2025-05-06,264.45,264.45
Precio Hecho,2025-04-24,Maiz,2025-05-02,189.415,
Precio a Fijar,2024-12-30,Trigo,2025-06-30,188.30666666666664,198.26
Precio Hecho,2025-04-11,Maiz,2025-05-11,208.72,
Precio Hecho,2025-05-06,Maiz,2025-05-06,189.99,189.99
Precio Hecho,2025-04-21,Maiz,2025-05-21,197.44,185.86
Precio Hecho,2025-05-06,Soja,2025-05-06,264.45,264.45
Precio Hecho,2025-05-06,Soja,2025-05-06,264.45,264.45
Precio Hecho,2025-04-30,Maiz,2025-05-30,194.185,175.93
Precio Hecho,2025-05-06,Soja,2025-05-06,264.45,264.45
Precio Hecho,2025-05-06,Maiz,2025-05-06,189.99,189.99
Precio Hecho,2025-05-06,Soja,2025-07-31,264.45,
Precio Hecho,2025-05-06,Maiz,2025-05-06,189.99,189.99
Precio Hecho,2025-05-06,Maiz,2025-05-06,189.99,189.99
Precio Hecho,2025-05-06,Maiz,2025-05-06,189.99,189.99
Precio a Fijar,2025-05-02,Soja,2025-06-01,,
Precio a Fijar,2025-04-30,Soja,2025-05-30,251.94,269.36
Precio Hecho,2025-05-06,Soja,2025-05-30,264.45,269.36
Precio Hecho,2025-05-06,Soja,2025-05-30,264.45,269.36
Precio Hecho,2025-05-06,Soja,2025-05-30,264.45,269.36
Precio Hecho,2025-05-05,Maiz,2025-05-05,186.375,186.375
Precio Hecho,2025-05-06,Soja,2025-05-30,264.45,269.36
Precio Hecho,2025-05-06,Soja,2025-05-30,264.45,269.36
Precio Hecho,2025-05-06,Soja,2025-05-30,264.45,269.36
Precio Hecho,2025-04-30,Maiz,2025-04-30,194.185,194.185
Precio Hecho,2025-05-06,Soja,2025-05-30,264.45,269.36
Precio Hecho,2025-05-06,Soja,2025-05-30,264.45,269.36
Precio Hecho,2025-04-28,Maiz,2025-04-28,197.285,197.285
Precio a Fijar,2024-09-23,Trigo,2025-03-01,215.67,
Precio a Fijar,2025-05-06,Trigo,2025-12-31,196.39999999999998,
Precio a Fijar,2025-05-06,Soja,2025-06-30,264.45,269.66999999999996
Precio a Fijar,2025-05-05,Soja,2025-06-05,257.5,
Precio a Fijar,2024-11-13,Trigo,2024-11-30,187.44,
Precio a Fijar,2025-05-06,Soja,2025-06-06,264.45,268.9733333333333
Precio Hecho,2025-04-29,Maiz,2025-04-29,196.565,196.565
Precio Hecho,2025-05-06,Maiz,2025-05-06,189.99,189.99
Precio Hecho,2025-05-06,Trigo,2025-05-06,196.39999999999998,196.39999999999998
Precio Hecho,2025-05-06,Trigo,2025-05-27,196.39999999999998,197.66
Precio Hecho,2025-04-25,Maiz,2025-04-25,199.23,199.23
Precio Hecho,2025-05-06,Trigo,2025-05-27,196.39999999999998,197.66
Precio a Fijar,2025-05-06,Soja,2025-06-05,264.45,
Precio Hecho,2025-05-06,Trigo,2025-06-06,196.39999999999998,198.48
Precio a Fijar,2024-08-08,Trigo,2025-01-31,258.805,201.2025
Precio Hecho,2025-05-06,Soja,2025-05-06,264.45,264.45
Precio Hecho,2025-05-06,Trigo,2025-05-27,196.39999999999998,197.66
Precio Hecho,2025-05-06,Trigo,2025-06-05,196.39999999999998,
Precio Hecho,2025-05-06,Maiz,2025-05-06,189.99,189.99
Precio Hecho,2025-05-06,Maiz,2025-05-06,189.99,189.99
Precio Hecho,2025-05-06,Trigo,2025-05-27,196.39999999999998,197.66
Precio Hecho,2025-05-06,Trigo,2025-05-13,196.39999999999998,195.47
Precio Hecho,2025-05-06,Trigo,2025-06-05,196.39999999999998,
Precio Hecho,2025-05-06,Trigo,2025-05-27,196.39999999999998,197.66
Precio Hecho,2025-05-06,Trigo,2025-05-06,196.39999999999998,196.39999999999998
Precio Hecho,2025-05-06,Trigo,2025-05-27,196.39999999999998,197.66
Precio Hecho,2025-05-06,Maiz,2025-05-06,189.99,189.99
Precio Hecho,2025-05-06,Trigo,2025-05-27,196.39999999999998,197.66
Precio Hecho,2025-05-06,Maiz,2025-05-06,189.99,189.99
Precio Hecho,2025-05-06,Trigo,2025-05-27,196.39999999999998,197.66
Precio Hecho,2025-05-06,Soja,2025-05-06,264.45,264.45
Precio Hecho,2025-05-06,CEBADA FORR.,2025-06-05,,
Precio a Fijar,2025-04-21,Soja,2025-05-21,273.08,273.605
Precio a Fijar,2025-04-21,Soja,2025-05-21,273.08,273.605
Precio a Fijar,2025-04-21,Soja,2025-05-21,273.08,273.605
Precio a Fijar,2025-04-21,Soja,2025-05-21,273.08,273.605
Precio Hecho,2025-05-06,Soja,2025-05-06,264.45,264.45
Precio Hecho,2025-05-06,Trigo,2025-06-06,196.39999999999998,198.48
Precio a Fijar,2025-05-06,Soja,2025-06-05,264.45,
Precio a Fijar,2025-05-06,Soja,2025-06-05,264.45,
Precio a Fijar,2025-04-28,Soja,2025-05-28,285.395,267.24
Precio Hecho,2025-05-06,Soja,2025-05-06,264.45,264.45
Precio Hecho,2025-05-06,Maiz,2025-05-06,189.99,189.99
Precio Hecho,2025-05-06,Trigo,2025-06-05,196.39999999999998,
Precio Hecho,2025-05-06,Soja,2025-06-05,264.45,
Precio a Fijar,2025-03-07,Girasol,2025-03-15,328.765,
Precio a Fijar,2025-03-06,Girasol,2025-03-31,329.07,304.145
Precio a Fijar,2025-03-05,Maiz,2025-03-31,199.04333333333332,202.515
Precio a Fijar,2025-02-20,Maiz,2025-03-08,209.01,
Precio a Fijar,2025-01-16,Maiz,2025-01-31,195.14000000000001,211.68
Precio a Fijar,2024-12-16,Maiz,2025-01-31,177.67,211.68
Precio a Fijar,2024-12-11,Maiz,2025-03-31,181.82,202.515
Precio a Fijar,2024-07-16,Maiz,2024-07-30,168.38,168.43666666666667
Precio Hecho,2025-05-06,Soja,2025-06-05,264.45,
Precio a Fijar,2025-01-31,Maiz,2025-03-01,211.68,
Precio a Fijar,2025-01-07,Maiz,2025-05-31,1029.44,
Precio a Fijar,2025-04-22,Maiz,2025-05-22,198.825,184.235
Precio a Fijar,2025-02-07,Girasol,2025-03-07,337.395,328.765
Precio Hecho,2025-05-06,Maiz,2025-05-16,189.99,184.035
Precio Hecho,2025-05-06,Soja,2025-05-06,264.45,264.45
Precio Hecho,2025-05-05,Maiz,2025-06-04,186.375,
Precio a Fijar,2025-05-06,Soja,2025-06-05,264.45,
Precio a Fijar,2025-05-05,Soja,2025-06-05,257.5,
Precio a Fijar,2024-10-31,Trigo,2024-12-31,196.98,
Precio a Fijar,2024-11-15,Trigo,2024-12-31,182.21,
Precio Hecho,2025-04-15,Maiz,2025-05-15,197.92,183.48000000000002
Precio Hecho,2025-04-15,Soja,2025-05-15,275.0,269.255
Precio Hecho,2025-04-12,Soja,2025-05-12,,275.315
Precio Hecho,2025-04-12,Maiz,2025-05-12,,181.32333333333335
Precio Hecho,2025-04-12,Maiz,2025-05-12,,181.32333333333335
Precio Hecho,2025-04-11,Soja,2025-05-11,306.12,
Precio Hecho,2025-04-11,Soja,2025-05-11,306.12,
Precio Hecho,2025-04-09,Soja,2025-05-09,300.77,272.855
Precio Hecho,2025-04-09,Soja,2025-05-09,300.77,272.855
Precio Hecho,2025-05-06,Trigo,2025-05-13,196.39999999999998,195.47
Precio Hecho,2025-04-09,Soja,2025-05-09,300.77,272.855
Precio Hecho,2025-04-09,Maiz,2025-05-09,207.47500000000002,180.39499999999998
Precio Hecho,2025-04-09,Soja,2025-05-09,300.77,272.855
Precio Hecho,2025-05-02,Soja,2025-05-02,,
Precio Hecho,2025-04-09,Soja,2025-05-09,300.77,272.855
Precio Hecho,2025-04-09,Soja,2025-05-09,300.77,272.855
Precio Hecho,2025-04-08,Soja,2025-05-08,297.33,268.56
Precio a Fijar,2025-04-23,Soja,2026-03-31,,
Precio Hecho,2025-04-08,Maiz,2025-05-08,205.81,183.12
Precio Hecho,2025-04-08,Maiz,2025-05-08,205.81,183.12
Precio a Fijar,2025-04-23,Soja,2026-03-31,,
Precio Hecho,2025-02-14,Soja,2025-04-30,311.84,251.94
Precio a Fijar,2025-05-05,Soja,2025-06-04,257.5,
Precio Hecho,2025-05-06,Soja,2025-06-05,264.45,
Precio a Fijar,2025-04-23,Soja,2026-03-31,,
Precio a Fijar,2025-04-23,Soja,2026-03-31,,
Precio Hecho,2025-05-06,Soja,2025-05-16,264.45,270.32
Precio Hecho,2025-05-06,Soja,2025-05-16,264.45,270.32
Precio Hecho,2025-05-06,Soja,2025-05-06,264.45,264.45
Precio Hecho,2025-05-06,Soja,2025-05-06,264.45,264.45
Precio Hecho,2025-05-06,Soja,2025-05-06,264.45,264.45
Precio a Fijar,2025-05-06,Soja,2026-03-31,264.45,
Precio Hecho,2025-05-06,Soja,2025-05-06,264.45,264.45
Precio Hecho,2025-05-06,Soja,2025-05-13,264.45,272.245
Precio Hecho,2025-05-06,Maiz,2025-05-13,189.99,181.315
Precio a Fijar,2025-05-06,Soja,2026-03-31,264.45,
Precio Hecho,2025-05-06,Maiz,2025-05-13,189.99,181.315
Precio Hecho,2025-05-06,Maiz,2025-05-23,189.99,181.645
Precio Hecho,2025-05-06,Maiz,2025-05-23,189.99,181.645
Precio Hecho,2025-05-06,Maiz,2025-05-21,189.99,185.86
Precio Hecho,2025-05-06,Soja,2025-05-06,264.45,264.45
Precio Hecho,2025-05-06,Soja,2025-05-16,264.45,270.32
Precio Hecho,2025-04-30,Soja,2025-05-10,251.94,
Precio Hecho,2025-05-06,Maiz,2025-05-21,189.99,185.86
Precio Hecho,2025-05-06,Trigo,2025-06-06,196.39999999999998,198.48
Precio Hecho,2025-05-06,Soja,2025-05-22,264.45,274.77
Precio Hecho,2025-05-06,Soja,2025-05-06,264.45,264.45
Precio Hecho,2025-05-06,Soja,2025-05-06,264.45,264.45
Precio a Fijar,2024-12-17,Trigo,2024-12-17,189.59,189.59
Precio a Fijar,2024-11-22,Trigo,2024-11-22,187.02333333333334,187.02333333333334
Precio a Fijar,2024-11-22,Trigo,2024-11-22,187.02333333333334,187.02333333333334
Precio a Fijar,2025-05-06,Soja,2025-06-05,264.45,
Precio a Fijar,2025-05-06,Soja,2025-06-05,264.45,
Precio a Fijar,2025-05-06,Soja,2025-06-05,264.45,
Precio a Fijar,2025-05-06,Soja,2025-06-05,264.45,
Precio a Fijar,2025-05-06,Soja,2025-06-05,264.45,
Precio a Fijar,2025-05-06,Soja,2025-06-05,264.45,
Precio a Fijar,2025-05-06,Soja,2025-06-05,264.45,
Precio a Fijar,2025-05-06,Soja,2025-06-05,264.45,
Precio a Fijar,2025-05-06,Soja,2025-06-05,264.45,
Precio a Fijar,2025-05-06,Soja,2025-06-05,264.45,
Precio a Fijar,2025-05-06,Soja,2025-06-05,264.45,
Precio a Fijar,2025-01-14,Soja,2025-07-31,283.38,
Precio Hecho,2025-05-06,Trigo,2025-06-06,196.39999999999998,198.48
Precio Hecho,2025-05-06,Trigo,2025-05-08,196.39999999999998,198.38
Precio a Fijar,2025-05-06,Girasol,2025-05-31,304.41,
Precio Hecho,2025-05-06,Soja,2025-05-21,264.45,273.605
Precio a Fijar,2025-03-13,Maiz,2025-04-12,,
Precio Hecho,2025-05-05,Soja,2025-07-31,257.5,
Precio Hecho,2025-05-05,Girasol,2025-05-28,297.75,347.24
Precio Hecho,2025-05-05,Girasol,2025-06-04,297.75,
Precio a Fijar,2025-02-14,Soja,2025-05-31,311.84,
Precio Hecho,2025-05-06,Soja,2025-05-31,264.45,
Precio Hecho,2025-05-06,Trigo,2025-05-13,196.39999999999998,195.47
Precio a Fijar,2025-02-19,Girasol,2025-03-20,,309.13
Precio Hecho,2025-05-06,Maiz,2025-05-06,189.99,189.99
Precio a Fijar,2025-04-08,Soja,2025-05-08,297.33,268.56
Precio a Fijar,2025-05-06,Soja,2025-05-12,264.45,275.315
Precio Hecho,2025-05-05,Soja,2025-06-04,257.5,
Precio a Fijar,2025-03-21,CEBADA CERV.,2025-12-31,,
Precio a Fijar,2025-02-17,CEBADA CERV.,2025-11-30,,
Precio a Fijar,2024-11-11,CEBADA CERV.,2025-11-30,,
Precio a Fijar,2024-12-19,CEBADA CERV.,2025-11-30,,
Precio a Fijar,2024-08-13,CEBADA CERV.,2025-07-31,,
Precio a Fijar,2025-05-05,Girasol,2025-06-04,297.75,
Precio a Fijar,2025-05-05,Maiz,2025-05-30,186.375,175.93
Precio Hecho,2025-05-06,Trigo,2025-05-06,196.39999999999998,196.39999999999998
Precio Hecho,2025-04-29,Girasol,2025-05-29,297.68,322.15
Precio Hecho,2025-04-25,Soja,2025-04-25,266.495,266.495
Precio a Fijar,2025-05-05,Soja,2025-06-04,257.5,
Precio Hecho,2025-05-05,CEBADA FORR.,2025-06-05,,
Precio Hecho,2025-05-06,ACEITE SOJA,2025-05-31,,
Precio Hecho,2025-04-24,Soja,2025-04-24,268.31,268.31
Precio Hecho,2025-05-05,Trigo,2025-06-05,194.39666666666668,
Precio a Fijar,2025-05-06,Maiz,2025-06-19,189.99,172.12
Precio a Fijar,2025-03-25,Maiz,2025-04-24,195.01,189.415
Precio a Fijar,2025-02-13,Maiz,2025-05-15,206.1,183.48000000000002
Precio Hecho,2025-04-30,Soja,2025-05-02,251.94,
Precio a Fijar,2025-01-29,Maiz,2025-05-15,208.11333333333334,183.48000000000002
Precio Hecho,2025-05-05,Maiz,2025-06-04,186.375,
Precio a Fijar,2025-05-05,Soja,2025-11-30,257.5,
Precio Hecho,2025-05-05,Soja,2025-05-31,257.5,
Precio Hecho,2025-05-05,Soja,2025-05-31,257.5,
Precio Hecho,2025-05-06,Trigo,2025-05-06,196.39999999999998,196.39999999999998
Precio Hecho,2025-05-06,Trigo,2025-05-06,196.39999999999998,196.39999999999998
Precio Hecho,2025-05-06,Soja,2025-05-06,264.45,264.45
Precio Hecho,2025-05-06,Girasol,2025-05-06,304.41,304.41
Precio Hecho,2025-05-06,Maiz,2025-05-06,189.99,189.99
Precio Hecho,2025-05-06,Maiz,2025-05-06,189.99,189.99
Precio Hecho,2025-05-06,Soja,2025-05-06,264.45,264.45
Precio a Fijar,2025-05-06,Soja,2025-06-30,264.45,269.66999999999996
Precio Hecho,2025-05-05,Trigo,2025-05-15,194.39666666666668,192.89
Precio Hecho,2025-05-05,Trigo,2025-05-15,194.39666666666668,192.89
Precio Hecho,2025-05-05,Trigo,2025-05-15,194.39666666666668,192.89
Precio Hecho,2025-05-02,Maiz,2025-05-12,,181.32333333333335
Precio a Fijar,2025-04-24,Trigo,2025-05-30,194.615,198.48
Precio Hecho,2025-05-06,Trigo,2025-06-16,196.39999999999998,
Precio a Fijar,2025-05-05,Soja,2025-06-05,257.5,
Precio a Fijar,2025-05-05,Soja,2025-06-05,257.5,
Precio a Fijar,2025-05-05,Soja,2025-06-05,257.5,
Precio a Fijar,2025-05-05,Soja,2025-06-05,257.5,
Precio a Fijar,2025-05-05,Maiz,2025-05-11,186.375,
Precio a Fijar,2025-05-05,Maiz,2025-05-31,186.375,
Precio a Fijar,2025-05-05,Soja,2025-06-04,257.5,
Precio a Fijar,2025-05-05,Maiz,2025-05-12,186.375,181.32333333333335
Precio a Fijar,2025-04-08,Soja,2025-05-08,297.33,268.56
Precio a Fijar,2025-04-08,Soja,2025-05-08,297.33,268.56
Precio a Fijar,2025-01-28,Soja,2025-04-30,294.96,251.94
Precio a Fijar,2025-01-28,Soja,2025-04-30,294.96,251.94
Precio a Fijar,2024-03-13,Soja,2025-01-31,,299.0
Precio a Fijar,2024-01-05,Soja,2024-12-31,328.12,
Precio Hecho,2025-05-05,Trigo,2025-06-05,194.39666666666668,
Precio Hecho,2025-05-05,Soja,2025-05-10,257.5,
Precio Hecho,2025-05-05,Soja,2025-05-10,257.5,
Precio a Fijar,2025-05-05,Soja,2025-06-05,257.5,
Precio a Fijar,2025-05-05,Soja,2025-06-05,257.5,
Precio a Fijar,2025-05-05,Girasol,2025-05-31,297.75,
Precio a Fijar,2024-04-17,Soja,2024-04-17,284.6466666666667,284.6466666666667
Precio Hecho,2025-05-05,Maiz,2025-05-05,186.375,186.375
Precio Hecho,2025-05-05,Soja,2025-05-05,257.5,257.5
Precio Hecho,2025-05-05,Maiz,2025-05-05,186.375,186.375
Precio Hecho,2025-05-05,Maiz,2025-05-05,186.375,186.375
Precio a Fijar,2025-05-05,Soja,2025-06-04,257.5,
Precio a Fijar,2025-05-05,Soja,2025-06-05,257.5,
Precio a Fijar,2025-05-05,Soja,2025-06-04,257.5,
Precio a Fijar,2025-05-05,Soja,2025-06-04,257.5,
Precio a Fijar,2025-05-05,Soja,2025-06-04,257.5,
Precio a Fijar,2025-05-05,Soja,2025-06-05,257.5,
Precio Hecho,2025-04-29,Maiz,2025-06-05,196.565,
Precio a Fijar,2025-04-23,Soja,2025-04-29,,259.605
Precio a Fijar,2025-03-11,Soja,2025-04-30,,251.94
Precio a Fijar,2025-01-03,Soja,2025-04-30,275.23,251.94
Precio a Fijar,2024-12-19,Soja,2025-04-30,273.7,251.94
Precio a Fijar,2024-10-09,Soja,2024-11-09,,
Precio a Fijar,2025-03-14,Soja,2025-04-30,299.49,251.94
Precio a Fijar,2025-04-21,Soja,2025-05-21,273.08,273.605
Precio a Fijar,2025-04-21,Soja,2025-05-21,273.08,273.605
Precio Hecho,2025-05-05,Trigo,2025-05-05,194.39666666666668,194.39666666666668
Precio Hecho,2025-04-30,Soja,2025-04-30,251.94,251.94
Precio Hecho,2025-05-05,ARROZ C.L.F,2025-05-05,,
Precio Hecho,2025-05-05,ARROZ C.L.F,2025-05-05,,
Precio Hecho,2025-05-05,ARROZ C.L.F,2025-05-05,,
Precio Hecho,2025-05-05,ARROZ C.L.F,2025-05-05,,
Precio Hecho,2025-05-05,ARROZ C.L.F,2025-05-05,,
Precio a Fijar,2025-05-05,Soja,2025-06-05,257.5,
Precio a Fijar,2025-05-05,Soja,2025-06-05,257.5,
Precio a Fijar,2025-05-05,Soja,2025-06-05,257.5,
Precio a Fijar,2025-05-05,Soja,2025-06-05,257.5,
Precio a Fijar,2025-05-05,Soja,2025-06-04,257.5,
Precio a Fijar,2025-05-05,Soja,2025-06-05,257.5,
Precio a Fijar,2025-05-05,Soja,2025-06-04,257.5,
Precio a Fijar,2025-05-05,Soja,2025-06-05,257.5,
Precio a Fijar,2025-05-05,Soja,2025-06-05,257.5,
Precio a Fijar,2025-05-05,Soja,2025-06-04,257.5,
Precio a Fijar,2025-05-05,Soja,2025-06-04,257.5,
Precio a Fijar,2025-05-05,Soja,2025-06-04,257.5,
Precio a Fijar,2025-05-05,Soja,2025-06-05,257.5,
Precio a Fijar,2025-05-05,Soja,2025-06-04,257.5,
Precio Hecho,2025-05-05,Maiz,2025-06-04,186.375,
Precio Hecho,2025-05-05,Maiz,2025-06-04,186.375,
Precio Hecho,2025-05-05,Soja,2025-06-04,257.5,
Precio Hecho,2025-05-05,Trigo,2025-06-05,194.39666666666668,
Precio Hecho,2025-05-05,Girasol,2025-06-04,297.75,
Precio Hecho,2025-05-05,Soja,2025-06-04,257.5,
Precio Hecho,2025-05-05,Girasol,2025-06-04,297.75,
Precio a Fijar,2024-06-11,Soja,2024-06-15,316.3,
Precio a Fijar,2025-03-07,Soja,2025-05-15,309.42,269.255
Precio a Fijar,2025-05-05,Soja,2025-06-05,257.5,
Precio a Fijar,2025-05-05,Soja,2025-06-05,257.5,
Precio a Fijar,2025-05-05,Soja,2025-06-04,257.5,
Precio a Fijar,2025-05-05,Soja,2025-06-04,257.5,
Precio a Fijar,2025-05-05,Soja,2025-06-05,257.5,
Precio a Fijar,2025-05-05,Soja,2025-06-05,257.5,
Precio a Fijar,2025-05-05,Soja,2025-06-05,257.5,
Precio a Fijar,2025-05-05,Soja,2025-06-05,257.5,
Precio a Fijar,2025-05-05,Soja,2025-06-04,257.5,
Precio a Fijar,2025-05-05,Soja,2025-06-05,257.5,
Precio a Fijar,2025-05-05,Soja,2025-06-04,257.5,
Precio a Fijar,2025-05-05,Soja,2025-06-05,257.5,
Precio a Fijar,2025-05-05,Soja,2025-06-05,257.5,
Precio a Fijar,2025-05-05,Soja,2025-06-04,257.5,
Precio a Fijar,2024-08-26,Soja,2024-09-26,299.04999999999995,314.92
Precio Hecho,2025-05-05,Soja,2025-05-15,257.5,269.255
Precio Hecho,2025-05-05,ACEITE SOJA,2025-05-16,,
Precio Hecho,2025-05-05,Trigo,2025-05-05,194.39666666666668,194.39666666666668
Precio Hecho,2025-05-05,Soja,2025-05-05,257.5,257.5
Precio a Fijar,2025-03-25,Soja,2025-04-30,308.37,251.94
Precio a Fijar,2025-05-05,Soja,2025-06-04,257.5,
Precio a Fijar,2025-05-05,Soja,2025-06-05,257.5,
Precio a Fijar,2025-05-05,Soja,2025-06-05,257.5,
Precio a Fijar,2025-05-05,Soja,2025-06-04,257.5,
Precio a Fijar,2025-05-05,Soja,2025-06-04,257.5,
Precio a Fijar,2025-05-05,Soja,2025-06-04,257.5,
Precio Hecho,2025-05-05,Maiz,2025-06-04,186.375,
Precio Hecho,2025-04-30,Trigo,2025-05-05,,194.39666666666668
Precio Hecho,2025-05-05,Maiz,2025-05-15,186.375,183.48000000000002
Precio a Fijar,2025-03-18,Soja,2025-04-30,304.02,251.94
Precio a Fijar,2025-05-05,Maiz,2025-05-31,186.375,
Precio a Fijar,2025-02-24,Maiz,2025-03-31,201.69666666666663,202.515
Precio Hecho,2025-05-05,Soja,2025-05-05,257.5,257.5
Precio a Fijar,2024-12-20,Trigo,2025-01-19,190.24666666666667,
Precio Hecho,2025-05-05,Maiz,2025-05-31,186.375,
Precio Hecho,2025-05-05,Trigo,2025-05-05,194.39666666666668,194.39666666666668
Precio a Fijar,2024-12-05,Trigo,2025-01-04,185.82666666666668,
Precio Hecho,2025-05-05,Trigo,2025-05-12,194.39666666666668,197.1833333333333
Precio Hecho,2025-05-05,Trigo,2025-05-05,194.39666666666668,194.39666666666668
Precio a Fijar,2024-12-03,Trigo,2025-01-02,184.9375,187.73333333333335
Precio Hecho,2025-05-05,Soja,2025-05-05,257.5,257.5
Precio a Fijar,2025-05-05,Soja,2025-05-31,257.5,
Precio a Fijar,2024-11-01,Trigo,2024-12-31,197.60333333333332,
Precio Hecho,2025-05-02,Soja,2025-05-05,,257.5
Precio Hecho,2025-04-22,Soja,2025-05-05,275.82,257.5
Precio a Fijar,2025-03-26,Maiz,2025-04-30,202.94,194.185
Precio a Fijar,2024-08-08,Trigo,2025-01-31,258.805,201.2025
Precio Hecho,2025-05-05,Trigo,2025-06-04,194.39666666666668,
Precio Hecho,2025-04-24,Soja,2025-05-05,268.31,257.5
Precio a Fijar,2024-08-08,Trigo,2025-01-31,258.805,201.2025
Precio a Fijar,2025-02-14,Soja,2025-02-28,311.84,
Precio a Fijar,2025-02-14,Soja,2025-02-28,311.84,
Precio Hecho,2025-04-22,Trigo,2025-05-05,205.15,194.39666666666668
Precio Hecho,2025-04-24,Soja,2025-05-05,268.31,257.5
Precio Hecho,2025-05-05,Soja,2025-05-05,257.5,257.5
Precio a Fijar,2024-07-18,Trigo,2025-01-31,,201.2025
Precio Hecho,2025-04-30,Trigo,2025-05-05,,194.39666666666668
Precio a Fijar,2024-07-18,Trigo,2025-01-31,,201.2025
Precio Hecho,2025-04-30,Trigo,2025-05-05,,194.39666666666668
Precio Hecho,2025-05-05,Soja,2025-06-05,257.5,
Precio a Fijar,2024-07-18,Trigo,2025-01-31,,201.2025
Precio Hecho,2025-04-29,Maiz,2025-05-05,196.565,186.375
Precio Hecho,2025-05-05,Maiz,2025-06-04,186.375,
Precio Hecho,2025-05-05,Maiz,2025-06-04,186.375,
Precio a Fijar,2024-12-23,Maiz,2025-04-30,180.845,194.185
Precio Hecho,2025-04-25,Soja,2025-05-05,266.495,257.5
Precio Hecho,2025-05-05,Trigo,2025-05-09,194.39666666666668,194.45
Precio a Fijar,2024-12-03,Trigo,2025-01-02,184.9375,187.73333333333335
Precio Hecho,2025-05-05,Trigo,2025-05-05,194.39666666666668,194.39666666666668
Precio a Fijar,2025-01-07,Trigo,2025-02-06,185.6925,208.58
Precio Hecho,2025-05-05,Maiz,2025-05-05,186.375,186.375
Precio Hecho,2025-05-05,Trigo,2025-05-05,194.39666666666668,194.39666666666668
Precio a Fijar,2025-04-14,Soja,2025-12-31,275.46,
Precio Hecho,2025-05-05,Soja,2025-05-05,257.5,257.5
Precio a Fijar,2024-05-22,Trigo,2025-03-01,266.81666666666666,
Precio a Fijar,2025-05-02,Trigo,2025-05-18,,
Precio a Fijar,2025-05-05,Girasol,2025-06-04,297.75,
Precio Hecho,2025-05-05,Soja,2025-05-05,257.5,257.5
Precio a Fijar,2025-05-05,Maiz,2025-06-04,186.375,
Precio Hecho,2025-05-05,Soja,2025-05-05,257.5,257.5
Precio Hecho,2025-05-05,Soja,2025-05-05,257.5,257.5
Precio a Fijar,2025-05-05,Soja,2025-06-04,257.5,
Precio a Fijar,2025-05-05,Maiz,2025-06-04,186.375,
Precio a Fijar,2025-05-05,Soja,2025-06-04,257.5,
Precio a Fijar,2025-05-05,Maiz,2025-05-10,186.375,
Precio Hecho,2025-04-30,Soja,2025-05-29,251.94,267.955
Precio a Fijar,2025-05-05,Soja,2025-06-04,257.5,
Precio a Fijar,2025-05-05,Soja,2025-06-04,257.5,
Precio Hecho,2025-05-05,Maiz,2025-05-20,186.375,183.815
Precio Hecho,2025-05-05,Maiz,2025-05-31,186.375,
Precio a Fijar,2025-05-05,Soja,2025-06-04,257.5,
Precio a Fijar,2025-05-05,Soja,2025-06-04,257.5,
Precio a Fijar,2025-05-05,Soja,2025-06-04,257.5,
Precio a Fijar,2025-05-05,Soja,2025-06-04,257.5,
Precio a Fijar,2025-05-05,Soja,2025-06-30,257.5,269.66999999999996
Precio Hecho,2025-05-05,Maiz,2025-05-20,186.375,183.815
Precio a Fijar,2025-05-05,Soja,2025-06-30,257.5,269.66999999999996
Precio Hecho,2025-05-05,Soja,2025-06-04,257.5,
Precio Hecho,2025-05-05,Maiz,2025-06-04,186.375,
Precio a Fijar,2025-05-05,Maiz,2025-06-04,186.375,
Precio Hecho,2025-05-05,ACEITE SOJA,2025-05-30,,
Precio Hecho,2025-05-05,Maiz,2025-05-30,186.375,175.93
Precio a Fijar,2025-05-05,Soja,2025-06-30,257.5,269.66999999999996
Precio a Fijar,2025-05-05,Soja,2025-05-31,257.5,
Precio Hecho,2025-05-01,Soja,2025-05-10,,
Precio Hecho,2025-04-30,ARROZ C.L.F,2025-04-30,,
Precio Hecho,2025-05-05,Soja,2025-06-05,257.5,
Precio Hecho,2025-05-05,Trigo,2025-06-04,194.39666666666668,
Precio a Fijar,2024-11-22,Trigo,2024-11-22,187.02333333333334,187.02333333333334
Precio Hecho,2025-05-05,Maiz,2025-05-05,186.375,186.375
Precio Hecho,2025-05-05,Maiz,2025-05-05,186.375,186.375
Precio Hecho,2025-05-05,Maiz,2025-05-05,186.375,186.375
Precio Hecho,2025-05-05,Trigo,2025-05-05,194.39666666666668,194.39666666666668
Precio Hecho,2025-05-05,Maiz,2025-05-05,186.375,186.375
Precio a Fijar,2025-05-05,Maiz,2025-05-10,186.375,
Precio Hecho,2025-05-05,Soja,2025-05-05,257.5,257.5
Precio Hecho,2025-05-05,Trigo,2025-05-05,194.39666666666668,194.39666666666668
Precio Hecho,2025-05-05,Soja,2025-05-05,257.5,257.5
Precio Hecho,2025-05-05,Trigo,2025-05-05,194.39666666666668,194.39666666666668
Precio Hecho,2025-05-05,Trigo,2025-05-05,194.39666666666668,194.39666666666668
Precio Hecho,2025-05-05,Maiz,2025-05-05,186.375,186.375
Precio Hecho,2025-04-29,Maiz,2025-05-16,196.565,184.035
Precio Hecho,2025-05-05,Soja,2025-05-05,257.5,257.5
Precio Hecho,2025-05-05,Soja,2025-06-04,257.5,
Precio Hecho,2025-01-13,Sorgo,2025-04-14,173.08,178.63
Precio Hecho,2025-05-05,Trigo,2025-05-05,194.39666666666668,194.39666666666668
Precio Hecho,2025-05-05,Maiz,2025-05-05,186.375,186.375
Precio Hecho,2025-04-29,Maiz,2025-05-29,196.565,177.26
Precio Hecho,2025-05-05,Soja,2025-05-05,257.5,257.5
Precio Hecho,2025-05-05,Maiz,2025-05-05,186.375,186.375
Precio Hecho,2025-05-05,Trigo,2025-05-05,194.39666666666668,194.39666666666668
Precio Hecho,2025-05-05,Soja,2025-05-05,257.5,257.5
Precio Hecho,2025-05-05,Soja,2025-05-05,257.5,257.5
Precio a Fijar,2025-05-05,Maiz,2025-05-12,186.375,181.32333333333335
Precio Hecho,2025-04-30,Trigo,2025-05-07,,195.93
Precio a Fijar,2025-05-05,Maiz,2025-05-12,186.375,181.32333333333335
Precio Hecho,2025-05-05,Soja,2025-06-04,257.5,
Precio Hecho,2025-05-05,Soja,2025-05-12,257.5,275.315
Precio Hecho,2025-05-05,Girasol,2025-06-04,297.75,
Precio Hecho,2025-05-02,ACEITE SOJA,2025-05-02,,
Precio Hecho,2025-05-05,Trigo,2025-05-08,194.39666666666668,198.38
Precio Hecho,2025-05-05,Soja,2025-05-05,257.5,257.5
Precio a Fijar,2025-02-03,CEBADA CERV.,2025-11-30,,
Precio Hecho,2025-05-05,Soja,2025-05-05,257.5,257.5
Precio Hecho,2025-05-05,Soja,2025-05-05,257.5,257.5
Precio a Fijar,2024-11-11,CEBADA CERV.,2025-11-30,,
Precio a Fijar,2024-11-11,CEBADA CERV.,2025-11-30,,
Precio a Fijar,2024-11-11,CEBADA CERV.,2025-11-30,,
Precio a Fijar,2023-11-28,Trigo,2023-11-28,,
Precio a Fijar,2025-04-29,CEBADA CERV.,2025-11-30,,
Precio Hecho,2025-05-05,Trigo,2025-05-05,194.39666666666668,194.39666666666668
Precio a Fijar,2025-04-28,Soja,2025-05-28,285.395,267.24
Precio a Fijar,2025-04-14,Soja,2025-05-31,275.46,
Precio a Fijar,2025-04-11,Soja,2025-04-30,306.12,251.94
Precio a Fijar,2025-02-12,Soja,2025-02-28,302.82,
Precio Hecho,2025-04-29,Maiz,2025-05-30,196.565,175.93
Precio a Fijar,2025-05-05,Soja,2025-05-05,257.5,257.5
Precio a Fijar,2025-04-25,Soja,2025-05-31,266.495,
Precio a Fijar,2025-03-18,Maiz,2025-05-02,197.565,
Precio a Fijar,2025-03-18,Maiz,2025-05-02,197.565,
Precio a Fijar,2024-10-31,Soja,2025-04-30,306.37,251.94
Precio a Fijar,2024-09-12,Maiz,2025-03-31,173.51999999999998,202.515
Precio a Fijar,2024-02-06,Maiz,2024-03-19,182.84,
Precio a Fijar,2025-05-05,Soja,2025-05-31,257.5,
Precio a Fijar,2025-05-05,Soja,2025-05-05,257.5,257.5
Precio a Fijar,2025-04-08,Soja,2025-08-31,297.33,
Precio a Fijar,2025-05-05,Soja,2025-05-05,257.5,257.5
Precio a Fijar,2025-05-05,Soja,2025-07-31,257.5,
Precio a Fijar,2025-05-05,Soja,2025-05-31,257.5,
Precio a Fijar,2025-05-05,Soja,2025-07-31,257.5,
Precio a Fijar,2025-05-05,Soja,2025-05-31,257.5,
Precio a Fijar,2025-05-05,Soja,2025-05-05,257.5,257.5
Precio a Fijar,2025-05-05,Soja,2025-05-05,257.5,257.5
Precio Hecho,2025-05-05,Soja,2025-05-16,257.5,270.32
Precio a Fijar,2025-05-05,Soja,2025-05-05,257.5,257.5
Precio Hecho,2025-05-05,Maiz,2025-05-15,186.375,183.48000000000002
Precio a Fijar,2025-05-05,Soja,2025-05-05,257.5,257.5
Precio Hecho,2025-05-05,Maiz,2025-05-15,186.375,183.48000000000002
Precio a Fijar,2025-05-05,Soja,2025-05-05,257.5,257.5
Precio Hecho,2025-05-05,Maiz,2025-05-15,186.375,183.48000000000002
Precio Hecho,2025-05-05,Maiz,2025-05-16,186.375,184.035
Precio a Fijar,2025-05-05,Soja,2025-05-05,257.5,257.5
Precio Hecho,2025-05-05,Maiz,2025-05-16,186.375,184.035
Precio Hecho,2025-05-05,Maiz,2025-05-16,186.375,184.035
Precio a Fijar,2025-05-05,Soja,2025-05-05,257.5,257.5
Precio Hecho,2025-05-05,Maiz,2025-05-16,186.375,184.035
Precio Hecho,2025-05-05,Maiz,2025-05-16,186.375,184.035
Precio a Fijar,2025-05-05,Soja,2025-05-05,257.5,257.5
Precio Hecho,2025-05-05,Maiz,2025-05-20,186.375,183.815
Precio a Fijar,2024-11-22,Maiz,2025-03-31,183.38333333333333,202.515
Precio a Fijar,2024-12-27,Maiz,2025-04-30,185.17,194.185
Precio a Fijar,2025-05-05,Soja,2025-05-05,257.5,257.5
Precio Hecho,2025-05-05,Maiz,2025-05-20,186.375,183.815
Precio a Fijar,2025-05-05,Soja,2025-05-05,257.5,257.5
Precio Hecho,2025-05-05,Maiz,2025-05-20,186.375,183.815
Precio Hecho,2025-05-05,Maiz,2025-05-20,186.375,183.815
Precio a Fijar,2025-05-05,Soja,2025-05-05,257.5,257.5
Precio Hecho,2025-05-05,Trigo,2025-05-31,194.39666666666668,
Precio a Fijar,2025-04-28,Soja,2025-06-30,285.395,269.66999999999996
Precio Hecho,2025-05-05,Maiz,2025-05-20,186.375,183.815
Precio Hecho,2025-05-05,Maiz,2025-05-16,186.375,184.035
Precio Hecho,2025-04-28,Trigo,2025-05-31,199.49,
Precio Hecho,2025-05-05,Maiz,2025-05-16,186.375,184.035
Precio a Fijar,2024-12-11,Maiz,2025-03-31,181.82,202.515
Precio Hecho,2025-05-05,Maiz,2025-05-16,186.375,184.035
Precio a Fijar,2025-01-22,Girasol,2025-03-31,338.74,304.145
Precio a Fijar,2024-12-26,Maiz,2025-04-30,185.53,194.185
Precio a Fijar,2024-12-26,Maiz,2025-04-30,185.53,194.185
Precio Hecho,2025-05-02,Maiz,2025-06-01,,
Precio Hecho,2025-05-05,Maiz,2025-05-16,186.375,184.035
Precio Hecho,2025-05-05,Maiz,2025-05-16,186.375,184.035
Precio Hecho,2025-05-05,Maiz,2025-05-16,186.375,184.035
Precio Hecho,2025-05-05,Soja,2025-06-04,257.5,
Precio Hecho,2025-05-05,Maiz,2025-05-16,186.375,184.035
Precio Hecho,2025-05-02,ARROZ C.L.F,2025-05-02,,
Precio Hecho,2025-05-02,ARROZ C.L.F,2025-05-02,,
Precio Hecho,2025-05-02,ARROZ C.L.F,2025-05-02,,
Precio Hecho,2025-05-05,Maiz,2025-05-16,186.375,184.035
Precio Hecho,2025-05-05,Maiz,2025-05-16,186.375,184.035
Precio Hecho,2025-05-05,Maiz,2025-05-19,186.375,181.315
Precio Hecho,2025-05-02,Maiz,2025-06-01,,
Precio Hecho,2025-05-05,Maiz,2025-05-19,186.375,181.315
Precio Hecho,2025-02-24,Soja,2025-02-28,307.26,
Precio Hecho,2025-05-01,Maiz,2025-05-31,,
Precio Hecho,2025-05-05,Maiz,2025-05-19,186.375,181.315
Precio a Fijar,2025-04-11,Soja,2025-05-15,306.12,269.255
Precio a Fijar,2024-09-23,Soja,2025-05-31,310.56,
Precio Hecho,2025-05-05,Maiz,2025-05-19,186.375,181.315
Precio Hecho,2025-05-05,Maiz,2025-05-20,186.375,183.815
Precio Hecho,2025-04-30,Maiz,2025-05-31,194.185,
Precio Hecho,2025-05-05,Maiz,2025-05-20,186.375,183.815
Precio Hecho,2025-05-05,Maiz,2025-05-20,186.375,183.815
Precio Hecho,2025-05-05,Maiz,2025-05-20,186.375,183.815
Precio Hecho,2025-05-05,Maiz,2025-05-21,186.375,185.86
Precio a Fijar,2025-05-05,Soja,2025-05-16,257.5,270.32
Precio Hecho,2025-05-05,Maiz,2025-05-21,186.375,185.86
Precio Hecho,2025-05-05,Maiz,2025-05-21,186.375,185.86
Precio Hecho,2025-05-02,Soja,2025-06-01,,
Precio Hecho,2025-05-02,Soja,2025-06-01,,
Precio Hecho,2025-05-01,Soja,2025-05-31,,
Precio Hecho,2025-05-05,Maiz,2025-05-21,186.375,185.86
Precio Hecho,2025-05-05,Maiz,2025-05-30,186.375,175.93
Precio Hecho,2025-05-05,Maiz,2025-05-21,186.375,185.86
Precio Hecho,2025-05-05,Maiz,2025-05-21,186.375,185.86
Precio Hecho,2025-04-30,Soja,2025-05-31,251.94,
Precio Hecho,2025-05-05,Soja,2025-05-20,257.5,274.21
Precio Hecho,2025-04-30,Soja,2025-05-31,251.94,
Precio Hecho,2025-05-05,Soja,2025-05-05,257.5,257.5
Precio Hecho,2025-05-05,Soja,2025-05-19,257.5,273.06
Precio Hecho,2025-05-05,Soja,2025-05-05,257.5,257.5
Precio Hecho,2025-05-05,Soja,2025-06-05,257.5,
Precio Hecho,2025-05-05,Soja,2025-06-05,257.5,
Precio Hecho,2025-05-05,Soja,2025-06-05,257.5,
Precio Hecho,2025-05-05,Soja,2025-06-05,257.5,
Precio a Fijar,2025-05-05,Soja,2025-06-05,257.5,
Precio Hecho,2025-05-05,Trigo,2025-05-06,194.39666666666668,196.39999999999998
Precio Hecho,2025-05-05,Trigo,2025-05-06,194.39666666666668,196.39999999999998
Precio Hecho,2025-05-05,Trigo,2025-05-06,194.39666666666668,196.39999999999998
Precio a Fijar,2025-02-13,Maiz,2025-05-15,206.1,183.48000000000002
Precio a Fijar,2025-01-29,Maiz,2025-05-15,208.11333333333334,183.48000000000002
Precio a Fijar,2025-05-05,Soja,2025-05-16,257.5,270.32
Precio a Fijar,2025-04-30,Maiz,2025-05-30,194.185,175.93
Precio a Fijar,2025-04-29,Soja,2025-05-29,259.605,267.955
Precio a Fijar,2025-04-28,Soja,2025-05-28,285.395,267.24
Precio a Fijar,2025-02-11,Soja,2025-03-13,307.62,
Precio Hecho,2025-05-05,Soja,2025-05-06,257.5,264.45
Precio a Fijar,2025-05-05,Soja,2025-06-04,257.5,
Precio a Fijar,2024-10-30,Trigo,2024-12-15,,
Precio a Fijar,2025-04-08,Maiz,2025-04-30,205.81,194.185
Precio a Fijar,2025-05-05,Soja,2025-06-04,257.5,
Precio Hecho,2025-05-03,Soja,2025-05-13,,272.245
Precio Hecho,2025-05-05,Trigo,2025-05-06,194.39666666666668,196.39999999999998
Precio a Fijar,2025-04-29,Maiz,2025-05-29,196.565,177.26
Precio a Fijar,2025-04-24,Maiz,2025-05-24,189.415,
Precio a Fijar,2025-04-22,Maiz,2025-05-21,198.825,185.86
Precio a Fijar,2025-04-09,Maiz,2025-04-30,207.47500000000002,194.185
Precio a Fijar,2025-04-08,Maiz,2025-04-30,205.81,194.185
Precio a Fijar,2025-03-25,Maiz,2025-04-24,195.01,189.415
Precio a Fijar,2025-03-25,Maiz,2025-04-24,195.01,189.415
Precio a Fijar,2025-02-26,Maiz,2025-03-07,202.34,196.91
Precio a Fijar,2025-02-21,Maiz,2025-03-22,207.4,
Precio a Fijar,2024-12-30,Maiz,2025-04-30,185.08,194.185
Precio a Fijar,2024-12-30,Maiz,2025-04-30,185.08,194.185
Precio a Fijar,2024-12-30,Maiz,2025-04-15,185.08,197.92
Precio a Fijar,2024-12-27,Maiz,2025-03-31,185.17,202.515
Precio a Fijar,2024-12-27,Maiz,2025-03-31,185.17,202.515
Precio a Fijar,2024-12-05,Trigo,2025-01-04,185.82666666666668,
Precio a Fijar,2024-09-25,Maiz,2025-04-15,177.98333333333335,197.92
Precio a Fijar,2024-09-19,Maiz,2025-04-30,,194.185
Precio a Fijar,2024-08-30,Maiz,2025-04-30,,194.185
Precio a Fijar,2024-08-21,Maiz,2025-04-15,172.435,197.92
Precio a Fijar,2024-08-21,Maiz,2025-04-30,172.435,194.185
Precio Hecho,2025-05-05,Trigo,2025-05-30,194.39666666666668,198.48
Precio Hecho,2025-05-05,Trigo,2025-05-06,194.39666666666668,196.39999999999998
Precio a Fijar,2025-04-11,Trigo,2025-05-11,221.24,
Precio Hecho,2025-05-05,Girasol,2025-05-12,297.75,299.4066666666667
Precio a Fijar,2025-01-14,Maiz,2025-04-30,195.64666666666668,194.185
Precio Hecho,2025-04-30,Girasol,2025-05-31,297.69,
Precio Hecho,2025-05-05,Trigo,2025-05-06,194.39666666666668,196.39999999999998
Precio a Fijar,2025-04-30,Soja,2025-05-30,251.94,269.36
Precio a Fijar,2025-04-30,Soja,2025-05-30,251.94,269.36
Precio a Fijar,2025-04-30,Soja,2025-05-30,251.94,269.36
Precio a Fijar,2025-04-29,Soja,2025-05-29,259.605,267.955
Precio a Fijar,2025-04-29,Maiz,2025-05-29,196.565,177.26
Precio a Fijar,2025-04-29,Soja,2025-05-29,259.605,267.955
Precio a Fijar,2025-04-28,Soja,2025-05-31,285.395,
Precio a Fijar,2025-04-23,Soja,2025-05-23,,269.57
Precio a Fijar,2025-04-22,Maiz,2025-05-22,198.825,184.235
Precio a Fijar,2025-04-16,Maiz,2025-05-15,204.41,183.48000000000002
Precio a Fijar,2025-04-11,Trigo,2025-05-11,221.24,
Precio a Fijar,2025-04-04,Soja,2025-05-04,288.1,
Precio a Fijar,2025-03-26,Maiz,2025-04-25,202.94,199.23
Precio a Fijar,2025-02-26,Maiz,2025-03-07,202.34,196.91
Precio a Fijar,2025-02-24,Maiz,2025-03-26,201.69666666666663,202.94
Precio a Fijar,2025-02-24,Maiz,2025-03-10,201.69666666666663,195.825
Precio a Fijar,2025-01-14,Maiz,2025-04-30,195.64666666666668,194.185
Precio a Fijar,2024-12-27,Maiz,2025-04-30,185.17,194.185
Precio a Fijar,2024-12-27,Maiz,2025-03-31,185.17,202.515
Precio a Fijar,2024-12-27,Maiz,2025-03-31,185.17,202.515
Precio a Fijar,2024-10-07,Soja,2024-11-06,312.66,310.71
Precio a Fijar,2024-09-19,Soja,2024-10-19,,
Precio a Fijar,2024-09-19,Soja,2024-10-19,,
Precio a Fijar,2024-08-21,Maiz,2025-04-15,172.435,197.92
Precio a Fijar,2024-07-25,Maiz,2025-04-15,,197.92
Precio a Fijar,2024-05-21,Soja,2024-06-20,,
Precio Hecho,2025-04-30,Soja,2025-05-30,251.94,269.36
Precio Hecho,2025-04-30,Trigo,2025-05-30,,198.48
Precio Hecho,2025-04-30,Soja,2025-05-30,251.94,269.36
Precio a Fijar,2025-01-29,Maiz,2025-05-15,208.11333333333334,183.48000000000002
Precio a Fijar,2025-05-05,Soja,2025-06-06,257.5,268.9733333333333
Precio a Fijar,2025-01-29,Maiz,2025-05-15,208.11333333333334,183.48000000000002
Precio a Fijar,2024-12-30,Trigo,2025-06-30,188.30666666666664,198.26
Precio Hecho,2025-05-05,Trigo,2025-05-05,194.39666666666668,194.39666666666668
Precio a Fijar,2025-04-11,Maiz,2025-05-11,208.72,
Precio a Fijar,2025-03-25,Maiz,2025-04-24,195.01,189.415
Precio Hecho,2025-05-05,Soja,2025-06-01,257.5,
Precio a Fijar,2025-05-02,Maiz,2025-05-09,,180.39499999999998
Precio Hecho,2025-05-05,Soja,2025-06-04,257.5,
Precio Hecho,2025-05-05,Soja,2025-06-04,257.5,
Precio a Fijar,2025-05-05,Maiz,2025-06-04,186.375,
Precio Hecho,2025-05-05,Soja,2025-06-04,257.5,
Precio Hecho,2025-05-05,Soja,2025-06-04,257.5,
Precio Hecho,2025-05-05,Soja,2025-06-04,257.5,
Precio a Fijar,2025-03-19,Maiz,2025-04-18,197.945,
Precio Hecho,2025-05-02,Maiz,2025-06-01,,
Precio Hecho,2025-05-02,Maiz,2025-06-01,,
Precio Hecho,2025-05-02,Maiz,2025-06-01,,
Precio Hecho,2025-05-02,Maiz,2025-05-15,,183.48000000000002
Precio Hecho,2025-05-05,Soja,2025-05-13,257.5,272.245
Precio Hecho,2025-04-30,Maiz,2025-05-30,194.185,175.93
Precio Hecho,2025-05-05,Soja,2025-05-13,257.5,272.245
Precio Hecho,2025-05-05,Soja,2025-05-13,257.5,272.245
Precio Hecho,2025-05-05,Soja,2025-05-05,257.5,257.5
Precio Hecho,2025-04-30,Soja,2025-05-30,251.94,269.36
Precio a Fijar,2025-05-05,Maiz,2025-06-01,186.375,
Precio Hecho,2025-05-02,Maiz,2025-05-12,,181.32333333333335
Precio a Fijar,2024-12-12,CEBADA CERV.,2025-05-31,,
Precio a Fijar,2024-11-11,CEBADA CERV.,2025-11-30,,
Precio a Fijar,2025-01-14,CEBADA CERV.,2025-11-30,,
Precio Hecho,2025-05-02,Soja,2025-05-02,,
Precio Hecho,2025-04-30,Soja,2025-05-30,251.94,269.36
Precio Hecho,2025-05-02,Soja,2025-05-02,,
Precio Hecho,2025-05-04,Soja,2025-06-03,,267.7733333333333
Precio a Fijar,2025-05-05,Soja,2025-05-07,257.5,268.21000000000004
Precio a Fijar,2025-05-05,Maiz,2025-05-31,186.375,
Precio a Fijar,2025-04-25,Soja,2025-05-31,266.495,
Precio a Fijar,2024-11-08,Maiz,2025-04-30,183.88666666666666,194.185
Precio a Fijar,2025-01-28,Soja,2025-02-28,294.96,
Precio a Fijar,2025-04-22,Soja,2025-05-22,275.82,274.77
Precio Hecho,2025-05-05,Trigo,2025-05-05,194.39666666666668,194.39666666666668
Precio a Fijar,2025-05-04,Soja,2025-06-03,,267.7733333333333
Precio a Fijar,2025-05-17,Soja,2025-06-16,,
Precio a Fijar,2025-05-17,Maiz,2025-05-31,,
Precio Hecho,2025-05-17,Soja,2025-05-17,,
Precio Hecho,2025-05-09,Soja,2025-05-09,272.855,272.855
Precio Hecho,2025-05-09,Soja,2025-05-09,272.855,272.855
Precio Hecho,2025-05-09,Soja,2025-05-09,272.855,272.855
Precio Hecho,2025-05-08,Soja,2025-05-08,268.56,268.56
Precio Hecho,2025-05-08,Soja,2025-05-08,268.56,268.56
Precio Hecho,2025-05-08,Soja,2025-05-08,268.56,268.56
Precio Hecho,2025-05-08,Soja,2025-05-08,268.56,268.56
Precio Hecho,2025-05-08,Soja,2025-05-08,268.56,268.56
Precio Hecho,2025-05-08,Soja,2025-05-08,268.56,268.56
Precio Hecho,2025-05-14,Soja,2025-05-14,271.12,271.12
Precio Hecho,2025-05-08,Soja,2025-05-08,268.56,268.56
Precio Hecho,2025-05-09,Soja,2025-05-09,272.855,272.855
Precio Hecho,2025-05-12,Soja,2025-05-12,275.315,275.315
Precio Hecho,2025-05-12,Soja,2025-05-12,275.315,275.315
Precio Hecho,2025-05-09,Soja,2025-05-09,272.855,272.855
Precio Hecho,2025-05-07,Soja,2025-05-07,268.21000000000004,268.21000000000004
Precio Hecho,2025-05-14,Soja,2025-05-14,271.12,271.12
Precio Hecho,2025-05-14,Soja,2025-05-14,271.12,271.12
Precio Hecho,2025-05-14,Soja,2025-05-14,271.12,271.12
Precio Hecho,2025-05-08,Soja,2025-05-08,268.56,268.56
Precio Hecho,2025-05-06,Soja,2025-05-06,264.45,264.45
Precio Hecho,2025-05-15,Soja,2025-05-15,269.255,269.255
Precio Hecho,2025-05-15,Soja,2025-05-15,269.255,269.255
Precio Hecho,2025-05-15,Soja,2025-05-15,269.255,269.255
Precio Hecho,2025-05-15,Soja,2025-05-15,269.255,269.255
Precio Hecho,2025-05-14,Soja,2025-05-14,271.12,271.12
Precio Hecho,2025-05-14,Soja,2025-05-14,271.12,271.12
Precio Hecho,2025-05-12,Soja,2025-05-12,275.315,275.315
Precio Hecho,2025-05-14,Soja,2025-05-14,271.12,271.12
Precio Hecho,2025-05-09,Soja,2025-05-09,272.855,272.855
Precio Hecho,2025-05-12,Soja,2025-05-12,275.315,275.315
Precio Hecho,2025-05-13,Soja,2025-05-13,272.245,272.245
Precio Hecho,2025-05-13,Soja,2025-05-13,272.245,272.245
Precio Hecho,2025-05-14,Soja,2025-05-14,271.12,271.12
Precio Hecho,2025-05-15,Soja,2025-05-15,269.255,269.255
Precio Hecho,2025-05-06,Soja,2025-05-06,264.45,264.45
Precio Hecho,2025-05-14,Soja,2025-05-14,271.12,271.12
Precio Hecho,2025-05-15,Maiz,2025-05-15,183.48000000000002,183.48000000000002
Precio Hecho,2025-05-15,Trigo,2025-05-15,192.89,192.89
Precio Hecho,2025-05-15,Trigo,2025-05-15,192.89,192.89
Precio Hecho,2025-05-16,Trigo,2025-05-23,196.15,198.5
Precio Hecho,2025-05-17,Soja,2025-05-18,,
Precio Hecho,2025-05-17,Soja,2025-05-18,,
Precio Hecho,2025-05-17,Soja,2025-05-18,,
Precio Hecho,2025-05-17,Maiz,2025-05-18,,
Precio Hecho,2025-05-17,Soja,2025-05-18,,
Precio Hecho,2025-05-17,ARROZ C.L.F,2025-05-17,,
Precio Hecho,2025-05-17,Maiz,2025-05-24,,
Precio Hecho,2025-05-17,Soja,2025-05-18,,
Precio Hecho,2025-05-17,Soja,2025-05-18,,
Precio Hecho,2025-05-17,Soja,2025-05-18,,
Precio Hecho,2025-05-15,ARROZ C.L.F,2025-05-15,,
Precio Hecho,2025-05-17,Trigo,2025-05-17,,
Precio Hecho,2025-05-17,Trigo,2025-05-17,,
Precio Hecho,2025-05-17,Trigo,2025-05-17,,
Precio Hecho,2025-05-17,Maiz,2025-06-17,,171.975
Precio Hecho,2025-05-17,Soja,2025-05-17,,
Precio Hecho,2025-05-17,Soja,2025-05-17,,
Precio Hecho,2025-05-17,Soja,2025-05-17,,
Precio Hecho,2025-05-17,Trigo,2025-05-17,,
Precio Hecho,2025-05-17,Trigo,2025-05-17,,
Precio Hecho,2025-05-17,Trigo,2025-05-17,,
Precio Hecho,2025-05-17,Trigo,2025-05-17,,
Precio a Fijar,2025-05-16,Soja,2025-06-16,270.32,
Precio a Fijar,2025-05-16,Soja,2025-05-30,270.32,269.36
Precio a Fijar,2025-05-16,Soja,2025-06-16,270.32,
Precio a Fijar,2025-05-16,Soja,2025-06-16,270.32,
Precio a Fijar,2025-05-16,Soja,2026-01-31,270.32,
Precio a Fijar,2025-04-28,Soja,2025-05-28,285.395,267.24
Precio a Fijar,2025-03-11,Soja,2025-04-30,,251.94
Precio a Fijar,2025-01-28,Soja,2025-04-30,294.96,251.94
Precio a Fijar,2025-01-21,Soja,2025-02-21,279.85,311.1
Precio a Fijar,2025-01-17,Soja,2025-04-30,277.78,251.94
Precio a Fijar,2025-01-06,Soja,2025-04-30,279.09,251.94
Precio a Fijar,2024-12-19,Soja,2025-04-30,273.7,251.94
Precio a Fijar,2024-10-09,Soja,2024-11-09,,
Precio a Fijar,2024-10-07,Soja,2024-11-07,312.66,311.56
Precio a Fijar,2025-03-14,Soja,2025-04-30,299.49,251.94
Precio a Fijar,2025-03-11,Soja,2025-04-30,,251.94
Precio a Fijar,2025-01-03,Soja,2025-04-30,275.23,251.94
Precio a Fijar,2025-01-03,Soja,2025-05-15,275.23,269.255
Precio a Fijar,2024-11-04,Soja,2025-04-30,309.91,251.94
Precio a Fijar,2025-01-09,Soja,2025-04-30,,251.94
Precio a Fijar,2024-12-18,Soja,2025-04-30,273.84,251.94
Precio a Fijar,2024-12-10,Soja,2025-04-30,292.04,251.94
Precio a Fijar,2024-12-10,Soja,2025-04-30,292.04,251.94
Precio a Fijar,2024-12-10,Soja,2025-04-30,292.04,251.94
Precio a Fijar,2023-01-10,Trigo,2023-01-31,,
Precio Hecho,2025-05-16,Girasol,2025-05-16,317.47,317.47
Precio a Fijar,2025-05-16,Soja,2025-05-31,270.32,
Precio Hecho,2025-05-16,Soja,2025-06-15,270.32,
Precio Hecho,2025-05-16,Maiz,2025-06-15,184.035,
Precio a Fijar,2025-05-16,Soja,2025-05-31,270.32,
Precio a Fijar,2025-05-16,Soja,2025-05-31,270.32,
Precio Hecho,2025-05-12,Soja,2025-05-12,275.315,275.315
Precio Hecho,2025-05-12,Soja,2025-05-12,275.315,275.315
Precio Hecho,2025-05-09,Soja,2025-05-09,272.855,272.855
Precio Hecho,2025-05-06,Soja,2025-05-06,264.45,264.45
Precio Hecho,2025-05-13,Soja,2025-05-13,272.245,272.245
Precio Hecho,2025-05-16,Soja,2025-05-16,270.32,270.32
Precio Hecho,2025-05-12,Soja,2025-05-12,275.315,275.315
Precio Hecho,2025-05-12,Soja,2025-05-12,275.315,275.315
Precio Hecho,2025-05-16,Soja,2025-05-16,270.32,270.32
Precio Hecho,2025-05-09,Soja,2025-05-09,272.855,272.855
Precio Hecho,2025-05-14,Soja,2025-05-14,271.12,271.12
Precio a Fijar,2025-05-16,Soja,2025-05-31,270.32,
Precio a Fijar,2025-05-16,Soja,2025-06-16,270.32,
Precio a Fijar,2025-05-16,Soja,2025-05-31,270.32,
Precio Hecho,2025-05-16,Maiz,2025-07-10,184.035,168.78
Precio a Fijar,2025-05-16,Soja,2025-05-31,270.32,
Precio a Fijar,2025-05-16,Soja,2025-05-31,270.32,
Precio a Fijar,2025-05-16,Soja,2025-05-31,270.32,
Precio a Fijar,2025-05-16,Soja,2025-06-15,270.32,
Precio a Fijar,2025-05-16,Soja,2025-05-31,270.32,
Precio a Fijar,2025-01-29,Soja,2025-05-15,299.57,269.255
Precio a Fijar,2025-01-29,Soja,2025-05-15,299.57,269.255
Precio Hecho,2025-05-16,Girasol,2025-05-16,317.47,317.47
Precio Hecho,2025-05-16,Girasol,2025-05-16,317.47,317.47
Precio a Fijar,2025-05-16,Trigo,2025-06-16,196.15,
Precio Hecho,2025-05-16,Trigo,2025-06-16,196.15,
Precio a Fijar,2025-05-16,Trigo,2025-06-16,196.15,
Precio a Fijar,2025-05-16,Soja,2025-06-16,270.32,
Precio a Fijar,2025-05-16,Soja,2025-06-16,270.32,
Precio a Fijar,2025-05-16,Soja,2025-05-31,270.32,
Precio a Fijar,2025-05-16,Soja,2025-06-16,270.32,
Precio a Fijar,2024-05-24,Soja,2025-05-15,319.70500000000004,269.255
Precio a Fijar,2024-05-23,Soja,2025-05-31,321.72,
Precio a Fijar,2025-05-16,Soja,2025-05-31,270.32,
Precio a Fijar,2025-05-16,Soja,2025-06-15,270.32,
Precio Hecho,2025-05-16,Soja,2025-06-15,270.32,
Precio a Fijar,2025-05-16,Trigo,2025-06-19,196.15,197.2
Precio a Fijar,2025-05-16,Trigo,2025-06-19,196.15,197.2
Precio Hecho,2025-05-16,Maiz,2025-05-16,184.035,184.035
Precio a Fijar,2025-05-16,Soja,2025-06-16,270.32,
Precio a Fijar,2025-05-16,Soja,2025-06-16,270.32,
Precio a Fijar,2025-05-16,Soja,2025-05-31,270.32,
Precio a Fijar,2025-05-16,Soja,2025-06-16,270.32,
Precio a Fijar,2025-03-06,Maiz,2025-04-06,199.15,
Precio Hecho,2025-05-16,Trigo,2025-05-16,196.15,196.15
Precio Hecho,2025-05-16,Maiz,2025-06-15,184.035,
Precio a Fijar,2024-12-05,Soja,2025-04-30,291.07,251.94
Precio a Fijar,2025-03-26,Soja,2025-04-25,317.24,266.495
Precio a Fijar,2025-05-16,Trigo,2025-12-31,196.15,
Precio a Fijar,2025-05-16,Maiz,2025-06-15,184.035,
Precio Hecho,2025-05-16,Soja,2025-05-26,270.32,269.98
Precio a Fijar,2025-05-13,Soja,2025-06-30,272.245,269.66999999999996
Precio a Fijar,2025-05-16,Soja,2025-06-15,270.32,
Precio a Fijar,2025-05-16,Soja,2025-06-15,270.32,
Precio a Fijar,2025-05-16,Soja,2025-06-15,270.32,
Precio a Fijar,2025-05-16,Soja,2025-06-15,270.32,
Precio a Fijar,2025-05-16,CEBADA FORR.,2026-01-15,,
Precio a Fijar,2025-05-16,Maiz,2025-05-31,184.035,
Precio Hecho,2025-05-16,Trigo,2025-05-16,196.15,196.15
Precio Hecho,2025-05-16,Soja,2025-05-16,270.32,270.32
Precio Hecho,2025-05-07,Soja,2025-05-16,268.21000000000004,270.32
Precio Hecho,2025-05-06,Trigo,2025-05-16,196.39999999999998,196.15
Precio Hecho,2025-05-16,Soja,2025-05-16,270.32,270.32
Precio Hecho,2025-05-16,ACEITE SOJA,2025-06-16,,
Precio a Fijar,2025-03-29,Soja,2025-05-15,,269.255
Precio a Fijar,2024-12-07,Trigo,2024-12-07,,
Precio a Fijar,2021-12-15,Trigo,2021-12-15,,
Precio a Fijar,2025-01-03,Soja,2025-04-30,275.23,251.94
Precio a Fijar,2025-05-16,Soja,2025-05-23,270.32,269.57
Precio Hecho,2025-05-16,Soja,2025-05-16,270.32,270.32
Precio Hecho,2025-05-16,Soja,2025-05-16,270.32,270.32
Precio Hecho,2025-05-16,Soja,2025-05-16,270.32,270.32
Precio Hecho,2025-05-16,Soja,2025-05-16,270.32,270.32
Precio Hecho,2025-05-16,Soja,2025-06-16,270.32,
Precio Hecho,2025-05-15,Maiz,2025-07-31,183.48000000000002,
Precio Hecho,2025-05-16,Maiz,2025-05-16,184.035,184.035
Precio Hecho,2025-05-16,Soja,2025-05-16,270.32,270.32
Precio Hecho,2025-05-15,Maiz,2025-07-31,183.48000000000002,
Precio Hecho,2025-05-16,Trigo,2025-05-16,196.15,196.15
Precio Hecho,2025-05-16,Soja,2025-05-16,270.32,270.32
Precio a Fijar,2024-12-03,Maiz,2025-08-31,180.34666666666666,
Precio Hecho,2025-05-16,Soja,2025-05-16,270.32,270.32
Precio Hecho,2025-05-16,Maiz,2025-05-19,184.035,181.315
Precio Hecho,2025-05-16,Soja,2025-05-16,270.32,270.32
Precio a Fijar,2025-05-13,Soja,2025-06-12,272.245,273.08000000000004
Precio a Fijar,2025-05-16,Soja,2025-06-16,270.32,
Precio Hecho,2025-05-16,Soja,2025-05-23,270.32,269.57
Precio a Fijar,2025-04-09,Maiz,2025-07-31,207.47500000000002,
Precio a Fijar,2025-05-16,Trigo,2025-12-31,196.15,
Precio a Fijar,2025-05-16,Trigo,2026-01-31,196.15,
Precio a Fijar,2025-05-16,Trigo,2026-01-15,196.15,
Precio a Fijar,2025-05-16,Trigo,2026-01-15,196.15,
Precio Hecho,2025-05-16,Soja,2025-05-26,270.32,269.98
Precio a Fijar,2025-02-17,Maiz,2025-08-31,207.69,
Precio Hecho,2025-05-16,Maiz,2025-05-22,184.035,184.235
Precio a Fijar,2025-04-07,Trigo,2025-06-16,218.45,
Precio Hecho,2025-05-16,Trigo,2025-06-30,196.15,198.26
Precio a Fijar,2025-01-22,Maiz,2025-08-31,198.31333333333336,
Precio a Fijar,2025-01-03,Maiz,2025-08-31,185.9,
Precio Hecho,2025-05-16,Trigo,2025-05-16,196.15,196.15
Precio Hecho,2025-05-16,Maiz,2025-05-31,184.035,
Precio a Fijar,2025-01-03,Maiz,2025-08-31,185.9,
Precio Hecho,2025-05-16,Maiz,2025-05-31,184.035,
Precio Hecho,2025-05-16,Trigo,2025-05-16,196.15,196.15
Precio a Fijar,2024-12-23,Maiz,2025-08-31,180.845,
Precio a Fijar,2024-12-23,Maiz,2025-08-31,180.845,
Precio a Fijar,2024-12-13,Maiz,2025-08-31,176.38,
Precio a Fijar,2024-12-12,Maiz,2025-08-31,178.115,
Precio a Fijar,2024-12-12,Maiz,2025-08-31,178.115,
Precio a Fijar,2024-12-11,Maiz,2025-08-31,181.82,
Precio Hecho,2025-05-16,Sorgo,2025-05-26,178.63,176.73
Precio Hecho,2025-05-15,Sorgo,2025-05-25,178.48,
Precio Hecho,2025-04-07,Trigo,2025-04-07,218.45,218.45
Precio Hecho,2025-05-15,Maiz,2025-05-25,183.48000000000002,
Precio Hecho,2025-05-06,Maiz,2025-05-16,189.99,184.035
Precio Hecho,2025-05-02,Maiz,2025-05-12,,181.32333333333335
Precio Hecho,2025-05-16,Soja,2025-05-16,270.32,270.32
Precio Hecho,2025-04-07,Trigo,2025-04-07,218.45,218.45
Precio Hecho,2025-05-16,Soja,2025-05-26,270.32,269.98
Precio Hecho,2025-05-15,Soja,2025-05-25,269.255,
Precio Hecho,2025-05-15,Soja,2025-05-25,269.255,
Precio Hecho,2025-05-15,Soja,2025-05-25,269.255,
Precio Hecho,2025-05-15,Soja,2025-05-25,269.255,
Precio Hecho,2025-05-15,Soja,2025-05-25,269.255,
Precio Hecho,2025-05-15,Soja,2025-05-25,269.255,
Precio Hecho,2025-05-15,Soja,2025-05-25,269.255,
Precio Hecho,2025-05-15,Soja,2025-05-25,269.255,
Precio Hecho,2025-05-15,Soja,2025-05-25,269.255,
Precio Hecho,2025-05-14,Soja,2025-05-24,271.12,
Precio Hecho,2025-04-07,Trigo,2025-04-07,218.45,218.45
Precio Hecho,2025-05-13,Soja,2025-05-23,272.245,269.57
Precio Hecho,2025-05-13,Soja,2025-05-23,272.245,269.57
Precio Hecho,2025-05-09,Soja,2025-05-19,272.855,273.06
Precio Hecho,2025-05-06,Soja,2025-05-16,264.45,270.32
Precio Hecho,2025-05-06,Soja,2025-05-16,264.45,270.32
Precio Hecho,2025-05-06,Soja,2025-05-16,264.45,270.32
Precio Hecho,2025-05-06,Soja,2025-05-16,264.45,270.32
Precio Hecho,2025-04-12,CEBADA FORR.,2025-04-12,,
Precio Hecho,2025-04-12,Trigo,2025-04-12,,
Precio Hecho,2025-04-15,Trigo,2025-04-15,206.67,206.67
Precio a Fijar,2025-03-18,Soja,2025-04-30,304.02,251.94
Precio a Fijar,2025-03-18,Soja,2025-04-30,304.02,251.94
Precio Hecho,2025-04-16,Maiz,2025-04-16,204.41,204.41
Precio Hecho,2025-04-24,Maiz,2025-04-24,189.415,189.415
Precio Hecho,2025-05-15,ACEITE SOJA,2025-05-15,,
Precio a Fijar,2024-12-10,Maiz,2025-08-31,177.97333333333333,
Precio Hecho,2025-04-24,Maiz,2025-04-24,189.415,189.415
Precio a Fijar,2024-12-03,Maiz,2025-08-31,180.34666666666666,
Precio Hecho,2025-05-16,Maiz,2025-06-15,184.035,
Precio Hecho,2025-05-16,Trigo,2025-06-15,196.15,
Precio Hecho,2025-05-16,Soja,2025-05-16,270.32,270.32
Precio a Fijar,2024-12-03,Maiz,2025-08-31,180.34666666666666,
Precio Hecho,2025-05-16,Soja,2025-05-26,270.32,269.98
Precio a Fijar,2024-11-28,Maiz,2025-08-31,180.70666666666668,
Precio a Fijar,2024-11-06,Maiz,2025-08-31,184.515,
Precio Hecho,2025-05-16,Soja,2025-06-03,270.32,267.7733333333333
Precio a Fijar,2024-11-05,Maiz,2025-08-31,,
Precio Hecho,2025-05-16,Soja,2025-06-02,270.32,267.41999999999996
Precio Hecho,2025-05-16,Soja,2025-06-03,270.32,267.7733333333333
Precio Hecho,2025-04-24,Maiz,2025-04-24,189.415,189.415
Precio a Fijar,2024-10-18,Maiz,2025-08-31,181.14000000000001,
Precio Hecho,2025-05-16,Soja,2025-06-03,270.32,267.7733333333333
Precio Hecho,2025-04-24,Maiz,2025-04-24,189.415,189.415
Precio a Fijar,2024-10-18,Maiz,2025-08-31,181.14000000000001,
Precio Hecho,2025-05-16,Soja,2025-06-03,270.32,267.7733333333333
Precio a Fijar,2024-10-16,Maiz,2025-08-31,,
Precio Hecho,2025-04-29,Trigo,2025-04-29,201.20999999999998,201.20999999999998
Precio a Fijar,2024-09-30,Maiz,2025-08-31,184.95499999999998,
Precio Hecho,2025-04-29,Trigo,2025-04-29,201.20999999999998,201.20999999999998
Precio a Fijar,2024-09-23,Maiz,2025-08-31,178.57,
Precio a Fijar,2025-05-16,Soja,2025-06-15,270.32,
Precio a Fijar,2025-05-16,Soja,2025-06-15,270.32,
Precio a Fijar,2025-05-16,Soja,2025-06-15,270.32,
Precio Hecho,2025-05-15,Maiz,2025-05-20,183.48000000000002,183.815
Precio Hecho,2025-04-29,Trigo,2025-04-29,201.20999999999998,201.20999999999998
Precio Hecho,2025-04-29,Trigo,2025-04-29,201.20999999999998,201.20999999999998
Precio a Fijar,2025-05-16,Trigo,2025-12-31,196.15,
Precio a Fijar,2025-05-16,Trigo,2026-01-31,196.15,
Precio Hecho,2025-04-30,Trigo,2025-04-30,,
Precio a Fijar,2024-07-19,Maiz,2025-08-31,170.49333333333334,
Precio a Fijar,2025-01-31,Maiz,2025-07-31,211.68,
Precio Hecho,2025-05-15,Maiz,2025-05-20,183.48000000000002,183.815
Precio Hecho,2025-05-14,Soja,2025-05-16,271.12,270.32
Precio a Fijar,2025-01-21,Maiz,2025-07-31,198.75666666666666,
Precio Hecho,2025-05-13,Soja,2025-05-16,272.245,270.32
Precio Hecho,2025-05-08,Trigo,2025-05-16,198.38,196.15
Precio Hecho,2025-05-15,Soja,2025-05-16,269.255,270.32
Precio Hecho,2025-05-16,Maiz,2025-05-16,184.035,184.035
Precio Hecho,2025-05-08,Trigo,2025-05-16,198.38,196.15
Precio Hecho,2025-05-16,Soja,2025-05-16,270.32,270.32
Precio Hecho,2025-05-15,Soja,2025-05-20,269.255,274.21
Precio Hecho,2025-05-06,Maiz,2025-05-20,189.99,183.815
Precio Hecho,2025-05-16,Maiz,2025-05-16,184.035,184.035
Precio a Fijar,2025-04-24,Trigo,2025-04-24,194.615,194.615
Precio a Fijar,2025-01-02,Trigo,2025-01-02,187.73333333333335,187.73333333333335
Precio Hecho,2025-05-16,Trigo,2025-06-16,196.15,
Precio a Fijar,2024-12-19,Maiz,2025-07-31,180.10500000000002,
Precio a Fijar,2024-12-05,Maiz,2025-07-31,178.095,
Precio a Fijar,2024-12-05,Maiz,2025-07-31,178.095,
Precio a Fijar,2024-11-28,Maiz,2025-07-31,180.70666666666668,
Precio a Fijar,2024-10-18,Maiz,2025-07-31,181.14000000000001,
Precio a Fijar,2025-05-13,Maiz,2025-05-28,181.315,181.03
Precio a Fijar,2025-05-07,Girasol,2025-06-07,297.6,
Precio a Fijar,2025-04-21,Maiz,2025-05-20,197.44,183.815
Precio a Fijar,2025-03-25,Maiz,2025-04-30,195.01,194.185
Precio a Fijar,2025-03-17,Maiz,2025-04-17,197.00666666666666,
Precio a Fijar,2024-12-11,Maiz,2025-04-30,181.82,194.185
Precio a Fijar,2024-10-16,Girasol,2025-03-15,,
Precio a Fijar,2024-07-18,Maiz,2024-07-31,,166.66666666666666
Precio a Fijar,2024-09-03,Maiz,2025-07-31,177.24333333333334,
Precio a Fijar,2024-09-03,Maiz,2025-07-31,177.24333333333334,
Precio a Fijar,2024-08-28,Maiz,2025-07-31,173.67,
Precio a Fijar,2024-08-21,Maiz,2025-07-31,172.435,
Precio a Fijar,2024-08-14,Maiz,2025-07-31,172.69,
Precio a Fijar,2024-08-14,Maiz,2025-07-31,172.69,
Precio a Fijar,2024-09-25,Soja,2024-10-25,294.12,292.51
Precio Hecho,2025-05-16,Trigo,2025-06-30,196.15,198.26
Precio a Fijar,2024-07-12,Maiz,2025-07-31,174.71666666666667,
Precio Hecho,2025-05-05,Trigo,2025-05-31,194.39666666666668,
Precio a Fijar,2024-07-12,Maiz,2025-07-31,174.71666666666667,
Precio Hecho,2025-05-16,Soja,2025-05-16,270.32,270.32
Precio Hecho,2025-05-16,Soja,2025-05-16,270.32,270.32
Precio Hecho,2025-05-16,Soja,2025-05-16,270.32,270.32
Precio a Fijar,2025-04-10,Maiz,2025-04-30,208.68,194.185
Precio Hecho,2025-05-16,Trigo,2025-05-17,196.15,
Precio Hecho,2025-05-16,Trigo,2025-05-17,196.15,
Precio a Fijar,2024-12-04,Girasol,2025-02-28,348.96,
Precio a Fijar,2024-12-04,Girasol,2025-02-28,348.96,
Precio Hecho,2025-05-16,Trigo,2025-05-17,196.15,
Precio a Fijar,2024-12-30,Girasol,2025-03-17,346.20500000000004,316.61
Precio a Fijar,2025-05-12,Maiz,2025-06-11,181.32333333333335,173.77
Precio a Fijar,2024-11-01,Girasol,2025-03-17,359.89000000000004,316.61
Precio Hecho,2025-05-16,Trigo,2025-05-17,196.15,
Precio Hecho,2025-05-16,Trigo,2025-05-17,196.15,
Precio a Fijar,2025-05-16,Soja,2025-06-30,270.32,269.66999999999996
Precio Hecho,2025-05-16,Soja,2025-05-17,270.32,
Precio Hecho,2025-05-16,Trigo,2025-05-17,196.15,
Precio Hecho,2025-05-16,Trigo,2025-06-21,196.15,
Precio a Fijar,2025-05-16,Soja,2025-05-16,270.32,270.32
Precio a Fijar,2025-05-09,Soja,2025-06-08,272.855,
Precio a Fijar,2025-05-16,Soja,2025-05-16,270.32,270.32
Precio a Fijar,2025-05-16,Soja,2025-05-16,270.32,270.32
Precio a Fijar,2025-05-16,Soja,2025-05-16,270.32,270.32
Precio a Fijar,2025-05-16,Soja,2025-05-16,270.32,270.32
Precio a Fijar,2025-05-16,Soja,2025-05-16,270.32,270.32
Precio a Fijar,2025-05-16,Soja,2025-05-16,270.32,270.32
Precio Hecho,2025-05-16,Maiz,2025-05-16,184.035,184.035
Precio Hecho,2025-05-16,Trigo,2025-05-16,196.15,196.15
Precio a Fijar,2025-05-16,Maiz,2025-06-15,184.035,
Precio a Fijar,2025-05-16,Soja,2025-06-15,270.32,
Precio a Fijar,2025-05-16,Soja,2025-06-15,270.32,
Precio a Fijar,2025-05-16,Soja,2025-06-15,270.32,
Precio a Fijar,2025-05-16,Soja,2025-06-15,270.32,
Precio a Fijar,2025-05-16,Maiz,2025-05-31,184.035,
Precio Hecho,2025-05-16,Trigo,2025-06-21,196.15,
Precio a Fijar,2025-05-16,Trigo,2025-06-14,196.15,
Precio Hecho,2025-05-16,Maiz,2025-05-16,184.035,184.035
Precio a Fijar,2025-05-16,Soja,2025-05-30,270.32,269.36
Precio a Fijar,2025-04-25,Soja,2025-05-25,266.495,
Precio a Fijar,2025-04-16,Soja,2025-05-31,279.74,
Precio a Fijar,2025-04-07,Soja,2025-05-07,288.1,268.21000000000004
Precio a Fijar,2025-05-15,Soja,2025-06-30,269.255,269.66999999999996
Precio a Fijar,2025-05-12,Soja,2025-06-11,275.315,274.3333333333333
Precio a Fijar,2025-05-08,Maiz,2025-06-06,183.12,172.06333333333336
Precio a Fijar,2025-05-08,Soja,2025-06-07,268.56,
Precio a Fijar,2025-05-06,Soja,2025-06-05,264.45,
Precio a Fijar,2025-04-29,Soja,2025-05-29,259.605,267.955
Precio a Fijar,2025-04-29,Soja,2025-05-29,259.605,267.955
Precio a Fijar,2025-04-25,Soja,2025-05-25,266.495,
Precio a Fijar,2025-04-24,Soja,2025-05-24,268.31,
Precio a Fijar,2025-04-24,Soja,2025-05-24,268.31,
Precio a Fijar,2025-04-16,Soja,2025-05-31,279.74,
Precio a Fijar,2025-04-07,Soja,2025-05-07,288.1,268.21000000000004
Precio a Fijar,2025-04-07,Maiz,2025-05-07,204.46,186.27666666666667
Precio a Fijar,2025-03-28,Maiz,2025-04-27,193.76,
Precio a Fijar,2025-03-25,Soja,2025-04-24,308.37,268.31
Precio a Fijar,2025-03-19,Soja,2025-04-18,306.15,
Precio a Fijar,2025-02-26,Maiz,2025-03-28,202.34,193.76
Precio a Fijar,2025-02-19,Maiz,2025-03-31,207.22000000000003,202.515
Precio a Fijar,2024-12-27,Maiz,2025-04-30,185.17,194.185
Precio a Fijar,2024-12-27,Maiz,2025-06-30,185.17,168.39333333333332
Precio a Fijar,2024-10-28,Soja,2024-11-24,308.55,
Precio a Fijar,2025-04-16,Soja,2025-05-31,279.74,
Precio Hecho,2025-05-16,Maiz,2025-05-16,184.035,184.035
Precio Hecho,2025-05-16,ARROZ C.L.F,2025-05-16,,
Precio a Fijar,2025-05-14,Soja,2025-05-31,271.12,
Precio Hecho,2025-05-16,Trigo,2025-05-16,196.15,196.15
Precio a Fijar,2025-05-16,Soja,2025-06-15,270.32,
Precio Hecho,2025-05-16,Soja,2025-05-16,270.32,270.32
Precio a Fijar,2025-01-29,Maiz,2025-05-15,208.11333333333334,183.48000000000002
Precio Hecho,2025-05-16,Soja,2025-05-16,270.32,270.32
Precio Hecho,2025-05-14,ARROZ C.L.F,2025-05-14,,
Precio Hecho,2025-05-16,Soja,2025-05-16,270.32,270.32
Precio a Fijar,2025-01-29,Maiz,2025-05-15,208.11333333333334,183.48000000000002
Precio a Fijar,2025-04-03,Maiz,2025-05-07,198.6,186.27666666666667
Precio a Fijar,2025-04-15,Maiz,2025-05-15,197.92,183.48000000000002
Precio Hecho,2025-05-16,Maiz,2025-05-16,184.035,184.035
Precio Hecho,2025-05-15,Girasol,2025-06-14,317.47,
Precio Hecho,2025-05-15,Maiz,2025-06-14,183.48000000000002,
Precio Hecho,2025-05-14,Soja,2025-05-24,271.12,
Precio Hecho,2025-05-16,Soja,2025-06-15,270.32,
Precio Hecho,2025-05-16,ARROZ C.L.F,2025-05-16,,
Precio a Fijar,2025-05-16,Soja,2025-05-16,270.32,270.32
Precio a Fijar,2024-12-11,Trigo,2024-12-11,188.39249999999998,188.39249999999998
Precio a Fijar,2025-05-16,Soja,2025-05-16,270.32,270.32
Precio Hecho,2025-05-16,Trigo,2025-05-16,196.15,196.15
Precio a Fijar,2025-05-16,Soja,2025-05-16,270.32,270.32
Precio Hecho,2025-05-16,Trigo,2025-05-16,196.15,196.15
Precio a Fijar,2025-04-09,Maiz,2025-05-09,207.47500000000002,180.39499999999998
Precio a Fijar,2025-05-16,Soja,2025-05-16,270.32,270.32
Precio Hecho,2025-05-16,Trigo,2025-05-16,196.15,196.15
Precio a Fijar,2025-05-16,Soja,2025-05-16,270.32,270.32
Precio a Fijar,2024-10-31,Trigo,2024-12-31,196.98,
Precio Hecho,2025-05-16,Trigo,2025-05-16,196.15,196.15
Precio Hecho,2025-05-16,Trigo,2025-06-14,196.15,
Precio a Fijar,2025-05-16,Soja,2025-05-16,270.32,270.32
Precio Hecho,2025-05-16,Girasol,2025-06-15,317.47,
Precio a Fijar,2025-05-16,Soja,2025-05-19,270.32,273.06
Precio a Fijar,2025-05-16,Soja,2025-05-19,270.32,273.06
Precio a Fijar,2025-04-04,Trigo,2025-04-11,218.4,221.24
Precio a Fijar,2025-04-04,Trigo,2025-04-11,218.4,221.24
Precio a Fijar,2025-05-16,Soja,2025-05-31,270.32,
Precio a Fijar,2025-05-16,Soja,2025-06-15,270.32,
Precio a Fijar,2025-05-16,Soja,2025-06-15,270.32,
Precio a Fijar,2025-05-16,Soja,2025-06-15,270.32,
Precio a Fijar,2025-05-16,Soja,2025-06-15,270.32,
Precio Hecho,2025-05-15,Soja,2025-06-14,269.255,
Precio a Fijar,2025-05-15,Maiz,2025-05-28,183.48000000000002,181.03
Precio Hecho,2025-05-15,Trigo,2025-06-15,192.89,
Precio Hecho,2025-05-15,Trigo,2025-06-14,192.89,
Precio a Fijar,2025-04-04,Trigo,2025-04-04,218.4,218.4
Precio a Fijar,2023-11-23,Trigo,2023-11-23,,
Precio a Fijar,2024-12-12,Trigo,2024-12-12,191.36,191.36
Precio Hecho,2025-05-16,Trigo,2025-05-16,196.15,196.15
Precio a Fijar,2025-05-16,Soja,2025-05-23,270.32,269.57
Precio a Fijar,2025-05-16,Soja,2025-05-23,270.32,269.57
Precio Hecho,2025-05-15,Maiz,2025-07-31,183.48000000000002,
Precio Hecho,2025-05-15,Maiz,2025-07-31,183.48000000000002,
Precio Hecho,2025-05-16,Maiz,2025-05-16,184.035,184.035
Precio a Fijar,2025-05-16,Soja,2025-05-23,270.32,269.57
Precio Hecho,2025-05-16,Trigo,2025-05-16,196.15,196.15
Precio a Fijar,2025-05-16,Soja,2025-05-16,270.32,270.32
Precio Hecho,2025-05-16,Trigo,2025-05-16,196.15,196.15
Precio Hecho,2025-05-14,Trigo,2025-06-14,197.88,
Precio Hecho,2025-05-16,Soja,2025-05-17,270.32,
Precio a Fijar,2025-05-16,Soja,2025-06-15,270.32,
Precio a Fijar,2025-05-16,Soja,2025-06-15,270.32,
Precio a Fijar,2025-05-16,Soja,2025-06-15,270.32,
Precio a Fijar,2025-05-16,Maiz,2025-06-15,184.035,
Precio Hecho,2025-05-16,Soja,2025-05-17,270.32,
Precio a Fijar,2020-12-18,Trigo,2020-12-18,,
Precio Hecho,2025-05-16,Soja,2025-05-17,270.32,
Precio Hecho,2025-05-16,Soja,2025-05-17,270.32,
Precio Hecho,2025-05-16,Trigo,2025-05-16,196.15,196.15
Precio Hecho,2025-05-16,Soja,2025-05-17,270.32,
Precio Hecho,2025-05-16,Trigo,2025-05-17,196.15,
Precio Hecho,2025-05-16,Soja,2025-05-16,270.32,270.32
Precio Hecho,2025-05-16,Soja,2025-05-16,270.32,270.32
Precio a Fijar,2024-12-20,Trigo,2024-12-20,190.24666666666667,190.24666666666667
Precio Hecho,2025-05-15,Sorgo,2025-06-14,178.48,
Precio Hecho,2025-05-15,Soja,2025-05-15,269.255,269.255
Precio Hecho,2025-05-15,Soja,2025-05-15,269.255,269.255
Precio a Fijar,2025-05-15,Trigo,2025-06-30,192.89,198.26
Precio Hecho,2025-05-15,Soja,2025-05-15,269.255,269.255
Precio Hecho,2025-05-15,Soja,2025-05-15,269.255,269.255
Precio Hecho,2025-05-15,Girasol,2025-06-14,317.47,
Precio Hecho,2025-05-15,Soja,2025-05-15,269.255,269.255
Precio Hecho,2025-05-15,Soja,2025-05-15,269.255,269.255
Precio Hecho,2025-05-15,Soja,2025-05-15,269.255,269.255
Precio Hecho,2025-05-15,Soja,2025-05-15,269.255,269.255
Precio Hecho,2025-05-15,Soja,2025-05-15,269.255,269.255
Precio Hecho,2025-05-15,Soja,2025-05-15,269.255,269.255
Precio Hecho,2025-05-15,Soja,2025-05-15,269.255,269.255
Precio Hecho,2025-05-15,Trigo,2025-05-22,192.89,199.91
Precio Hecho,2025-05-15,Soja,2025-05-15,269.255,269.255
Precio Hecho,2025-05-16,Trigo,2025-05-23,196.15,198.5
Precio Hecho,2025-05-15,Soja,2025-05-15,269.255,269.255
Precio Hecho,2025-05-16,Soja,2025-05-16,270.32,270.32
Precio a Fijar,2024-07-01,CEBADA CERV.,2025-07-31,,
Precio a Fijar,2025-05-15,Maiz,2025-06-14,183.48000000000002,
Precio a Fijar,2025-05-15,Maiz,2025-06-14,183.48000000000002,
Precio a Fijar,2025-05-15,Soja,2025-06-14,269.255,
Precio Hecho,2025-05-15,Soja,2025-05-15,269.255,269.255
Precio Hecho,2025-05-15,Soja,2025-05-15,269.255,269.255
Precio Hecho,2025-05-15,Soja,2025-05-15,269.255,269.255
Precio Hecho,2025-05-15,Soja,2025-05-15,269.255,269.255
Precio Hecho,2025-05-15,Soja,2025-05-15,269.255,269.255
Precio Hecho,2025-05-15,Soja,2025-05-15,269.255,269.255
Precio Hecho,2025-05-15,Soja,2025-05-15,269.255,269.255
Precio Hecho,2025-05-15,Soja,2025-05-15,269.255,269.255
Precio Hecho,2025-05-15,Soja,2025-05-15,269.255,269.255
Precio Hecho,2025-05-15,Soja,2025-05-15,269.255,269.255
Precio Hecho,2025-05-15,Soja,2025-05-15,269.255,269.255
Precio a Fijar,2025-05-12,Soja,2025-06-11,275.315,274.3333333333333
Precio Hecho,2025-05-16,Soja,2025-05-16,270.32,270.32
Precio Hecho,2025-05-16,Trigo,2025-05-16,196.15,196.15
Precio Hecho,2025-05-16,Trigo,2025-05-16,196.15,196.15
Precio a Fijar,2025-05-15,Soja,2025-06-15,269.255,
Precio a Fijar,2025-05-15,Girasol,2025-06-14,317.47,
Precio a Fijar,2025-05-15,Girasol,2025-06-14,317.47,
Precio Hecho,2025-05-16,Trigo,2025-05-16,196.15,196.15
Precio Hecho,2025-05-16,Trigo,2025-05-17,196.15,
Precio Hecho,2025-05-16,Trigo,2025-05-16,196.15,196.15
Precio Hecho,2025-05-16,Soja,2025-05-16,270.32,270.32
Precio Hecho,2025-05-16,Trigo,2025-05-16,196.15,196.15
Precio Hecho,2025-05-16,Trigo,2025-05-16,196.15,196.15
Precio Hecho,2025-05-16,Trigo,2025-05-16,196.15,196.15
Precio a Fijar,2025-05-12,Soja,2025-05-31,275.315,
Precio Hecho,2025-05-15,Soja,2025-06-15,269.255,
Precio a Fijar,2025-05-15,Soja,2025-06-15,269.255,
Precio a Fijar,2025-05-15,Soja,2025-06-15,269.255,
Precio a Fijar,2025-05-15,Soja,2025-06-15,269.255,
Precio a Fijar,2025-04-28,Soja,2025-05-28,285.395,267.24
Precio a Fijar,2025-03-11,Soja,2025-04-30,,251.94
Precio a Fijar,2025-02-06,Soja,2025-03-06,303.39,309.07
Precio a Fijar,2025-01-28,Soja,2025-04-30,294.96,251.94
Precio a Fijar,2025-01-28,Soja,2025-04-30,294.96,251.94
Precio a Fijar,2025-01-03,Soja,2025-04-30,275.23,251.94
Precio a Fijar,2025-01-03,Soja,2025-04-30,275.23,251.94
Precio a Fijar,2024-12-30,Soja,2025-04-30,276.16,251.94
Precio a Fijar,2024-03-13,Soja,2025-02-28,,
Precio a Fijar,2024-03-13,Soja,2025-01-31,,299.0
Precio a Fijar,2025-01-07,Soja,2025-03-31,277.99,319.37
Precio a Fijar,2024-12-18,Soja,2025-04-30,273.84,251.94
Precio a Fijar,2024-12-11,Soja,2025-04-30,,251.94
Precio a Fijar,2025-05-15,Soja,2025-05-31,269.255,
Precio a Fijar,2025-05-15,Trigo,2025-06-14,192.89,
Precio a Fijar,2025-05-15,Soja,2025-05-31,269.255,
Precio a Fijar,2025-05-15,Soja,2025-06-15,269.255,
Precio a Fijar,2025-05-15,Soja,2025-05-31,269.255,
Precio a Fijar,2025-05-15,Soja,2025-05-31,269.255,
Precio a Fijar,2025-05-15,Soja,2025-06-15,269.255,
Precio a Fijar,2025-05-15,Soja,2025-05-31,269.255,
Precio a Fijar,2025-05-15,Soja,2025-05-31,269.255,
Precio Hecho,2025-05-15,Trigo,2025-06-15,192.89,
Precio a Fijar,2025-05-15,Soja,2025-05-31,269.255,
Precio a Fijar,2025-05-15,Soja,2025-06-15,269.255,
Precio a Fijar,2025-05-15,Soja,2025-05-31,269.255,
Precio a Fijar,2025-05-15,Soja,2025-05-31,269.255,
Precio a Fijar,2025-05-15,Soja,2025-06-15,269.255,
Precio a Fijar,2025-05-15,Soja,2025-05-31,269.255,
Precio a Fijar,2025-02-12,Soja,2025-03-12,302.82,308.41
Precio a Fijar,2025-02-12,Soja,2025-03-12,302.82,308.41
Precio a Fijar,2024-12-09,Soja,2025-01-09,290.31,
Precio a Fijar,2025-01-29,Soja,2025-02-28,299.57,
Precio a Fijar,2025-05-15,Trigo,2025-06-30,192.89,198.26
Precio Hecho,2025-05-15,Soja,2025-05-15,269.255,269.255
Precio a Fijar,2025-05-15,Soja,2025-06-15,269.255,
Precio a Fijar,2025-05-15,Soja,2025-06-15,269.255,
Precio a Fijar,2025-05-15,Soja,2025-06-15,269.255,
Precio a Fijar,2025-05-15,Soja,2025-05-31,269.255,
Precio Hecho,2025-05-15,Trigo,2025-06-16,192.89,
Precio Hecho,2025-05-15,Soja,2025-06-14,269.255,
Precio Hecho,2025-05-15,Maiz,2025-06-14,183.48000000000002,
Precio a Fijar,2025-05-15,Soja,2025-06-30,269.255,269.66999999999996
Precio a Fijar,2025-05-15,Soja,2025-06-15,269.255,
Precio a Fijar,2025-05-15,Soja,2025-06-15,269.255,
Precio a Fijar,2025-05-15,Soja,2025-06-15,269.255,
Precio a Fijar,2025-05-15,Trigo,2025-06-15,192.89,
Precio Hecho,2025-05-15,Maiz,2025-05-31,183.48000000000002,
Precio a Fijar,2025-02-18,Soja,2025-05-31,312.94,
Precio a Fijar,2025-05-15,Maiz,2025-06-15,183.48000000000002,
Precio a Fijar,2025-05-15,Maiz,2025-05-15,183.48000000000002,183.48000000000002
Precio Hecho,2025-05-15,ACEITE SOJA,2025-06-15,,
Precio Hecho,2025-05-15,ACEITE SOJA,2025-06-15,,
Precio Hecho,2025-05-15,Soja,2025-05-22,269.255,274.77
Precio Hecho,2025-05-15,Maiz,2025-06-15,183.48000000000002,
Precio a Fijar,2024-10-30,Trigo,2024-12-15,,
Precio Hecho,2025-05-15,Maiz,2025-05-31,183.48000000000002,
Precio a Fijar,2025-05-15,Maiz,2025-06-14,183.48000000000002,
Precio Hecho,2025-05-15,Soja,2025-06-16,269.255,
Precio Hecho,2025-05-15,Soja,2025-05-30,269.255,269.36
Precio Hecho,2025-05-15,Maiz,2025-05-31,183.48000000000002,
Precio Hecho,2025-05-15,Trigo,2025-05-15,192.89,192.89
Precio Hecho,2025-05-15,Soja,2025-05-30,269.255,269.36
Precio a Fijar,2025-05-15,Soja,2025-05-15,269.255,269.255
Precio a Fijar,2025-05-14,Soja,2025-06-13,271.12,276.65
Precio a Fijar,2025-05-15,Soja,2025-06-30,269.255,269.66999999999996
Precio a Fijar,2025-05-15,Soja,2025-06-15,269.255,
Precio a Fijar,2025-05-15,Trigo,2025-12-31,192.89,
Precio a Fijar,2025-05-15,Soja,2025-06-15,269.255,
Precio a Fijar,2025-05-15,Soja,2025-06-15,269.255,
Precio Hecho,2025-05-15,Soja,2025-06-16,269.255,
Precio Hecho,2025-05-13,Soja,2025-05-13,272.245,272.245
Precio Hecho,2025-05-06,Soja,2025-05-06,264.45,264.45
Precio Hecho,2025-05-12,Soja,2025-05-12,275.315,275.315
Precio Hecho,2025-05-13,Maiz,2025-05-13,181.315,181.315
Precio Hecho,2025-05-12,Maiz,2025-05-12,181.32333333333335,181.32333333333335
Precio Hecho,2025-05-12,Maiz,2025-05-12,181.32333333333335,181.32333333333335
Precio Hecho,2025-05-08,Maiz,2025-05-08,183.12,183.12
Precio Hecho,2025-05-13,Trigo,2025-05-13,195.47,195.47
Precio Hecho,2025-05-13,Trigo,2025-05-13,195.47,195.47
Precio Hecho,2025-05-14,Trigo,2025-05-14,197.88,197.88
Precio Hecho,2025-05-14,Trigo,2025-05-14,197.88,197.88
Precio Hecho,2025-05-08,Trigo,2025-05-08,198.38,198.38
Precio a Fijar,2025-05-14,Soja,2025-05-31,271.12,
Precio a Fijar,2025-05-14,Soja,2025-06-12,271.12,273.08000000000004
Precio a Fijar,2025-05-14,Trigo,2025-06-01,197.88,
Precio a Fijar,2025-05-15,Soja,2025-05-15,269.255,269.255
Precio Hecho,2025-05-15,Soja,2025-06-16,269.255,
Precio Hecho,2025-05-15,Soja,2025-06-16,269.255,
Precio Hecho,2025-05-15,Soja,2025-05-15,269.255,269.255
Precio Hecho,2025-05-15,Soja,2025-05-15,269.255,269.255
Precio Hecho,2025-05-15,Soja,2025-06-16,269.255,
Precio Hecho,2025-05-15,Maiz,2025-06-14,183.48000000000002,
Precio Hecho,2025-05-15,Soja,2025-06-14,269.255,
Precio Hecho,2025-05-15,Trigo,2025-05-15,192.89,192.89
Precio Hecho,2025-05-15,Trigo,2025-05-15,192.89,192.89
Precio Hecho,2025-05-15,Trigo,2025-05-15,192.89,192.89
Precio Hecho,2025-05-15,Girasol,2025-06-15,317.47,
Precio Hecho,2025-05-15,Soja,2025-06-14,269.255,
Precio a Fijar,2024-07-23,Trigo,2024-12-31,239.26333333333332,
Precio a Fijar,2024-10-04,Soja,2025-05-31,318.11,
Precio a Fijar,2024-05-21,Soja,2024-06-20,,
Precio a Fijar,2025-05-12,Maiz,2025-06-11,181.32333333333335,173.77
Precio a Fijar,2025-05-12,Soja,2025-06-11,275.315,274.3333333333333
Precio a Fijar,2025-05-12,Soja,2025-06-11,275.315,274.3333333333333
Precio a Fijar,2025-05-12,Soja,2025-06-11,275.315,274.3333333333333
Precio a Fijar,2025-05-07,Soja,2025-06-06,268.21000000000004,268.9733333333333
Precio a Fijar,2025-04-30,Soja,2025-05-30,251.94,269.36
Precio a Fijar,2025-04-28,Soja,2025-05-28,285.395,267.24
Precio a Fijar,2025-04-20,Soja,2025-05-20,,274.21
Precio a Fijar,2025-04-16,Soja,2025-05-31,279.74,
Precio a Fijar,2025-04-16,Soja,2025-05-31,279.74,
Precio a Fijar,2025-04-16,Soja,2025-05-31,279.74,
Precio a Fijar,2025-04-05,Soja,2025-05-05,,257.5
Precio a Fijar,2025-03-18,Maiz,2025-03-22,197.565,
Precio a Fijar,2025-02-21,Maiz,2025-03-22,207.4,
Precio a Fijar,2025-02-07,Soja,2025-02-21,305.0,311.1
Precio a Fijar,2024-12-30,Maiz,2025-04-15,185.08,197.92
Precio a Fijar,2024-12-30,Maiz,2025-04-30,185.08,194.185
Precio a Fijar,2024-12-27,Maiz,2025-06-30,185.17,168.39333333333332
Precio a Fijar,2024-12-27,Maiz,2025-03-15,185.17,
Precio a Fijar,2024-12-27,Maiz,2025-03-31,185.17,202.515
Precio a Fijar,2024-10-04,Soja,2025-05-31,318.11,
Precio a Fijar,2024-08-15,Maiz,2025-05-31,171.71,
Precio a Fijar,2024-06-15,Soja,2024-07-14,,
Precio a Fijar,2024-05-29,Soja,2024-06-28,316.9166666666667,307.02
Precio a Fijar,2024-05-21,Soja,2024-06-20,,
Precio Hecho,2025-05-15,Soja,2025-05-15,269.255,269.255
Precio Hecho,2025-05-15,Maiz,2025-06-16,183.48000000000002,
Precio a Fijar,2024-10-04,Soja,2025-05-31,318.11,
Precio a Fijar,2025-04-21,Maiz,2025-04-30,197.44,194.185
Precio a Fijar,2024-11-19,Soja,2024-12-19,299.1,273.7
Precio a Fijar,2024-10-28,Soja,2024-11-28,308.55,290.39
Precio a Fijar,2024-10-22,Soja,2024-11-22,292.025,289.97
Precio a Fijar,2024-09-17,Soja,2024-10-17,,311.56
Precio a Fijar,2024-04-11,Soja,2024-06-30,,
Precio Hecho,2025-05-15,Soja,2025-05-17,269.255,
Precio Hecho,2025-05-15,Soja,2025-05-15,269.255,269.255
Precio Hecho,2025-05-15,Soja,2025-05-15,269.255,269.255
Precio Hecho,2025-05-15,Soja,2025-05-22,269.255,274.77
Precio Hecho,2025-05-15,Soja,2025-05-22,269.255,274.77
Precio a Fijar,2024-11-28,Trigo,2024-12-28,185.37,
Precio a Fijar,2024-07-25,Trigo,2025-03-01,,
Precio a Fijar,2025-05-15,Soja,2025-05-15,269.255,269.255
Precio a Fijar,2025-05-15,Soja,2025-05-15,269.255,269.255
Precio Hecho,2025-05-15,Trigo,2025-06-15,192.89,
Precio Hecho,2025-05-15,Trigo,2025-06-15,192.89,
Precio Hecho,2025-05-15,Soja,2025-05-15,269.255,269.255
Precio a Fijar,2025-05-15,Soja,2025-06-15,269.255,
Precio Hecho,2025-05-15,Soja,2025-05-15,269.255,269.255
Precio Hecho,2025-05-15,Soja,2025-05-15,269.255,269.255
Precio Hecho,2025-05-15,Soja,2025-05-15,269.255,269.255
Precio Hecho,2025-05-15,Soja,2025-05-15,269.255,269.255
Precio Hecho,2025-05-15,Trigo,2025-05-15,192.89,192.89
Precio Hecho,2025-05-15,Trigo,2025-05-16,192.89,196.15
Precio Hecho,2025-05-15,Soja,2025-05-15,269.255,269.255
Precio Hecho,2025-05-15,Trigo,2025-05-30,192.89,198.48
Precio a Fijar,2024-09-23,Trigo,2025-03-01,215.67,
Precio Hecho,2025-05-15,Trigo,2025-05-25,192.89,
Precio Hecho,2025-05-15,Trigo,2025-05-30,192.89,198.48
Precio a Fijar,2025-05-15,Maiz,2025-06-15,183.48000000000002,
Precio a Fijar,2025-05-15,Soja,2025-06-15,269.255,
Precio a Fijar,2025-05-15,Soja,2025-06-15,269.255,
Precio a Fijar,2025-05-15,Soja,2025-06-30,269.255,269.66999999999996
Precio a Fijar,2025-05-15,Soja,2025-06-15,269.255,
Precio a Fijar,2025-05-15,Maiz,2025-06-14,183.48000000000002,
Precio Hecho,2025-05-15,Maiz,2025-05-15,183.48000000000002,183.48000000000002
Precio a Fijar,2025-05-15,Trigo,2025-12-31,192.89,
Precio Hecho,2025-05-15,CEBADA CERV.,2025-06-14,,
Precio a Fijar,2025-05-14,Maiz,2025-05-19,182.65,181.315
Precio Hecho,2025-05-15,Soja,2025-06-30,269.255,269.66999999999996
Precio a Fijar,2025-05-10,Maiz,2025-08-31,,
Precio a Fijar,2025-05-10,Maiz,2025-08-31,,
Precio a Fijar,2025-05-12,Maiz,2025-10-31,181.32333333333335,177.10666666666665
Precio a Fijar,2025-05-12,Maiz,2025-10-31,181.32333333333335,177.10666666666665
Precio a Fijar,2025-05-12,Maiz,2025-11-30,181.32333333333335,
Precio a Fijar,2025-05-12,Maiz,2025-11-30,181.32333333333335,
Precio a Fijar,2025-05-12,Maiz,2025-10-31,181.32333333333335,177.10666666666665
Precio a Fijar,2025-05-12,Maiz,2025-09-30,181.32333333333335,178.83
Precio a Fijar,2025-05-12,Maiz,2025-11-30,181.32333333333335,
Precio a Fijar,2025-05-12,Maiz,2025-09-30,181.32333333333335,178.83
Precio a Fijar,2025-05-12,Maiz,2025-09-30,181.32333333333335,178.83
Precio a Fijar,2025-05-10,Maiz,2025-08-31,,
Precio Hecho,2025-05-15,Trigo,2025-05-16,192.89,196.15
Precio Hecho,2025-05-15,Trigo,2025-05-15,192.89,192.89
Precio Hecho,2025-05-15,Soja,2025-06-16,269.255,
Precio Hecho,2025-05-15,Trigo,2025-05-15,192.89,192.89
Precio Hecho,2025-05-15,Soja,2025-05-15,269.255,269.255
Precio Hecho,2025-05-15,Trigo,2025-05-16,192.89,196.15
Precio Hecho,2025-05-15,Trigo,2025-06-04,192.89,
Precio Hecho,2025-05-15,Trigo,2025-06-04,192.89,
Precio Hecho,2025-05-15,Trigo,2025-06-04,192.89,
Precio Hecho,2025-05-15,Trigo,2025-06-04,192.89,
Precio Hecho,2025-05-15,Soja,2025-05-15,269.255,269.255
Precio Hecho,2025-05-15,Trigo,2025-06-04,192.89,
Precio Hecho,2025-05-15,Trigo,2025-06-04,192.89,
Precio a Fijar,2025-05-12,Soja,2025-05-16,275.315,270.32
Precio a Fijar,2025-05-09,Soja,2025-06-09,272.855,271.79
Precio Hecho,2025-05-15,Trigo,2025-06-04,192.89,
Precio Hecho,2025-05-15,Trigo,2025-06-04,192.89,
Precio Hecho,2025-05-15,Trigo,2025-06-04,192.89,
Precio Hecho,2025-05-15,Maiz,2025-05-15,183.48000000000002,183.48000000000002
Precio Hecho,2025-05-15,Trigo,2025-06-04,192.89,
Precio Hecho,2025-05-15,Maiz,2025-05-15,183.48000000000002,183.48000000000002
Precio Hecho,2025-05-15,Trigo,2025-06-04,192.89,
Precio Hecho,2025-05-15,Maiz,2025-05-15,183.48000000000002,183.48000000000002
Precio Hecho,2025-05-15,Trigo,2025-06-04,192.89,
Precio a Fijar,2024-10-30,Trigo,2024-12-15,,
Precio a Fijar,2025-04-30,Maiz,2025-05-15,194.185,183.48000000000002
Precio a Fijar,2025-04-28,Maiz,2025-05-28,197.285,181.03
Precio a Fijar,2025-04-28,Soja,2025-05-28,285.395,267.24
Precio a Fijar,2025-04-28,Soja,2025-05-28,285.395,267.24
Precio a Fijar,2025-04-28,Soja,2025-05-28,285.395,267.24
Precio a Fijar,2025-04-28,Soja,2025-05-28,285.395,267.24
Precio a Fijar,2025-03-19,Maiz,2025-04-19,197.945,
Precio a Fijar,2025-03-18,Maiz,2025-04-18,197.565,
Precio a Fijar,2025-02-26,Maiz,2025-03-31,202.34,202.515
Precio Hecho,2025-05-15,Trigo,2025-06-15,192.89,
Precio a Fijar,2025-01-28,Maiz,2025-03-31,204.57,202.515
Precio Hecho,2025-05-15,Soja,2025-05-15,269.255,269.255
Precio Hecho,2025-05-15,Soja,2025-05-15,269.255,269.255
Precio Hecho,2025-05-15,Soja,2025-05-15,269.255,269.255
Precio a Fijar,2024-02-26,Maiz,2025-02-28,160.72,
Precio a Fijar,2024-02-26,Maiz,2025-02-28,160.72,
Precio a Fijar,2025-05-15,Maiz,2025-07-15,183.48000000000002,171.65
Precio Hecho,2025-05-15,Soja,2025-05-15,269.255,269.255
Precio Hecho,2025-05-15,Soja,2025-05-15,269.255,269.255
Precio a Fijar,2025-05-15,Soja,2025-06-30,269.255,269.66999999999996
Precio a Fijar,2025-01-20,Soja,2025-04-30,277.11,251.94
Precio a Fijar,2025-05-15,Trigo,2025-12-31,192.89,
Precio a Fijar,2025-05-15,Maiz,2025-06-15,183.48000000000002,
Precio a Fijar,2025-05-15,Maiz,2025-06-15,183.48000000000002,
Precio Hecho,2025-05-15,Soja,2025-05-15,269.255,269.255
Precio Hecho,2025-05-15,Trigo,2025-05-15,192.89,192.89
Precio Hecho,2025-05-15,Sorgo,2025-05-15,178.48,178.48
Precio Hecho,2025-05-15,Trigo,2025-05-27,192.89,197.66
Precio Hecho,2025-05-15,Soja,2025-05-15,269.255,269.255
Precio Hecho,2025-05-14,Trigo,2025-05-15,197.88,192.89
Precio Hecho,2025-05-15,Soja,2025-05-15,269.255,269.255
Precio Hecho,2025-05-14,Maiz,2025-06-13,182.65,173.765
Precio Hecho,2025-05-14,Maiz,2025-06-13,182.65,173.765
Precio a Fijar,2025-05-14,Trigo,2025-06-13,197.88,197.58999999999997
Precio Hecho,2025-05-14,Soja,2025-06-13,271.12,276.65
Precio Hecho,2025-05-13,Soja,2025-06-12,272.245,273.08000000000004
Precio Hecho,2025-05-15,CEBADA FORR.,2025-05-31,,
Precio a Fijar,2025-05-07,Girasol,2025-06-07,297.6,
Precio Hecho,2025-05-15,Trigo,2025-05-15,192.89,192.89
Precio a Fijar,2025-01-06,Maiz,2025-04-30,185.32,194.185
Precio a Fijar,2025-05-15,Soja,2025-06-14,269.255,
Precio Hecho,2025-05-15,Soja,2025-05-15,269.255,269.255
Precio Hecho,2025-05-14,Girasol,2025-06-13,297.61,
Precio Hecho,2025-05-14,Girasol,2025-06-13,297.61,
Precio a Fijar,2024-11-29,CEBADA CERV.,2025-11-30,,
Precio a Fijar,2024-10-10,Soja,2025-04-30,306.44,251.94
Precio Hecho,2025-05-15,ARROZ C.L.F,2025-05-15,,
Precio Hecho,2025-05-15,ARROZ C.L.F,2025-05-15,,
Precio Hecho,2025-05-15,Soja,2025-05-15,269.255,269.255
Precio a Fijar,2024-11-21,Trigo,2024-11-21,186.88333333333335,186.88333333333335
Precio a Fijar,2025-01-16,Trigo,2025-02-15,187.54749999999999,
Precio a Fijar,2024-12-04,Girasol,2025-02-28,348.96,
Precio a Fijar,2025-01-16,Trigo,2025-02-15,187.54749999999999,
Precio a Fijar,2025-05-13,Soja,2025-06-12,272.245,273.08000000000004
Precio Hecho,2025-05-13,Soja,2025-06-13,272.245,276.65
Precio Hecho,2025-05-14,Soja,2025-06-13,271.12,276.65
Precio Hecho,2025-05-14,Soja,2025-06-30,271.12,269.66999999999996
Precio Hecho,2025-05-15,Trigo,2025-06-16,192.89,
Precio a Fijar,2024-09-11,Trigo,2024-09-30,232.095,185.47
Precio Hecho,2025-05-14,ACEITE SOJA,2025-05-21,,
Precio Hecho,2025-05-14,Girasol,2025-06-13,297.61,
Precio a Fijar,2025-05-15,Soja,2025-06-15,269.255,
Precio Hecho,2025-05-14,Soja,2025-06-13,271.12,276.65
Precio Hecho,2025-05-14,Soja,2025-06-13,271.12,276.65
Precio Hecho,2025-05-14,Soja,2025-06-13,271.12,276.65
Precio Hecho,2025-05-15,Soja,2025-06-15,269.255,
Precio Hecho,2025-05-15,Soja,2025-05-15,269.255,269.255
Precio Hecho,2025-05-15,ARROZ C.L.F,2025-05-15,,
Precio Hecho,2025-05-15,ARROZ C.L.F,2025-05-15,,
Precio Hecho,2025-05-15,ARROZ C.L.F,2025-05-15,,
Precio Hecho,2025-05-15,ARROZ C.L.F,2025-05-15,,
Precio Hecho,2025-05-15,ARROZ C.L.F,2025-05-15,,
Precio Hecho,2025-05-15,ARROZ C.L.F,2025-05-15,,
Precio Hecho,2025-05-15,ARROZ C.L.F,2025-05-15,,
Precio Hecho,2025-05-14,ARROZ C.L.F,2025-05-14,,
Precio Hecho,2025-05-14,ARROZ C.L.F,2025-05-14,,
Precio Hecho,2025-05-14,ARROZ C.L.F,2025-05-14,,
Precio Hecho,2025-05-14,ARROZ C.L.F,2025-05-14,,
Precio Hecho,2025-05-14,ARROZ C.L.F,2025-05-14,,
Precio Hecho,2025-05-14,ARROZ C.L.F,2025-05-14,,
Precio Hecho,2025-05-14,ARROZ C.L.F,2025-05-14,,
Precio Hecho,2025-05-14,ARROZ C.L.F,2025-05-14,,
Precio Hecho,2025-05-14,ARROZ C.L.F,2025-05-14,,
Precio Hecho,2025-05-14,ARROZ C.L.F,2025-05-14,,
Precio Hecho,2025-05-14,ARROZ C.L.F,2025-05-14,,
Precio Hecho,2025-05-12,ARROZ C.L.F,2025-05-12,,
Precio Hecho,2025-05-12,ARROZ C.L.F,2025-05-12,,
Precio Hecho,2025-05-12,ARROZ C.L.F,2025-05-12,,
Precio Hecho,2025-05-14,Trigo,2025-06-14,197.88,
Precio a Fijar,2025-05-14,Soja,2025-06-12,271.12,273.08000000000004
Precio Hecho,2025-05-15,Soja,2025-05-15,269.255,269.255
Precio Hecho,2025-05-15,Soja,2025-05-15,269.255,269.255
Precio Hecho,2025-05-15,Soja,2025-05-15,269.255,269.255
Precio Hecho,2025-05-15,Soja,2025-05-15,269.255,269.255
Precio a Fijar,2025-05-14,Girasol,2025-06-13,297.61,
Precio a Fijar,2025-05-14,Girasol,2025-06-25,297.61,297.73
Precio Hecho,2025-05-15,Soja,2025-05-15,269.255,269.255
Precio Hecho,2025-05-14,Soja,2025-06-30,271.12,269.66999999999996
Precio a Fijar,2025-05-14,Girasol,2025-06-13,297.61,
Precio Hecho,2025-05-13,Trigo,2025-06-12,195.47,197.6825
Precio a Fijar,2025-04-11,Soja,2025-05-11,306.12,
Precio a Fijar,2025-05-15,Soja,2025-06-15,269.255,
Precio a Fijar,2025-05-15,Soja,2025-06-13,269.255,276.65
Precio Hecho,2025-05-15,Soja,2025-05-15,269.255,269.255
Precio Hecho,2025-05-14,ACEITE SOJA,2025-05-14,,
Precio Hecho,2025-05-13,Trigo,2025-05-23,195.47,198.5
Precio Hecho,2025-05-15,Soja,2025-05-15,269.255,269.255
Precio Hecho,2025-05-15,Soja,2025-05-16,269.255,270.32
Precio Hecho,2025-05-15,Soja,2025-05-16,269.255,270.32
Precio Hecho,2025-05-15,Trigo,2025-05-15,192.89,192.89
Precio Hecho,2025-05-15,Soja,2025-05-16,269.255,270.32
Precio Hecho,2025-05-15,Soja,2025-05-30,269.255,269.36
Precio a Fijar,2024-10-28,Soja,2024-11-28,308.55,290.39
Precio a Fijar,2025-05-14,Soja,2025-06-14,271.12,
Precio a Fijar,2025-05-14,Trigo,2025-06-12,197.88,197.6825
Precio a Fijar,2025-05-14,Soja,2025-06-14,271.12,
Precio a Fijar,2025-05-14,Soja,2025-06-14,271.12,
Precio a Fijar,2025-05-14,Soja,2025-06-14,271.12,
Precio Hecho,2025-05-15,Soja,2025-05-15,269.255,269.255
Precio Hecho,2025-05-15,Soja,2025-05-15,269.255,269.255
Precio Hecho,2025-05-15,Soja,2025-05-15,269.255,269.255
Precio Hecho,2025-05-15,Maiz,2025-05-15,183.48000000000002,183.48000000000002
Precio Hecho,2025-05-15,Trigo,2025-05-15,192.89,192.89
Precio Hecho,2025-05-15,Girasol,2025-05-15,317.47,317.47
Precio Hecho,2025-05-15,Girasol,2025-05-15,317.47,317.47
Precio a Fijar,2025-05-14,Soja,2025-06-14,271.12,
Precio a Fijar,2025-05-14,Soja,2025-06-14,271.12,
Precio a Fijar,2025-05-14,Soja,2025-06-12,271.12,273.08000000000004
Precio a Fijar,2025-05-14,Soja,2025-06-14,271.12,
Precio a Fijar,2025-05-14,Soja,2025-06-14,271.12,
Precio a Fijar,2025-05-14,Soja,2025-06-14,271.12,
Precio a Fijar,2024-12-17,Soja,2025-04-15,279.0,275.0
Precio a Fijar,2025-05-14,Soja,2025-06-14,271.12,
Precio a Fijar,2025-05-14,Soja,2025-06-14,271.12,
Precio a Fijar,2025-05-14,Soja,2025-06-14,271.12,
Precio a Fijar,2025-05-14,Soja,2025-06-13,271.12,276.65
Precio a Fijar,2025-05-14,Soja,2025-06-13,271.12,276.65
Precio a Fijar,2025-05-14,Soja,2025-06-13,271.12,276.65
Precio a Fijar,2025-05-14,Soja,2025-06-13,271.12,276.65
Precio a Fijar,2025-05-14,Soja,2025-06-30,271.12,269.66999999999996
Precio a Fijar,2025-05-14,Soja,2025-06-30,271.12,269.66999999999996
Precio a Fijar,2025-05-14,Soja,2025-06-13,271.12,276.65
Precio a Fijar,2025-05-14,Soja,2025-06-13,271.12,276.65
Precio a Fijar,2025-04-08,Soja,2025-05-08,297.33,268.56
Precio a Fijar,2025-04-08,Soja,2025-05-08,297.33,268.56
Precio a Fijar,2025-01-28,Soja,2025-04-30,294.96,251.94
Precio a Fijar,2025-01-10,Soja,2025-04-30,281.39,251.94
Precio a Fijar,2024-12-30,Soja,2025-04-30,276.16,251.94
Precio a Fijar,2024-10-07,Soja,2024-11-07,312.66,311.56
Precio a Fijar,2024-08-23,Soja,2025-06-30,251.62666666666667,269.66999999999996
Precio a Fijar,2025-01-07,Soja,2025-03-31,277.99,319.37
Precio a Fijar,2025-02-12,Soja,2025-03-12,302.82,308.41
Precio a Fijar,2024-12-26,Soja,2025-04-15,277.8,275.0
Precio a Fijar,2024-12-18,Soja,2025-04-30,273.84,251.94
Precio Hecho,2025-05-14,Soja,2025-07-31,271.12,
Precio Hecho,2025-05-14,Soja,2025-11-30,271.12,
Precio a Fijar,2025-05-14,Soja,2025-06-12,271.12,273.08000000000004
Precio a Fijar,2025-05-14,Soja,2025-06-12,271.12,273.08000000000004
Precio a Fijar,2025-05-14,Soja,2025-06-12,271.12,273.08000000000004
Precio a Fijar,2025-05-14,Soja,2025-06-12,271.12,273.08000000000004
Precio a Fijar,2025-05-14,Soja,2025-06-12,271.12,273.08000000000004
Precio a Fijar,2025-05-14,Soja,2025-06-14,271.12,
Precio a Fijar,2025-05-14,Soja,2025-06-14,271.12,
Precio a Fijar,2025-05-14,Soja,2025-06-12,271.12,273.08000000000004
Precio a Fijar,2025-05-14,Soja,2025-06-12,271.12,273.08000000000004
Precio a Fijar,2025-05-14,Soja,2025-06-12,271.12,273.08000000000004
Precio a Fijar,2025-05-14,Soja,2025-06-12,271.12,273.08000000000004
Precio a Fijar,2025-05-14,Soja,2025-06-12,271.12,273.08000000000004
Precio a Fijar,2025-05-14,Soja,2025-06-12,271.12,273.08000000000004
Precio a Fijar,2025-05-14,Soja,2025-06-12,271.12,273.08000000000004
Precio a Fijar,2025-05-14,Soja,2025-06-12,271.12,273.08000000000004
Precio Hecho,2025-05-14,Maiz,2025-05-16,182.65,184.035
Precio a Fijar,2025-05-14,Soja,2025-06-12,271.12,273.08000000000004
Precio a Fijar,2025-05-14,Soja,2025-06-12,271.12,273.08000000000004
Precio a Fijar,2025-05-14,Soja,2025-05-31,271.12,
Precio a Fijar,2025-05-14,Soja,2025-06-12,271.12,273.08000000000004
Precio a Fijar,2025-05-14,Soja,2025-06-12,271.12,273.08000000000004
Precio a Fijar,2025-05-14,Soja,2025-06-12,271.12,273.08000000000004
Precio a Fijar,2025-05-14,Soja,2025-06-12,271.12,273.08000000000004
Precio a Fijar,2025-05-14,Soja,2025-06-12,271.12,273.08000000000004
Precio a Fijar,2025-05-14,Soja,2025-05-31,271.12,
Precio a Fijar,2025-05-14,Soja,2025-06-12,271.12,273.08000000000004
Precio a Fijar,2025-05-14,Soja,2025-05-31,271.12,
Precio a Fijar,2025-05-14,Soja,2025-05-14,271.12,271.12
Precio a Fijar,2025-05-14,Soja,2025-06-12,271.12,273.08000000000004
Precio a Fijar,2025-05-14,Soja,2025-05-31,271.12,
Precio a Fijar,2025-05-14,Soja,2025-06-12,271.12,273.08000000000004
Precio a Fijar,2025-05-14,Soja,2025-06-12,271.12,273.08000000000004
Precio a Fijar,2025-05-14,Soja,2025-06-12,271.12,273.08000000000004
Precio a Fijar,2025-05-14,Soja,2025-05-31,271.12,
Precio a Fijar,2025-05-14,Soja,2025-06-12,271.12,273.08000000000004
Precio a Fijar,2025-05-14,Soja,2025-06-12,271.12,273.08000000000004
Precio Hecho,2025-05-14,Soja,2025-05-24,271.12,
Precio Hecho,2025-05-14,Soja,2025-05-14,271.12,271.12
Precio a Fijar,2025-05-14,Trigo,2025-06-12,197.88,197.6825
Precio a Fijar,2025-05-14,Soja,2025-05-24,271.12,
Precio Hecho,2025-05-14,Maiz,2025-05-23,182.65,181.645
Precio a Fijar,2025-04-07,Maiz,2025-07-31,204.46,
Precio Hecho,2025-05-14,Maiz,2025-06-13,182.65,173.765
Precio a Fijar,2025-05-14,Soja,2025-06-12,271.12,273.08000000000004
Precio a Fijar,2025-05-14,Soja,2025-06-14,271.12,
Precio a Fijar,2025-05-14,Soja,2025-06-12,271.12,273.08000000000004
Precio a Fijar,2025-05-14,Soja,2025-06-30,271.12,269.66999999999996
Precio a Fijar,2025-05-14,Soja,2025-06-14,271.12,
Precio a Fijar,2025-05-14,Soja,2025-06-30,271.12,269.66999999999996
Precio a Fijar,2025-05-14,Soja,2025-06-12,271.12,273.08000000000004
Precio a Fijar,2025-05-14,Soja,2025-06-30,271.12,269.66999999999996
Precio a Fijar,2025-05-14,Soja,2025-05-31,271.12,
Precio a Fijar,2025-05-14,Soja,2025-06-12,271.12,273.08000000000004
Precio a Fijar,2025-05-14,Soja,2025-05-31,271.12,
Precio a Fijar,2025-05-14,Soja,2025-05-14,271.12,271.12
Precio a Fijar,2025-05-14,Soja,2025-06-12,271.12,273.08000000000004
Precio a Fijar,2025-05-14,Soja,2025-05-31,271.12,
Precio a Fijar,2025-05-14,Soja,2025-06-12,271.12,273.08000000000004
Precio Hecho,2025-05-14,Soja,2025-05-14,271.12,271.12
Precio Hecho,2025-05-14,Maiz,2025-06-13,182.65,173.765
Precio Hecho,2025-05-14,Trigo,2025-06-13,197.88,197.58999999999997
Precio Hecho,2025-05-14,CEBADA FORR.,2025-06-13,,
Precio Hecho,2025-05-14,Trigo,2025-05-14,197.88,197.88
Precio a Fijar,2025-01-07,Soja,2025-03-31,277.99,319.37
Precio a Fijar,2024-12-10,Soja,2025-04-30,292.04,251.94
Precio a Fijar,2024-12-10,Soja,2025-04-30,292.04,251.94
Precio a Fijar,2024-11-04,Soja,2025-04-30,309.91,251.94
Precio a Fijar,2024-11-04,Soja,2025-04-30,309.91,251.94
Precio a Fijar,2025-03-06,Soja,2025-03-11,309.07,
Precio a Fijar,2024-12-23,Soja,2025-05-31,273.21,
Precio a Fijar,2024-12-20,Soja,2025-05-15,273.17,269.255
Precio a Fijar,2024-10-09,Soja,2024-11-09,,
Precio a Fijar,2025-05-05,Soja,2025-06-05,257.5,
Precio Hecho,2025-05-14,Trigo,2025-06-14,197.88,
Precio a Fijar,2025-05-14,Soja,2025-06-14,271.12,
Precio a Fijar,2025-05-14,Soja,2025-06-12,271.12,273.08000000000004
Precio a Fijar,2025-05-14,Soja,2025-05-23,271.12,269.57
Precio a Fijar,2025-05-14,Soja,2025-06-12,271.12,273.08000000000004
Precio a Fijar,2025-05-14,Soja,2025-06-30,271.12,269.66999999999996
Precio a Fijar,2025-05-14,Soja,2025-06-30,271.12,269.66999999999996
Precio a Fijar,2025-05-14,Soja,2025-06-12,271.12,273.08000000000004
Precio a Fijar,2025-05-14,Soja,2025-06-12,271.12,273.08000000000004
Precio a Fijar,2025-05-14,Soja,2025-06-12,271.12,273.08000000000004
Precio a Fijar,2025-05-14,Soja,2025-06-30,271.12,269.66999999999996
Precio a Fijar,2025-05-14,Soja,2025-06-12,271.12,273.08000000000004
Precio a Fijar,2025-05-14,Soja,2025-06-30,271.12,269.66999999999996
Precio a Fijar,2025-05-14,Soja,2025-06-14,271.12,
Precio a Fijar,2025-05-14,Soja,2025-06-30,271.12,269.66999999999996
Precio a Fijar,2025-05-14,Soja,2025-06-12,271.12,273.08000000000004
Precio a Fijar,2025-05-14,Soja,2025-06-14,271.12,
Precio a Fijar,2025-05-14,Soja,2025-06-12,271.12,273.08000000000004
Precio Hecho,2025-05-14,Soja,2025-05-14,271.12,271.12
Precio Hecho,2025-05-14,Soja,2025-05-14,271.12,271.12
Precio Hecho,2025-05-14,Soja,2025-05-14,271.12,271.12
Precio Hecho,2025-05-14,Soja,2025-05-14,271.12,271.12
Precio Hecho,2025-05-14,Soja,2025-05-14,271.12,271.12
Precio Hecho,2025-05-14,Soja,2025-05-14,271.12,271.12
Precio Hecho,2025-05-14,Trigo,2025-06-13,197.88,197.58999999999997
Precio a Fijar,2025-05-14,Soja,2025-06-12,271.12,273.08000000000004
Precio a Fijar,2025-05-14,Soja,2025-06-12,271.12,273.08000000000004
Precio a Fijar,2025-05-14,Soja,2025-06-12,271.12,273.08000000000004
Precio a Fijar,2025-05-14,Soja,2025-06-14,271.12,
Precio a Fijar,2025-05-14,Soja,2025-06-12,271.12,273.08000000000004
Precio a Fijar,2025-05-14,Soja,2025-05-23,271.12,269.57
Precio a Fijar,2025-05-14,Soja,2025-06-12,271.12,273.08000000000004
Precio a Fijar,2025-05-14,Soja,2025-06-30,271.12,269.66999999999996
Precio a Fijar,2025-05-14,Soja,2025-06-30,271.12,269.66999999999996
Precio a Fijar,2025-05-14,Soja,2025-06-12,271.12,273.08000000000004
Precio a Fijar,2025-05-14,Soja,2025-06-12,271.12,273.08000000000004
Precio a Fijar,2025-05-14,Soja,2025-06-12,271.12,273.08000000000004
Precio a Fijar,2024-08-07,Soja,2024-09-07,293.645,
Precio Hecho,2025-05-14,Trigo,2025-05-14,197.88,197.88
Precio Hecho,2025-05-14,Soja,2025-06-16,271.12,
Precio a Fijar,2025-05-14,Soja,2025-06-15,271.12,
Precio Hecho,2025-05-14,Maiz,2025-05-31,182.65,
Precio Hecho,2025-05-14,Soja,2025-06-15,271.12,
Precio Hecho,2025-05-14,Maiz,2025-05-31,182.65,
Precio Hecho,2025-05-14,Soja,2025-06-14,271.12,
Precio Hecho,2025-05-12,Soja,2025-05-12,275.315,275.315
Precio Hecho,2025-04-25,Soja,2025-04-25,266.495,266.495
Precio Hecho,2025-04-25,Soja,2025-04-25,266.495,266.495
Precio Hecho,2025-04-25,Soja,2025-04-25,266.495,266.495
Precio Hecho,2025-04-25,Soja,2025-04-25,266.495,266.495
Precio Hecho,2025-05-12,Soja,2025-05-12,275.315,275.315
Precio Hecho,2025-05-12,Maiz,2025-05-12,181.32333333333335,181.32333333333335
Precio a Fijar,2024-12-10,Maiz,2025-03-31,177.97333333333333,202.515
Precio Hecho,2025-05-12,Maiz,2025-05-12,181.32333333333335,181.32333333333335
Precio a Fijar,2025-05-13,Soja,2025-06-13,272.245,276.65
Precio a Fijar,2024-09-06,Soja,2025-05-31,304.8,
Precio Hecho,2025-05-14,Soja,2025-05-30,271.12,269.36
Precio a Fijar,2025-05-14,Soja,2025-06-12,271.12,273.08000000000004
Precio a Fijar,2025-05-14,Soja,2025-06-12,271.12,273.08000000000004
Precio a Fijar,2025-05-14,Soja,2025-06-12,271.12,273.08000000000004
Precio a Fijar,2025-05-14,Soja,2025-06-14,271.12,
Precio a Fijar,2025-05-14,Maiz,2025-06-14,182.65,
Precio Hecho,2025-05-14,ACEITE SOJA,2025-06-14,,
Precio Hecho,2025-05-14,Soja,2025-07-31,271.12,
Precio a Fijar,2025-05-14,Trigo,2025-12-31,197.88,
Precio a Fijar,2025-05-14,Trigo,2025-12-15,197.88,
Precio a Fijar,2025-05-14,Soja,2025-06-13,271.12,276.65
Precio a Fijar,2025-05-14,Soja,2025-06-30,271.12,269.66999999999996
Precio Hecho,2025-05-13,Trigo,2025-06-12,195.47,197.6825
Precio Hecho,2025-05-14,Soja,2025-06-13,271.12,276.65
Precio a Fijar,2024-10-10,Soja,2025-04-30,306.44,251.94
Precio Hecho,2025-05-14,Trigo,2025-05-24,197.88,
Precio a Fijar,2025-05-14,Soja,2025-06-30,271.12,269.66999999999996
Precio a Fijar,2025-02-20,Soja,2025-04-30,313.28,251.94
Precio a Fijar,2025-05-14,Soja,2025-06-30,271.12,269.66999999999996
Precio a Fijar,2025-05-14,Soja,2025-05-31,271.12,
Precio Hecho,2025-05-14,Trigo,2025-05-24,197.88,
Precio a Fijar,2025-05-14,Maiz,2025-06-13,182.65,173.765
Precio Hecho,2025-05-14,Soja,2025-06-15,271.12,
Precio Hecho,2025-05-14,Maiz,2025-05-23,182.65,181.645
Precio Hecho,2025-05-14,Soja,2025-05-14,271.12,271.12
Precio Hecho,2025-05-14,Soja,2025-05-14,271.12,271.12
Precio Hecho,2025-05-14,Soja,2025-05-14,271.12,271.12
Precio Hecho,2025-05-14,Soja,2025-05-14,271.12,271.12
Precio Hecho,2025-05-14,Trigo,2025-06-14,197.88,
Precio a Fijar,2025-05-14,Soja,2025-05-28,271.12,267.24
Precio Hecho,2025-05-14,Maiz,2025-05-14,182.65,182.65
Precio a Fijar,2025-05-14,Soja,2025-06-30,271.12,269.66999999999996
Precio Hecho,2025-05-14,Maiz,2025-05-14,182.65,182.65
Precio Hecho,2025-05-14,Trigo,2025-05-14,197.88,197.88
Precio Hecho,2025-05-14,Trigo,2025-05-14,197.88,197.88
Precio Hecho,2025-05-13,Trigo,2025-05-23,195.47,198.5
Precio Hecho,2025-05-13,Trigo,2025-05-23,195.47,198.5
Precio Hecho,2025-05-13,Trigo,2025-05-23,195.47,198.5
Precio Hecho,2025-05-13,Trigo,2025-05-23,195.47,198.5
Precio Hecho,2025-05-14,Trigo,2025-05-15,197.88,192.89
Precio Hecho,2025-05-14,Trigo,2025-05-14,197.88,197.88
Precio Hecho,2025-05-14,Trigo,2025-05-14,197.88,197.88
Precio Hecho,2025-05-14,Soja,2025-05-14,271.12,271.12
Precio Hecho,2025-05-14,Trigo,2025-05-14,197.88,197.88
Precio Hecho,2025-05-14,Trigo,2025-05-14,197.88,197.88
Precio Hecho,2025-05-14,Soja,2025-05-14,271.12,271.12
Precio Hecho,2025-05-14,Trigo,2025-05-14,197.88,197.88
Precio Hecho,2025-05-14,Soja,2025-05-14,271.12,271.12
Precio Hecho,2025-05-14,Trigo,2025-05-14,197.88,197.88
Precio Hecho,2025-05-14,Trigo,2025-05-31,197.88,
Precio Hecho,2025-05-14,Trigo,2025-05-14,197.88,197.88
Precio a Fijar,2025-05-14,Soja,2025-05-17,271.12,
Precio Hecho,2025-05-14,Trigo,2025-05-14,197.88,197.88
Precio Hecho,2025-05-14,Trigo,2025-05-14,197.88,197.88
Precio a Fijar,2025-05-14,Trigo,2025-06-13,197.88,197.58999999999997
Precio Hecho,2025-05-14,Trigo,2025-05-14,197.88,197.88
Precio a Fijar,2024-11-22,Trigo,2024-12-22,187.02333333333334,
Precio a Fijar,2024-11-30,Trigo,2024-12-30,,188.30666666666664
Precio Hecho,2025-05-14,Trigo,2025-05-14,197.88,197.88
Precio a Fijar,2024-12-03,Trigo,2025-01-02,184.9375,187.73333333333335
Precio Hecho,2025-05-14,Trigo,2025-05-14,197.88,197.88
Precio a Fijar,2025-05-14,Soja,2025-05-21,271.12,273.605
Precio a Fijar,2025-05-14,Soja,2025-06-30,271.12,269.66999999999996
Precio a Fijar,2025-05-14,Soja,2025-06-30,271.12,269.66999999999996
Precio Hecho,2025-05-14,Soja,2025-06-30,271.12,269.66999999999996
Precio a Fijar,2025-05-14,Soja,2025-06-13,271.12,276.65
Precio a Fijar,2025-05-14,Soja,2025-06-13,271.12,276.65
Precio a Fijar,2025-05-14,Soja,2025-06-13,271.12,276.65
Precio a Fijar,2025-05-14,Soja,2025-06-13,271.12,276.65
Precio a Fijar,2025-05-14,Maiz,2025-05-20,182.65,183.815
Precio a Fijar,2025-05-14,Soja,2025-06-13,271.12,276.65
Precio a Fijar,2025-05-14,Soja,2025-06-13,271.12,276.65
Precio a Fijar,2025-05-14,Soja,2025-06-13,271.12,276.65
Precio a Fijar,2025-05-14,Soja,2025-06-13,271.12,276.65
Precio a Fijar,2025-05-14,Soja,2025-06-13,271.12,276.65
Precio a Fijar,2025-05-14,Soja,2025-06-13,271.12,276.65
Precio a Fijar,2025-05-14,Soja,2025-05-21,271.12,273.605
Precio a Fijar,2025-04-10,Maiz,2025-04-17,208.68,
Precio Hecho,2025-05-14,Trigo,2025-05-17,197.88,
Precio Hecho,2025-05-14,Maiz,2025-05-14,182.65,182.65
Precio a Fijar,2025-04-10,Maiz,2025-04-30,208.68,194.185
Precio Hecho,2025-05-14,Soja,2025-05-14,271.12,271.12
Precio Hecho,2025-05-14,Maiz,2025-05-14,182.65,182.65
Precio Hecho,2025-05-14,Trigo,2025-05-16,197.88,196.15
Precio Hecho,2025-05-14,Maiz,2025-05-14,182.65,182.65
Precio a Fijar,2025-05-14,Soja,2025-05-14,271.12,271.12
Precio Hecho,2025-05-14,Soja,2025-06-15,271.12,
Precio Hecho,2025-05-14,Maiz,2025-05-14,182.65,182.65
Precio a Fijar,2024-11-12,Trigo,2024-12-15,183.61,
Precio a Fijar,2025-05-14,Soja,2025-05-31,271.12,
Precio Hecho,2025-05-14,Soja,2025-05-30,271.12,269.36
Precio a Fijar,2025-05-14,Soja,2025-05-31,271.12,
Precio a Fijar,2025-05-14,Soja,2025-05-31,271.12,
Precio Hecho,2025-05-14,Soja,2025-05-30,271.12,269.36
Precio Hecho,2025-05-14,Soja,2025-05-30,271.12,269.36
Precio a Fijar,2025-05-14,Soja,2025-05-31,271.12,
Precio a Fijar,2025-05-14,Soja,2025-05-31,271.12,
Precio Hecho,2025-05-14,Girasol,2025-05-14,297.61,297.61
Precio Hecho,2025-05-14,Soja,2025-06-13,271.12,276.65
Precio a Fijar,2025-05-14,Soja,2025-05-31,271.12,
Precio a Fijar,2025-05-13,Maiz,2025-05-31,181.315,
Precio a Fijar,2025-05-13,Maiz,2025-05-31,181.315,
Precio a Fijar,2025-05-13,Maiz,2025-05-28,181.315,181.03
Precio a Fijar,2025-05-05,Maiz,2025-05-31,186.375,
Precio a Fijar,2025-05-02,Maiz,2025-05-30,,175.93
Precio a Fijar,2025-04-29,Maiz,2025-05-28,196.565,181.03
Precio a Fijar,2025-04-24,Maiz,2025-05-31,189.415,
Precio a Fijar,2025-03-28,Maiz,2025-04-27,193.76,
Precio a Fijar,2025-01-28,Maiz,2025-03-31,204.57,202.515
Precio a Fijar,2024-12-11,Maiz,2025-04-30,181.82,194.185
Precio a Fijar,2024-10-29,Maiz,2024-11-28,,180.70666666666668
Precio a Fijar,2024-10-24,Maiz,2024-11-14,184.25,183.42333333333332
Precio a Fijar,2025-04-23,Soja,2025-05-23,,269.57
Precio Hecho,2025-05-13,Soja,2025-06-13,272.245,276.65
Precio a Fijar,2025-04-23,Soja,2025-05-23,,269.57
Precio a Fijar,2024-11-22,Trigo,2024-11-22,187.02333333333334,187.02333333333334
Precio a Fijar,2025-04-15,Soja,2025-05-15,275.0,269.255
Precio a Fijar,2024-07-23,Soja,2024-08-15,300.25333333333333,284.12
Precio a Fijar,2025-05-12,Soja,2025-05-13,275.315,272.245
Precio a Fijar,2025-05-07,Soja,2025-06-05,268.21000000000004,
Precio a Fijar,2025-02-25,Soja,2025-04-15,310.88,275.0
Precio a Fijar,2025-02-25,Soja,2025-04-15,310.88,275.0
Precio a Fijar,2025-02-25,Soja,2025-04-15,310.88,275.0
Precio a Fijar,2025-02-21,Maiz,2025-03-31,207.4,202.515
Precio a Fijar,2025-02-06,Trigo,2025-02-28,208.58,
Precio a Fijar,2024-12-18,Soja,2025-05-31,273.84,
Precio a Fijar,2024-10-15,Soja,2025-04-30,,251.94
Precio a Fijar,2024-10-15,Soja,2025-04-30,,251.94
Precio Hecho,2025-05-14,Trigo,2025-06-14,197.88,
Precio Hecho,2025-05-14,Trigo,2025-06-14,197.88,
Precio Hecho,2025-05-14,Soja,2025-05-23,271.12,269.57
Precio a Fijar,2025-05-14,Soja,2025-06-14,271.12,
Precio a Fijar,2025-05-14,Soja,2025-06-14,271.12,
Precio a Fijar,2025-05-14,Soja,2025-05-31,271.12,
Precio Hecho,2025-05-13,ACEITE SOJA,2025-06-30,,
Precio Hecho,2025-05-13,Trigo,2025-06-12,195.47,197.6825
Precio Hecho,2025-05-14,Maiz,2025-05-14,182.65,182.65
Precio a Fijar,2025-05-14,Soja,2025-06-13,271.12,276.65
Precio a Fijar,2025-05-14,Soja,2025-06-13,271.12,276.65
Precio Hecho,2025-05-13,ACEITE SOJA,2025-05-30,,
Precio a Fijar,2025-05-14,Soja,2025-06-13,271.12,276.65
Precio Hecho,2025-05-14,Trigo,2025-05-31,197.88,
Precio a Fijar,2025-05-14,Trigo,2025-12-31,197.88,
Precio a Fijar,2025-05-14,Soja,2025-06-13,271.12,276.65
Precio a Fijar,2025-03-14,Trigo,2025-03-18,211.04500000000002,211.41333333333333
Precio Hecho,2025-05-14,Maiz,2025-05-14,182.65,182.65
Precio Hecho,2025-05-14,Trigo,2025-05-14,197.88,197.88
Precio a Fijar,2024-12-09,Maiz,2025-06-30,178.06333333333336,168.39333333333332
Precio a Fijar,2025-04-15,Soja,2025-05-30,275.0,269.36
Precio a Fijar,2025-05-14,Soja,2025-06-14,271.12,
Precio a Fijar,2025-05-14,Soja,2025-06-14,271.12,
Precio Hecho,2025-05-14,Trigo,2025-06-14,197.88,
Precio a Fijar,2024-12-03,Maiz,2025-06-30,180.34666666666666,168.39333333333332
Precio a Fijar,2024-11-20,Maiz,2025-06-30,183.65333333333334,168.39333333333332
Precio Hecho,2025-05-14,Soja,2025-05-15,271.12,269.255
Precio Hecho,2025-05-14,Soja,2025-05-15,271.12,269.255
Precio Hecho,2025-05-14,Soja,2025-05-15,271.12,269.255
Precio Hecho,2025-05-13,ACEITE SOJA,2025-05-13,,
Precio Hecho,2025-05-12,Soja,2025-06-11,275.315,274.3333333333333
Precio Hecho,2025-05-14,Soja,2025-06-13,271.12,276.65
Precio Hecho,2025-05-14,Maiz,2025-05-15,182.65,183.48000000000002
Precio Hecho,2025-05-14,Soja,2025-05-15,271.12,269.255
Precio Hecho,2025-05-14,Soja,2025-05-14,271.12,271.12
Precio Hecho,2025-05-14,Soja,2025-05-15,271.12,269.255
Precio Hecho,2025-05-14,Trigo,2025-05-16,197.88,196.15
Precio Hecho,2025-05-14,Trigo,2025-05-14,197.88,197.88
Precio Hecho,2025-05-14,Soja,2025-05-14,271.12,271.12
Precio Hecho,2025-05-14,Soja,2025-05-14,271.12,271.12
Precio Hecho,2025-05-14,Soja,2025-05-14,271.12,271.12
Precio a Fijar,2024-09-25,Trigo,2024-12-31,201.24,
Precio a Fijar,2024-09-25,Trigo,2024-12-31,201.24,
Precio Hecho,2025-05-14,Soja,2025-05-17,271.12,
Precio Hecho,2025-05-14,Trigo,2025-05-21,197.88,199.39
Precio Hecho,2025-05-14,Trigo,2025-05-16,197.88,196.15
Precio Hecho,2025-05-14,Soja,2025-05-14,271.12,271.12
Precio a Fijar,2025-05-13,Soja,2025-05-31,272.245,
Precio Hecho,2025-05-14,Soja,2025-05-14,271.12,271.12
Precio Hecho,2025-05-14,Soja,2025-05-14,271.12,271.12
Precio Hecho,2025-05-14,Soja,2025-05-14,271.12,271.12
Precio Hecho,2025-05-14,Soja,2025-05-14,271.12,271.12
Precio Hecho,2025-05-14,Soja,2025-05-14,271.12,271.12
Precio Hecho,2025-05-14,Soja,2025-05-14,271.12,271.12
Precio Hecho,2025-05-14,Soja,2025-05-14,271.12,271.12
Precio Hecho,2025-05-14,Soja,2025-05-14,271.12,271.12
Precio Hecho,2025-05-14,Trigo,2025-05-15,197.88,192.89
Precio Hecho,2025-05-14,Soja,2025-05-14,271.12,271.12
Precio Hecho,2025-05-14,Soja,2025-05-14,271.12,271.12
Precio Hecho,2025-05-14,Maiz,2025-06-30,182.65,168.39333333333332
Precio Hecho,2025-05-14,Maiz,2025-05-14,182.65,182.65
Precio Hecho,2025-05-14,Maiz,2025-05-14,182.65,182.65
Precio a Fijar,2025-03-07,Maiz,2025-04-06,196.91,
Precio Hecho,2025-05-14,Maiz,2025-05-14,182.65,182.65
Precio Hecho,2025-05-14,Maiz,2025-05-14,182.65,182.65
Precio Hecho,2025-05-13,Maiz,2025-06-30,181.315,168.39333333333332
Precio a Fijar,2025-01-22,CEBADA CERV.,2025-12-31,,
Precio Hecho,2025-05-14,Maiz,2025-05-14,182.65,182.65
Precio Hecho,2025-05-14,Maiz,2025-05-14,182.65,182.65
Precio a Fijar,2024-11-11,CEBADA CERV.,2025-11-30,,
Precio Hecho,2025-05-12,Trigo,2025-05-27,197.1833333333333,197.66
Precio a Fijar,2025-05-08,CEBADA CERV.,2025-11-30,,
Precio a Fijar,2024-11-11,CEBADA CERV.,2025-11-30,,
Precio Hecho,2025-05-14,Maiz,2025-05-14,182.65,182.65
Precio a Fijar,2024-07-01,CEBADA CERV.,2025-07-31,,
Precio Hecho,2025-05-13,Soja,2025-06-12,272.245,273.08000000000004
Precio Hecho,2025-05-13,Soja,2025-06-12,272.245,273.08000000000004
Precio Hecho,2025-05-14,Maiz,2025-05-14,182.65,182.65
Precio Hecho,2025-05-14,Maiz,2025-05-14,182.65,182.65
Precio Hecho,2025-05-14,Maiz,2025-05-14,182.65,182.65
Precio a Fijar,2024-08-13,CEBADA CERV.,2025-07-31,,
Precio Hecho,2025-05-14,Maiz,2025-05-14,182.65,182.65
Precio a Fijar,2024-12-31,CEBADA CERV.,2025-11-30,,
Precio a Fijar,2024-11-11,CEBADA CERV.,2025-11-30,,
Precio a Fijar,2025-05-13,Soja,2025-06-30,272.245,269.66999999999996
Precio a Fijar,2025-03-21,Soja,2025-04-30,305.65,251.94
Precio Hecho,2025-05-14,Trigo,2025-05-14,197.88,197.88
Precio a Fijar,2024-11-11,CEBADA CERV.,2025-11-30,,
Precio Hecho,2025-05-14,Soja,2025-05-14,271.12,271.12
Precio a Fijar,2024-11-11,CEBADA CERV.,2025-11-30,,
Precio a Fijar,2025-01-14,CEBADA CERV.,2025-11-30,,
Precio Hecho,2025-05-12,Soja,2025-05-12,275.315,275.315
Precio Hecho,2025-05-13,Maiz,2025-06-13,181.315,173.765
Precio Hecho,2025-05-13,Maiz,2025-06-13,181.315,173.765
Precio a Fijar,2024-07-01,CEBADA CERV.,2025-07-31,,
Precio a Fijar,2024-11-11,CEBADA CERV.,2025-11-30,,
Precio a Fijar,2024-12-04,CEBADA CERV.,2025-11-30,,
Precio Hecho,2025-05-13,Trigo,2025-05-20,195.47,198.42
Precio a Fijar,2024-12-04,CEBADA CERV.,2025-11-30,,
Precio Hecho,2025-05-13,Trigo,2025-05-20,195.47,198.42
Precio a Fijar,2025-04-16,CEBADA CERV.,2025-11-30,,
Precio a Fijar,2024-11-25,CEBADA CERV.,2025-11-30,,
Precio a Fijar,2025-05-14,Maiz,2025-06-12,182.65,171.79333333333332
Precio a Fijar,2025-05-14,Soja,2025-05-31,271.12,
Precio a Fijar,2025-05-14,Soja,2025-06-13,271.12,276.65
Precio Hecho,2025-05-14,Soja,2025-05-14,271.12,271.12
Precio Hecho,2025-05-13,Soja,2025-05-13,272.245,272.245
Precio Hecho,2025-05-12,Soja,2025-05-12,275.315,275.315
Precio Hecho,2025-05-14,Maiz,2025-05-14,182.65,182.65
Precio Hecho,2025-05-14,Soja,2025-05-14,271.12,271.12
Precio Hecho,2025-05-14,Maiz,2025-10-14,182.65,174.79000000000002
Precio Hecho,2025-05-14,Maiz,2025-05-14,182.65,182.65
Precio Hecho,2025-05-14,Maiz,2025-05-14,182.65,182.65
Precio Hecho,2025-05-14,Soja,2025-05-14,271.12,271.12
Precio Hecho,2025-05-13,Trigo,2025-06-12,195.47,197.6825
Precio a Fijar,2025-05-13,Soja,2025-06-30,272.245,269.66999999999996
Precio a Fijar,2025-05-05,Soja,2025-06-04,257.5,
Precio a Fijar,2025-01-03,Soja,2025-05-31,275.23,
Precio a Fijar,2024-12-27,Maiz,2025-06-30,185.17,168.39333333333332
Precio a Fijar,2024-10-04,Soja,2025-05-31,318.11,
Precio a Fijar,2024-05-21,Soja,2024-06-20,,
Precio a Fijar,2025-05-13,Soja,2025-06-12,272.245,273.08000000000004
Precio a Fijar,2025-05-12,Soja,2025-06-11,275.315,274.3333333333333
Precio a Fijar,2025-05-09,Soja,2025-06-08,272.855,
Precio a Fijar,2025-05-06,Soja,2025-06-05,264.45,
Precio a Fijar,2025-05-05,Soja,2025-06-04,257.5,
Precio a Fijar,2025-04-23,Soja,2025-05-23,,269.57
Precio a Fijar,2025-04-21,Soja,2025-05-21,273.08,273.605
Precio a Fijar,2025-04-16,Soja,2025-05-31,279.74,
Precio a Fijar,2025-04-15,Maiz,2025-05-14,197.92,182.65
Precio a Fijar,2025-02-21,Soja,2025-04-30,311.1,251.94
Precio a Fijar,2025-01-22,Soja,2025-04-30,281.49,251.94
Precio a Fijar,2025-01-03,Soja,2025-05-31,275.23,
Precio a Fijar,2024-12-30,Maiz,2025-04-30,185.08,194.185
Precio a Fijar,2024-12-30,Maiz,2025-04-15,185.08,197.92
Precio a Fijar,2024-12-27,Maiz,2025-06-30,185.17,168.39333333333332
Precio a Fijar,2024-12-27,Maiz,2025-04-30,185.17,194.185
Precio a Fijar,2024-12-02,Soja,2025-05-31,286.42,
Precio a Fijar,2024-11-14,Trigo,2024-12-14,184.44333333333336,
Precio a Fijar,2024-11-08,Soja,2024-12-15,310.43,
Precio a Fijar,2024-10-28,Soja,2024-11-24,308.55,
Precio a Fijar,2024-10-04,Soja,2025-05-31,318.11,
Precio a Fijar,2024-09-18,Girasol,2025-04-30,338.94,297.69
Precio a Fijar,2024-06-14,Soja,2024-07-14,318.76,
Precio a Fijar,2024-06-07,Soja,2024-07-07,,
Precio a Fijar,2024-05-21,Soja,2024-06-20,,
Precio a Fijar,2025-05-12,Soja,2025-06-11,275.315,274.3333333333333
Precio a Fijar,2025-01-03,Soja,2025-05-31,275.23,
Precio Hecho,2025-05-04,Soja,2025-05-18,,
Precio Hecho,2025-05-04,Soja,2025-05-18,,
Precio a Fijar,2025-05-14,Soja,2025-05-31,271.12,
Precio a Fijar,2025-05-14,Soja,2025-05-31,271.12,
Precio Hecho,2025-05-04,Soja,2025-05-18,,
Precio Hecho,2025-05-03,Soja,2025-05-17,,
Precio Hecho,2025-05-05,Soja,2025-05-19,257.5,273.06
Precio Hecho,2025-05-06,Soja,2025-05-20,264.45,274.21
Precio Hecho,2025-05-14,Soja,2025-06-14,271.12,
Precio Hecho,2025-05-13,Soja,2025-06-13,272.245,276.65
Precio Hecho,2025-05-13,Maiz,2025-06-13,181.315,173.765
Precio a Fijar,2025-05-13,Soja,2025-06-12,272.245,273.08000000000004
Precio a Fijar,2025-05-13,Soja,2025-06-12,272.245,273.08000000000004
Precio a Fijar,2025-05-13,Soja,2025-06-12,272.245,273.08000000000004
Precio Hecho,2025-05-14,Soja,2025-05-14,271.12,271.12
Precio Hecho,2025-05-14,Trigo,2025-05-14,197.88,197.88
Precio Hecho,2025-05-14,Maiz,2025-05-14,182.65,182.65
Precio Hecho,2025-05-14,Soja,2025-05-14,271.12,271.12
Precio Hecho,2025-05-14,Trigo,2025-05-14,197.88,197.88
Precio a Fijar,2024-04-24,Soja,2025-04-30,286.44666666666666,251.94
Precio a Fijar,2025-05-13,Soja,2025-05-31,272.245,
Precio a Fijar,2025-05-13,Soja,2025-06-12,272.245,273.08000000000004
Precio a Fijar,2025-05-13,Soja,2025-06-12,272.245,273.08000000000004
Precio a Fijar,2025-05-13,Soja,2025-06-12,272.245,273.08000000000004
Precio Hecho,2025-05-13,Soja,2025-06-13,272.245,276.65
Precio a Fijar,2025-05-13,Soja,2025-06-27,272.245,271.44500000000005
Precio a Fijar,2025-05-13,Soja,2025-06-12,272.245,273.08000000000004
Precio a Fijar,2025-05-13,Soja,2025-06-12,272.245,273.08000000000004
Precio a Fijar,2025-05-13,Soja,2025-06-12,272.245,273.08000000000004
Precio Hecho,2025-05-13,Trigo,2025-12-31,195.47,
Precio Hecho,2025-05-13,Soja,2025-06-12,272.245,273.08000000000004
Precio a Fijar,2025-01-28,Soja,2025-04-30,294.96,251.94
Precio a Fijar,2025-01-03,Soja,2025-04-30,275.23,251.94
Precio a Fijar,2024-12-30,Soja,2025-04-30,276.16,251.94
Precio a Fijar,2024-03-13,Soja,2025-01-31,,299.0
Precio a Fijar,2025-04-24,Trigo,2025-05-30,194.615,198.48
Precio a Fijar,2025-05-13,Soja,2025-06-13,272.245,276.65
Precio a Fijar,2025-05-13,Soja,2025-05-31,272.245,
Precio a Fijar,2025-05-13,Soja,2025-06-13,272.245,276.65
Precio a Fijar,2023-01-10,Trigo,2023-01-31,,
Precio a Fijar,2025-05-13,Soja,2025-05-31,272.245,
Precio a Fijar,2025-05-13,Soja,2025-06-13,272.245,276.65
Precio a Fijar,2025-05-13,Soja,2025-05-31,272.245,
Precio a Fijar,2025-05-13,Soja,2025-06-13,272.245,276.65
Precio Hecho,2025-05-13,Soja,2025-06-13,272.245,276.65
Precio Hecho,2025-05-13,Maiz,2025-06-13,181.315,173.765
Precio Hecho,2025-05-13,Maiz,2025-06-13,181.315,173.765
Precio Hecho,2025-05-13,Maiz,2025-06-13,181.315,173.765
Precio Hecho,2025-05-12,Soja,2025-06-13,275.315,276.65
Precio Hecho,2025-05-12,Soja,2025-06-13,275.315,276.65
Precio Hecho,2025-05-09,Soja,2025-06-13,272.855,276.65
Precio Hecho,2025-05-09,Sorgo,2025-06-13,,161.76
Precio Hecho,2025-05-08,Maiz,2025-06-13,183.12,173.765
Precio Hecho,2025-05-07,Soja,2025-06-08,268.21000000000004,
Precio a Fijar,2025-05-13,Soja,2025-06-12,272.245,273.08000000000004
Precio a Fijar,2025-05-13,Soja,2025-06-13,272.245,276.65
Precio a Fijar,2025-05-13,Soja,2025-05-31,272.245,
Precio a Fijar,2025-05-13,Soja,2025-06-12,272.245,273.08000000000004
Precio a Fijar,2025-05-13,Soja,2025-06-12,272.245,273.08000000000004
Precio a Fijar,2025-05-13,Soja,2025-05-31,272.245,
Precio a Fijar,2025-05-13,Soja,2025-06-12,272.245,273.08000000000004
Precio a Fijar,2025-05-13,Maiz,2025-05-31,181.315,
Precio a Fijar,2025-05-13,Maiz,2025-05-31,181.315,
Precio a Fijar,2025-05-13,Soja,2025-06-13,272.245,276.65
Precio Hecho,2025-05-13,Soja,2025-05-13,272.245,272.245
Precio Hecho,2025-05-13,Soja,2025-05-13,272.245,272.245
Precio a Fijar,2025-05-13,Soja,2025-05-30,272.245,269.36
Precio Hecho,2025-05-13,Soja,2025-05-13,272.245,272.245
Precio a Fijar,2025-05-13,Soja,2025-05-23,272.245,269.57
Precio a Fijar,2025-05-13,Soja,2025-06-12,272.245,273.08000000000004
Precio a Fijar,2025-05-13,Soja,2025-06-12,272.245,273.08000000000004
Precio a Fijar,2025-05-13,Soja,2025-06-12,272.245,273.08000000000004
Precio a Fijar,2025-05-13,Soja,2025-05-31,272.245,
Precio a Fijar,2025-05-07,Soja,2025-06-07,268.21000000000004,
Precio a Fijar,2025-02-25,Soja,2025-03-05,310.88,299.27
Precio a Fijar,2025-01-10,Soja,2025-04-30,281.39,251.94
Precio a Fijar,2025-03-26,Soja,2025-04-30,317.24,251.94
Precio a Fijar,2025-03-06,Soja,2025-03-11,309.07,
Precio a Fijar,2025-04-04,Soja,2025-05-04,288.1,
Precio a Fijar,2025-04-04,Soja,2025-05-04,288.1,
Precio Hecho,2025-05-13,Soja,2025-05-13,272.245,272.245
Precio a Fijar,2025-05-13,Soja,2025-05-23,272.245,269.57
Precio a Fijar,2025-05-13,Soja,2025-06-12,272.245,273.08000000000004
Precio a Fijar,2025-05-13,Soja,2025-06-12,272.245,273.08000000000004
Precio a Fijar,2025-05-13,Soja,2025-05-23,272.245,269.57
Precio a Fijar,2025-05-13,Soja,2025-06-12,272.245,273.08000000000004
Precio a Fijar,2025-05-13,Soja,2025-06-12,272.245,273.08000000000004
Precio a Fijar,2025-05-13,Soja,2025-05-23,272.245,269.57
Precio Hecho,2025-05-13,Soja,2025-05-31,272.245,
Precio Hecho,2025-05-13,Trigo,2025-05-13,195.47,195.47
Precio a Fijar,2025-03-17,Soja,2025-05-31,300.42,
Precio a Fijar,2025-02-18,Soja,2025-05-31,312.94,
Precio Hecho,2025-05-13,Trigo,2025-06-13,195.47,197.58999999999997
Precio Hecho,2025-05-13,Trigo,2025-06-12,195.47,197.6825
Precio Hecho,2025-05-13,Trigo,2025-05-31,195.47,
Precio a Fijar,2025-05-13,Soja,2025-05-23,272.245,269.57
Precio a Fijar,2025-05-13,Soja,2025-06-14,272.245,
Precio a Fijar,2025-05-13,Soja,2025-05-23,272.245,269.57
Precio a Fijar,2025-05-13,Soja,2025-06-12,272.245,273.08000000000004
Precio a Fijar,2025-05-13,Soja,2025-06-12,272.245,273.08000000000004
Precio a Fijar,2025-05-13,Maiz,2025-06-12,181.315,171.79333333333332
Precio a Fijar,2025-05-13,Soja,2025-05-23,272.245,269.57
Precio Hecho,2025-05-13,Maiz,2025-05-31,181.315,
Precio Hecho,2025-05-13,Soja,2025-06-12,272.245,273.08000000000004
Precio a Fijar,2025-05-13,Soja,2025-06-12,272.245,273.08000000000004
Precio a Fijar,2025-05-13,Soja,2025-05-31,272.245,
Precio a Fijar,2025-05-12,Soja,2025-06-11,275.315,274.3333333333333
Precio a Fijar,2025-05-12,Soja,2025-06-11,275.315,274.3333333333333
Precio a Fijar,2025-05-12,Soja,2025-06-11,275.315,274.3333333333333
Precio a Fijar,2025-05-12,Soja,2025-06-11,275.315,274.3333333333333
Precio a Fijar,2025-05-10,Soja,2025-06-09,,271.79
Precio a Fijar,2025-05-09,Soja,2025-05-31,272.855,
Precio Hecho,2025-05-13,Soja,2025-06-13,272.245,276.65
Precio a Fijar,2025-05-09,Soja,2025-05-31,272.855,
Precio a Fijar,2025-05-09,Soja,2025-05-31,272.855,
Precio a Fijar,2025-05-09,Soja,2025-06-08,272.855,
Precio a Fijar,2025-05-08,Soja,2025-05-31,268.56,
Precio a Fijar,2025-05-08,Soja,2025-05-31,268.56,
Precio a Fijar,2025-05-08,Soja,2025-05-31,268.56,
Precio a Fijar,2025-05-08,Soja,2025-05-31,268.56,
Precio a Fijar,2025-05-13,Soja,2025-05-13,272.245,272.245
Precio Hecho,2025-05-13,Soja,2025-06-12,272.245,273.08000000000004
Precio Hecho,2025-05-13,Maiz,2025-06-12,181.315,171.79333333333332
Precio a Fijar,2025-05-13,Soja,2025-05-13,272.245,272.245
Precio Hecho,2025-05-13,Soja,2025-06-30,272.245,269.66999999999996
Precio a Fijar,2025-05-13,Soja,2025-05-23,272.245,269.57
Precio a Fijar,2025-05-13,Soja,2025-06-12,272.245,273.08000000000004
Precio a Fijar,2025-05-13,Soja,2025-06-12,272.245,273.08000000000004
Precio a Fijar,2025-05-13,Trigo,2025-12-15,195.47,
Precio Hecho,2025-05-13,CEBADA CERV.,2025-06-30,,
Precio a Fijar,2025-05-13,Soja,2025-06-12,272.245,273.08000000000004
Precio a Fijar,2025-05-13,Soja,2025-06-12,272.245,273.08000000000004
Precio a Fijar,2025-05-13,Soja,2025-06-12,272.245,273.08000000000004
Precio Hecho,2025-05-13,Trigo,2025-05-13,195.47,195.47
Precio a Fijar,2025-05-13,Soja,2025-06-12,272.245,273.08000000000004
Precio Hecho,2025-05-13,Trigo,2025-05-13,195.47,195.47
Precio Hecho,2025-05-13,Trigo,2025-05-13,195.47,195.47
Precio Hecho,2025-05-13,Trigo,2025-05-13,195.47,195.47
Precio a Fijar,2025-05-13,Soja,2025-05-13,272.245,272.245
Precio Hecho,2025-05-13,Trigo,2025-05-20,195.47,198.42
Precio a Fijar,2024-07-12,Maiz,2025-07-31,174.71666666666667,
Precio Hecho,2025-05-12,Girasol,2025-06-08,299.4066666666667,
Precio Hecho,2025-05-13,Soja,2025-05-13,272.245,272.245
Precio Hecho,2025-05-12,Girasol,2025-06-08,299.4066666666667,
Precio Hecho,2025-05-13,Soja,2025-06-13,272.245,276.65
Precio Hecho,2025-05-12,Soja,2025-05-12,275.315,275.315
Precio Hecho,2025-05-13,Maiz,2025-06-13,181.315,173.765
Precio Hecho,2025-05-13,Soja,2025-05-23,272.245,269.57
Precio Hecho,2025-05-12,Soja,2025-05-22,275.315,274.77
Precio a Fijar,2025-05-13,Soja,2025-05-13,272.245,272.245
Precio Hecho,2025-05-13,Maiz,2025-06-13,181.315,173.765
Precio a Fijar,2025-05-13,Soja,2025-06-13,272.245,276.65
Precio a Fijar,2025-05-13,Soja,2025-05-13,272.245,272.245
Precio Hecho,2025-05-13,Soja,2025-06-30,272.245,269.66999999999996
Precio a Fijar,2025-05-13,Soja,2025-05-13,272.245,272.245
Precio a Fijar,2024-12-07,Trigo,2024-12-07,,
Precio Hecho,2025-05-13,Trigo,2025-05-13,195.47,195.47
Precio Hecho,2025-05-13,Trigo,2025-06-13,195.47,197.58999999999997
Precio a Fijar,2025-02-10,Maiz,2025-03-31,208.23,202.515
Precio Hecho,2025-05-13,Soja,2025-05-13,272.245,272.245
Precio a Fijar,2025-03-18,Maiz,2025-04-30,197.565,194.185
Precio a Fijar,2024-12-11,Maiz,2025-01-31,181.82,211.68
Precio Hecho,2025-05-13,Soja,2025-05-13,272.245,272.245
Precio Hecho,2025-05-13,Trigo,2025-05-13,195.47,195.47
Precio Hecho,2025-05-13,Maiz,2025-05-13,181.315,181.315
Precio Hecho,2025-05-13,Maiz,2025-05-13,181.315,181.315
Precio Hecho,2025-05-13,Maiz,2025-05-13,181.315,181.315
Precio Hecho,2025-05-13,Trigo,2025-06-12,195.47,197.6825
Precio Hecho,2025-05-13,Soja,2025-05-13,272.245,272.245
Precio Hecho,2025-05-13,Maiz,2025-05-13,181.315,181.315
Precio Hecho,2025-05-13,Maiz,2025-05-13,181.315,181.315
Precio a Fijar,2025-05-12,Soja,2025-05-16,275.315,270.32
Precio Hecho,2025-05-13,Maiz,2025-05-13,181.315,181.315
Precio a Fijar,2025-05-12,Soja,2025-05-16,275.315,270.32
Precio Hecho,2025-05-13,Maiz,2025-05-13,181.315,181.315
Precio Hecho,2025-05-13,Soja,2025-05-13,272.245,272.245
Precio a Fijar,2025-05-06,Soja,2025-06-05,264.45,
Precio a Fijar,2025-05-06,Soja,2025-06-05,264.45,
Precio a Fijar,2025-05-13,Soja,2025-06-13,272.245,276.65
Precio a Fijar,2025-05-13,Maiz,2025-05-28,181.315,181.03
Precio a Fijar,2025-05-13,Soja,2025-06-30,272.245,269.66999999999996
Precio Hecho,2025-05-13,Soja,2025-05-13,272.245,272.245
Precio Hecho,2025-05-13,Maiz,2025-05-13,181.315,181.315
Precio Hecho,2025-05-13,Soja,2025-05-13,272.245,272.245
Precio a Fijar,2024-12-12,Trigo,2024-12-12,191.36,191.36
Precio Hecho,2025-05-13,Maiz,2025-05-13,181.315,181.315
Precio Hecho,2025-05-13,Trigo,2025-05-13,195.47,195.47
Precio Hecho,2025-05-13,Maiz,2025-05-13,181.315,181.315
Precio Hecho,2025-05-12,Soja,2025-05-12,275.315,275.315
Precio Hecho,2025-05-13,Soja,2025-05-13,272.245,272.245
Precio Hecho,2025-05-13,Soja,2025-05-13,272.245,272.245
Precio Hecho,2025-05-09,Soja,2025-05-09,272.855,272.855
Precio Hecho,2025-05-13,Soja,2025-05-13,272.245,272.245
Precio Hecho,2025-05-13,Soja,2025-05-13,272.245,272.245
Precio Hecho,2025-05-12,Soja,2025-05-12,275.315,275.315
Precio Hecho,2025-05-13,Soja,2025-05-13,272.245,272.245
Precio Hecho,2025-05-12,Soja,2025-05-12,275.315,275.315
Precio Hecho,2025-05-09,Soja,2025-05-09,272.855,272.855
Precio Hecho,2025-05-12,Trigo,2025-05-12,197.1833333333333,197.1833333333333
Precio Hecho,2025-05-13,Soja,2025-05-13,272.245,272.245
Precio a Fijar,2024-11-18,Trigo,2024-11-18,,
Precio Hecho,2025-05-13,Soja,2025-05-13,272.245,272.245
Precio a Fijar,2024-12-07,Trigo,2024-12-07,,
Precio Hecho,2025-05-13,Soja,2025-05-13,272.245,272.245
Precio Hecho,2025-05-13,Soja,2025-05-13,272.245,272.245
Precio Hecho,2025-05-13,Trigo,2025-05-13,195.47,195.47
Precio Hecho,2025-05-13,Maiz,2025-05-13,181.315,181.315
Precio Hecho,2025-05-13,Soja,2025-05-13,272.245,272.245
Precio Hecho,2025-05-13,Maiz,2025-05-13,181.315,181.315
Precio Hecho,2025-05-13,Soja,2025-05-13,272.245,272.245
Precio Hecho,2025-05-13,Soja,2025-05-13,272.245,272.245
Precio Hecho,2025-05-13,Soja,2025-05-13,272.245,272.245
Precio a Fijar,2025-05-13,Soja,2025-05-31,272.245,
Precio Hecho,2025-05-13,Soja,2025-06-13,272.245,276.65
Precio a Fijar,2025-05-13,Soja,2025-06-12,272.245,273.08000000000004
Precio a Fijar,2025-05-13,Soja,2025-06-12,272.245,273.08000000000004
Precio a Fijar,2025-05-13,Soja,2025-06-12,272.245,273.08000000000004
Precio a Fijar,2025-05-13,Soja,2025-06-12,272.245,273.08000000000004
Precio a Fijar,2025-05-13,Soja,2025-06-12,272.245,273.08000000000004
Precio a Fijar,2025-05-13,CEBADA FORR.,2026-01-15,,
Precio a Fijar,2025-05-13,Maiz,2025-06-12,181.315,171.79333333333332
Precio Hecho,2025-05-13,Girasol,2025-05-15,299.33,317.47
Precio Hecho,2025-05-13,Trigo,2025-05-13,195.47,195.47
Precio a Fijar,2025-05-08,Soja,2025-05-08,268.56,268.56
Precio a Fijar,2025-05-08,Soja,2025-05-08,268.56,268.56
Precio a Fijar,2025-05-08,Soja,2025-05-08,268.56,268.56
Precio Hecho,2025-05-13,Soja,2025-05-13,272.245,272.245
Precio Hecho,2025-05-13,Soja,2025-05-13,272.245,272.245
Precio a Fijar,2025-05-08,Soja,2025-05-08,268.56,268.56
Precio a Fijar,2025-05-07,Soja,2025-06-30,268.21000000000004,269.66999999999996
Precio a Fijar,2025-05-08,Soja,2025-05-08,268.56,268.56
Precio a Fijar,2025-05-08,Soja,2025-05-08,268.56,268.56
Precio a Fijar,2025-05-08,Soja,2025-05-08,268.56,268.56
Precio Hecho,2025-05-13,Soja,2025-05-13,272.245,272.245
Precio Hecho,2025-05-13,Soja,2025-05-13,272.245,272.245
Precio a Fijar,2025-05-08,Soja,2025-05-08,268.56,268.56
Precio Hecho,2025-05-13,Trigo,2025-05-13,195.47,195.47
Precio Hecho,2025-05-13,Soja,2025-05-13,272.245,272.245
Precio Hecho,2025-05-13,Trigo,2025-05-13,195.47,195.47
Precio Hecho,2025-05-13,Soja,2025-05-13,272.245,272.245
Precio Hecho,2025-05-13,Soja,2025-05-13,272.245,272.245
Precio Hecho,2025-05-13,Soja,2025-05-13,272.245,272.245
Precio a Fijar,2024-07-25,Trigo,2025-03-01,,
Precio a Fijar,2024-07-29,Trigo,2025-03-01,251.555,
Precio Hecho,2025-05-13,Soja,2025-06-12,272.245,273.08000000000004
Precio a Fijar,2025-05-12,Soja,2025-05-17,275.315,
Precio a Fijar,2024-10-16,Trigo,2025-10-31,,189.79999999999998
Precio a Fijar,2024-10-16,Trigo,2025-10-31,,189.79999999999998
Precio Hecho,2025-05-13,Soja,2025-05-30,272.245,269.36
Precio Hecho,2025-05-13,Soja,2025-05-30,272.245,269.36
Precio Hecho,2025-05-13,Soja,2025-05-30,272.245,269.36
Precio Hecho,2025-05-13,Soja,2025-05-30,272.245,269.36
Precio Hecho,2025-05-13,Soja,2025-05-30,272.245,269.36
Precio Hecho,2025-05-13,Maiz,2025-06-13,181.315,173.765
Precio Hecho,2025-05-12,Trigo,2025-05-27,197.1833333333333,197.66
Precio Hecho,2025-05-13,Trigo,2025-05-27,195.47,197.66
Precio a Fijar,2025-05-12,Soja,2025-05-13,275.315,272.245
Precio a Fijar,2025-04-04,Maiz,2025-05-03,199.35,
Precio a Fijar,2025-03-17,Maiz,2025-04-17,197.00666666666666,
Precio a Fijar,2025-02-20,Trigo,2025-03-31,210.505,218.81
Precio a Fijar,2025-02-19,Girasol,2025-02-28,,
Precio a Fijar,2025-01-28,Maiz,2025-03-31,204.57,202.515
Precio a Fijar,2025-01-15,Trigo,2025-02-14,186.3725,208.76999999999998
Precio a Fijar,2024-12-02,Trigo,2025-01-02,187.65,187.73333333333335
Precio a Fijar,2024-11-21,Trigo,2024-11-30,186.88333333333335,
Precio a Fijar,2025-02-10,Maiz,2025-03-10,208.23,195.825
Precio a Fijar,2025-03-12,Soja,2025-03-22,308.41,
Precio a Fijar,2025-02-18,Soja,2025-05-10,312.94,
Precio Hecho,2025-05-12,Trigo,2025-06-19,197.1833333333333,197.2
Precio Hecho,2025-05-13,Maiz,2025-05-13,181.315,181.315
Precio a Fijar,2025-03-12,Soja,2025-03-22,308.41,
Precio Hecho,2025-05-13,Maiz,2025-05-13,181.315,181.315
Precio Hecho,2025-05-13,Maiz,2025-05-13,181.315,181.315
Precio Hecho,2025-05-13,Maiz,2025-05-13,181.315,181.315
Precio Hecho,2025-05-13,Maiz,2025-05-13,181.315,181.315
Precio Hecho,2025-05-13,Maiz,2025-05-13,181.315,181.315
Precio Hecho,2025-05-13,Maiz,2025-05-13,181.315,181.315
Precio a Fijar,2025-05-13,Soja,2025-06-12,272.245,273.08000000000004
Precio a Fijar,2025-05-13,Maiz,2025-06-12,181.315,171.79333333333332
Precio Hecho,2025-05-13,Maiz,2025-05-13,181.315,181.315
Precio a Fijar,2025-05-13,Trigo,2025-12-31,195.47,
Precio a Fijar,2025-05-13,Soja,2025-06-12,272.245,273.08000000000004
Precio a Fijar,2025-05-13,Soja,2025-06-12,272.245,273.08000000000004
Precio a Fijar,2025-05-13,Soja,2025-06-12,272.245,273.08000000000004
Precio Hecho,2025-05-12,Maiz,2025-06-12,181.32333333333335,171.79333333333332
Precio Hecho,2025-05-13,Maiz,2025-05-13,181.315,181.315
Precio a Fijar,2025-05-13,Trigo,2025-06-30,195.47,198.26
Precio a Fijar,2025-02-17,Soja,2025-04-30,311.54,251.94
Precio Hecho,2025-05-13,Maiz,2025-05-13,181.315,181.315
Precio a Fijar,2025-02-17,Soja,2025-04-30,311.54,251.94
Precio Hecho,2025-05-13,Maiz,2025-05-13,181.315,181.315
Precio Hecho,2025-05-13,Soja,2025-05-30,272.245,269.36
Precio Hecho,2025-05-13,Maiz,2025-05-13,181.315,181.315
Precio Hecho,2025-05-13,Soja,2025-05-30,272.245,269.36
Precio Hecho,2025-05-13,Maiz,2025-05-13,181.315,181.315
Precio a Fijar,2025-04-16,Soja,2025-05-15,279.74,269.255
Precio Hecho,2025-05-13,Maiz,2025-05-13,181.315,181.315
Precio Hecho,2025-05-13,Trigo,2025-05-13,195.47,195.47
Precio Hecho,2025-05-13,Maiz,2025-05-13,181.315,181.315
Precio Hecho,2025-05-13,Maiz,2025-05-13,181.315,181.315
Precio Hecho,2025-05-13,Maiz,2025-05-13,181.315,181.315
Precio a Fijar,2024-09-25,Trigo,2024-12-31,201.24,
Precio a Fijar,2024-12-11,Maiz,2025-04-14,181.82,191.99
Precio Hecho,2025-05-13,Maiz,2025-05-13,181.315,181.315
Precio Hecho,2025-05-12,Soja,2025-06-11,275.315,274.3333333333333
Precio Hecho,2025-05-13,Maiz,2025-05-13,181.315,181.315
Precio Hecho,2025-05-13,Soja,2025-05-13,272.245,272.245
Precio a Fijar,2024-08-15,Maiz,2025-05-31,171.71,
Precio Hecho,2025-05-13,Soja,2025-05-13,272.245,272.245
Precio Hecho,2025-05-13,Soja,2025-05-13,272.245,272.245
Precio Hecho,2025-05-13,Soja,2025-05-13,272.245,272.245
Precio a Fijar,2024-08-15,Maiz,2025-05-31,171.71,
Precio Hecho,2025-05-13,Maiz,2025-05-13,181.315,181.315
Precio Hecho,2025-05-12,Soja,2025-06-11,275.315,274.3333333333333
Precio Hecho,2025-05-12,Soja,2025-06-11,275.315,274.3333333333333
Precio a Fijar,2025-01-20,Soja,2025-04-30,277.11,251.94
Precio Hecho,2025-05-13,Maiz,2025-05-13,181.315,181.315
Precio Hecho,2025-05-13,Maiz,2025-05-13,181.315,181.315
Precio Hecho,2025-05-13,Maiz,2025-05-13,181.315,181.315
Precio Hecho,2025-05-13,Maiz,2025-05-13,181.315,181.315
Precio Hecho,2025-05-13,Maiz,2025-05-13,181.315,181.315
Precio Hecho,2025-05-13,Maiz,2025-05-13,181.315,181.315
Precio Hecho,2025-05-13,Maiz,2025-05-13,181.315,181.315
Precio Hecho,2025-05-13,Maiz,2025-05-13,181.315,181.315
Precio a Fijar,2025-04-07,Maiz,2025-05-15,204.46,183.48000000000002
Precio a Fijar,2025-01-06,Maiz,2025-04-30,185.32,194.185
Precio a Fijar,2025-01-07,Maiz,2025-05-31,1029.44,
Precio Hecho,2025-05-13,Maiz,2025-05-13,181.315,181.315
Precio Hecho,2025-05-13,Soja,2025-05-13,272.245,272.245
Precio Hecho,2025-05-13,Soja,2025-05-13,272.245,272.245
Precio Hecho,2025-05-13,Soja,2025-05-13,272.245,272.245
Precio Hecho,2025-05-12,Maiz,2025-06-11,181.32333333333335,173.77
Precio Hecho,2025-05-13,Maiz,2025-05-13,181.315,181.315
Precio Hecho,2025-05-12,Trigo,2025-06-11,197.1833333333333,198.32333333333335
Precio a Fijar,2024-10-31,Trigo,2024-12-31,196.98,
Precio a Fijar,2025-04-08,Soja,2025-05-08,297.33,268.56
Precio a Fijar,2025-05-13,Soja,2025-06-30,272.245,269.66999999999996
Precio a Fijar,2025-05-13,Soja,2025-06-11,272.245,274.3333333333333
Precio a Fijar,2025-05-12,Soja,2025-06-11,275.315,274.3333333333333
Precio a Fijar,2025-05-12,Soja,2025-06-11,275.315,274.3333333333333
Precio a Fijar,2025-05-12,Soja,2025-06-11,275.315,274.3333333333333
Precio a Fijar,2025-05-09,Soja,2025-06-08,272.855,
Precio a Fijar,2025-05-07,Soja,2025-06-06,268.21000000000004,268.9733333333333
Precio a Fijar,2025-05-06,Soja,2025-06-05,264.45,
Precio a Fijar,2025-05-06,Soja,2025-06-05,264.45,
Precio a Fijar,2025-04-29,Soja,2025-05-28,259.605,267.24
Precio a Fijar,2025-04-28,Soja,2025-05-31,285.395,
Precio a Fijar,2025-04-11,Soja,2025-05-31,306.12,
Precio a Fijar,2025-04-11,Soja,2025-05-11,306.12,
Precio a Fijar,2025-04-07,Soja,2025-04-30,288.1,251.94
Precio a Fijar,2025-03-06,Soja,2025-05-31,309.07,
Precio a Fijar,2025-01-03,Soja,2025-05-31,275.23,
Precio a Fijar,2024-12-30,Maiz,2025-04-30,185.08,194.185
Precio a Fijar,2024-12-30,Maiz,2025-04-15,185.08,197.92
Precio a Fijar,2024-12-27,Maiz,2025-03-31,185.17,202.515
Precio a Fijar,2024-12-27,Maiz,2025-03-31,185.17,202.515
Precio a Fijar,2024-12-19,Soja,2025-05-31,273.7,
Precio a Fijar,2024-12-19,Soja,2025-05-31,273.7,
Precio a Fijar,2024-12-17,Soja,2025-01-31,279.0,299.0
Precio a Fijar,2024-12-04,Soja,2025-05-31,291.21,
Precio a Fijar,2024-10-15,Soja,2025-05-31,,
Precio a Fijar,2024-09-18,Girasol,2025-04-30,338.94,297.69
Precio a Fijar,2024-07-26,Soja,2024-08-25,305.96,
Precio a Fijar,2024-05-20,Soja,2024-06-19,311.76,306.7033333333333
Precio a Fijar,2025-03-06,Maiz,2025-04-06,199.15,
Precio a Fijar,2025-03-06,Maiz,2025-04-06,199.15,
Precio Hecho,2025-05-07,Trigo,2025-05-28,195.93,198.28
Precio Hecho,2025-05-13,CEBADA CERV.,2025-06-30,,
Precio a Fijar,2025-02-17,Soja,2025-04-30,311.54,251.94
Precio a Fijar,2025-05-13,Soja,2025-05-31,272.245,
Precio Hecho,2025-05-13,CEBADA FORR.,2025-05-31,,
Precio Hecho,2025-05-13,Soja,2025-05-20,272.245,274.21
Precio Hecho,2025-05-13,Soja,2025-05-20,272.245,274.21
Precio Hecho,2025-05-13,Trigo,2025-06-12,195.47,197.6825
Precio a Fijar,2024-12-31,CEBADA CERV.,2025-11-30,,
Precio a Fijar,2024-11-11,CEBADA CERV.,2025-11-30,,
Precio a Fijar,2024-08-13,CEBADA CERV.,2025-07-31,,
Precio a Fijar,2025-05-08,Soja,2025-05-08,268.56,268.56
Precio a Fijar,2025-05-13,Soja,2025-05-31,272.245,
Precio a Fijar,2025-05-08,Soja,2025-05-08,268.56,268.56
Precio a Fijar,2025-05-13,Soja,2025-06-11,272.245,274.3333333333333
Precio a Fijar,2025-05-13,Soja,2025-06-11,272.245,274.3333333333333
Precio a Fijar,2025-05-13,Soja,2025-06-11,272.245,274.3333333333333
Precio a Fijar,2025-05-08,Soja,2025-05-08,268.56,268.56
Precio a Fijar,2024-11-11,CEBADA CERV.,2025-11-30,,
Precio a Fijar,2025-01-14,CEBADA CERV.,2025-11-30,,
Precio a Fijar,2025-05-08,Soja,2025-05-08,268.56,268.56
Precio a Fijar,2024-11-28,Maiz,2025-07-31,180.70666666666668,
Precio Hecho,2025-05-09,Trigo,2025-06-08,194.45,
Precio Hecho,2025-05-08,Maiz,2025-05-09,183.12,180.39499999999998
Precio Hecho,2025-05-13,Soja,2025-05-13,272.245,272.245
Precio Hecho,2025-05-13,Soja,2025-06-12,272.245,273.08000000000004
Precio Hecho,2025-05-13,Trigo,2025-05-14,195.47,197.88
Precio Hecho,2025-05-13,Soja,2025-05-13,272.245,272.245
Precio Hecho,2025-05-13,Soja,2025-05-14,272.245,271.12
Precio Hecho,2025-05-13,Soja,2025-05-14,272.245,271.12
Precio Hecho,2025-05-13,Soja,2025-05-14,272.245,271.12
Precio a Fijar,2025-05-08,Soja,2025-05-08,268.56,268.56
Precio Hecho,2025-05-13,Soja,2025-05-14,272.245,271.12
Precio a Fijar,2025-05-08,Soja,2025-05-08,268.56,268.56
Precio Hecho,2025-05-13,Soja,2025-05-14,272.245,271.12
Precio a Fijar,2025-05-08,Soja,2025-05-08,268.56,268.56
Precio Hecho,2025-05-13,Soja,2025-05-14,272.245,271.12
Precio a Fijar,2025-05-08,Soja,2025-05-08,268.56,268.56
Precio a Fijar,2025-05-08,Soja,2025-05-08,268.56,268.56
Precio Hecho,2025-05-13,Trigo,2025-05-14,195.47,197.88
Precio a Fijar,2025-05-12,Soja,2025-06-05,275.315,
Precio Hecho,2025-05-12,Soja,2025-06-11,275.315,274.3333333333333
Precio a Fijar,2025-05-08,Soja,2025-06-07,268.56,
Precio a Fijar,2025-05-12,Soja,2025-06-11,275.315,274.3333333333333
Precio Hecho,2025-05-13,Trigo,2025-05-14,195.47,197.88
Precio a Fijar,2025-05-12,Soja,2025-06-11,275.315,274.3333333333333
Precio a Fijar,2025-05-12,Girasol,2025-06-11,299.4066666666667,
Precio a Fijar,2025-05-12,Soja,2025-06-11,275.315,274.3333333333333
Precio a Fijar,2025-05-12,Soja,2025-06-11,275.315,274.3333333333333
Precio a Fijar,2025-05-12,Maiz,2025-05-31,181.32333333333335,
Precio a Fijar,2025-05-12,Soja,2025-06-11,275.315,274.3333333333333
Precio a Fijar,2025-05-12,Soja,2025-06-11,275.315,274.3333333333333
Precio a Fijar,2025-05-07,Soja,2025-06-05,268.21000000000004,
Precio a Fijar,2025-05-12,Maiz,2025-05-31,181.32333333333335,
Precio a Fijar,2025-05-12,Soja,2025-06-11,275.315,274.3333333333333
Precio Hecho,2025-05-13,Soja,2025-05-13,272.245,272.245
Precio Hecho,2025-05-12,Maiz,2025-06-12,181.32333333333335,171.79333333333332
Precio Hecho,2025-05-12,Trigo,2025-05-31,197.1833333333333,
Precio Hecho,2025-05-12,Trigo,2025-05-31,197.1833333333333,
Precio Hecho,2025-05-05,Maiz,2025-05-13,186.375,181.315
Precio Hecho,2025-05-05,Maiz,2025-05-12,186.375,181.32333333333335
Precio a Fijar,2025-05-12,Soja,2025-06-12,275.315,273.08000000000004
Precio a Fijar,2025-05-12,Soja,2025-06-12,275.315,273.08000000000004
Precio a Fijar,2025-05-12,Soja,2025-06-12,275.315,273.08000000000004
Precio a Fijar,2025-05-12,Soja,2025-06-12,275.315,273.08000000000004
Precio a Fijar,2025-05-12,Soja,2025-06-12,275.315,273.08000000000004
Precio a Fijar,2025-05-12,Soja,2025-06-12,275.315,273.08000000000004
Precio a Fijar,2025-05-12,Soja,2025-06-12,275.315,273.08000000000004
Precio a Fijar,2025-05-12,Soja,2025-06-12,275.315,273.08000000000004
Precio a Fijar,2025-05-12,Soja,2025-06-12,275.315,273.08000000000004
Precio a Fijar,2025-05-12,Soja,2025-06-12,275.315,273.08000000000004
Precio a Fijar,2025-05-12,Soja,2025-06-12,275.315,273.08000000000004
Precio a Fijar,2025-05-12,Soja,2025-06-12,275.315,273.08000000000004
Precio a Fijar,2025-05-12,Soja,2025-06-12,275.315,273.08000000000004
Precio a Fijar,2025-05-12,Soja,2025-06-12,275.315,273.08000000000004
Precio a Fijar,2025-05-12,Soja,2025-06-12,275.315,273.08000000000004
Precio Hecho,2025-05-13,Maiz,2025-05-13,181.315,181.315
Precio Hecho,2025-05-13,Trigo,2025-05-13,195.47,195.47
Precio a Fijar,2024-09-03,Soja,2024-10-03,304.14,
Precio a Fijar,2024-09-03,Soja,2024-10-03,304.14,
Precio a Fijar,2024-09-03,Soja,2024-10-03,304.14,
Precio a Fijar,2024-10-07,Soja,2024-11-07,312.66,311.56
Precio a Fijar,2024-11-28,Soja,2024-12-28,290.39,
Precio a Fijar,2025-05-12,Soja,2025-06-12,275.315,273.08000000000004
Precio a Fijar,2025-05-12,Soja,2025-06-12,275.315,273.08000000000004
Precio a Fijar,2025-05-12,Soja,2025-06-12,275.315,273.08000000000004
Precio a Fijar,2025-05-12,Soja,2025-06-12,275.315,273.08000000000004
Precio a Fijar,2025-05-12,Soja,2025-06-12,275.315,273.08000000000004
Precio a Fijar,2025-05-12,Soja,2025-06-12,275.315,273.08000000000004
Precio a Fijar,2025-05-12,Soja,2025-06-12,275.315,273.08000000000004
Precio a Fijar,2025-05-12,Soja,2025-06-12,275.315,273.08000000000004
Precio a Fijar,2025-05-12,Soja,2025-06-12,275.315,273.08000000000004
Precio a Fijar,2025-05-12,Soja,2025-06-12,275.315,273.08000000000004
Precio a Fijar,2025-05-12,Soja,2025-06-12,275.315,273.08000000000004
Precio a Fijar,2025-05-12,Soja,2025-06-12,275.315,273.08000000000004
Precio a Fijar,2025-05-12,Soja,2025-06-12,275.315,273.08000000000004
Precio a Fijar,2025-05-12,Soja,2025-06-12,275.315,273.08000000000004
Precio a Fijar,2025-05-12,Soja,2025-06-12,275.315,273.08000000000004
Precio a Fijar,2025-05-12,Soja,2025-06-12,275.315,273.08000000000004
Precio a Fijar,2025-05-12,Soja,2025-06-12,275.315,273.08000000000004
Precio a Fijar,2025-05-12,Soja,2025-05-30,275.315,269.36
Precio a Fijar,2025-05-12,Maiz,2025-06-11,181.32333333333335,173.77
Precio a Fijar,2025-05-12,Soja,2025-06-11,275.315,274.3333333333333
Precio a Fijar,2024-03-13,Soja,2025-01-31,,299.0
Precio a Fijar,2024-12-26,Soja,2025-04-15,277.8,275.0
Precio a Fijar,2024-12-09,Soja,2025-05-15,290.31,269.255
Precio a Fijar,2024-10-08,Soja,2025-03-15,317.79,
Precio a Fijar,2024-10-08,Soja,2025-04-30,317.79,251.94
Precio a Fijar,2025-05-12,Soja,2025-06-12,275.315,273.08000000000004
Precio a Fijar,2025-05-12,Soja,2025-06-12,275.315,273.08000000000004
Precio a Fijar,2025-05-12,Soja,2025-06-12,275.315,273.08000000000004
Precio a Fijar,2025-05-12,Soja,2025-06-12,275.315,273.08000000000004
Precio a Fijar,2025-05-12,Soja,2025-06-12,275.315,273.08000000000004
Precio a Fijar,2025-05-12,Soja,2025-06-12,275.315,273.08000000000004
Precio a Fijar,2025-05-12,Soja,2025-06-12,275.315,273.08000000000004
Precio a Fijar,2025-05-12,Soja,2025-06-12,275.315,273.08000000000004
Precio a Fijar,2025-05-12,Soja,2025-05-31,275.315,
Precio a Fijar,2025-05-12,Soja,2025-05-31,275.315,
Precio a Fijar,2025-05-12,Soja,2025-05-31,275.315,
Precio a Fijar,2025-05-12,Soja,2025-05-31,275.315,
Precio a Fijar,2025-05-12,Soja,2025-05-31,275.315,
Precio a Fijar,2025-05-12,Soja,2025-05-31,275.315,
Precio a Fijar,2025-05-12,Soja,2025-05-31,275.315,
Precio Hecho,2025-05-12,Maiz,2025-05-15,181.32333333333335,183.48000000000002
Precio Hecho,2025-05-12,Soja,2025-05-12,275.315,275.315
Precio a Fijar,2025-05-12,Soja,2025-05-31,275.315,
Precio a Fijar,2025-05-12,Soja,2025-05-31,275.315,
Precio a Fijar,2025-05-12,Soja,2025-06-12,275.315,273.08000000000004
Precio a Fijar,2025-05-12,Soja,2025-05-31,275.315,
Precio a Fijar,2025-05-12,Soja,2025-05-31,275.315,
Precio a Fijar,2025-05-12,Soja,2025-05-31,275.315,
Precio a Fijar,2025-05-12,Soja,2025-05-31,275.315,
Precio a Fijar,2025-05-12,Soja,2025-05-31,275.315,
Precio a Fijar,2025-05-12,Soja,2025-05-31,275.315,
Precio a Fijar,2024-12-10,Soja,2025-04-30,292.04,251.94
Precio Hecho,2025-05-05,Soja,2025-05-08,257.5,268.56
Precio Hecho,2025-05-05,Soja,2025-05-08,257.5,268.56
Precio Hecho,2025-05-12,Soja,2025-05-22,275.315,274.77
Precio Hecho,2025-05-12,Soja,2025-05-22,275.315,274.77
Precio a Fijar,2025-05-12,Soja,2025-06-11,275.315,274.3333333333333
Precio a Fijar,2025-05-12,Soja,2025-06-12,275.315,273.08000000000004
Precio a Fijar,2025-05-12,Soja,2025-06-11,275.315,274.3333333333333
Precio a Fijar,2025-05-12,Soja,2025-06-12,275.315,273.08000000000004
Precio a Fijar,2024-10-07,Soja,2025-05-31,312.66,
Precio a Fijar,2025-05-12,Soja,2025-05-31,275.315,
Precio Hecho,2025-05-12,ACEITE SOJA,2025-06-11,,
Precio Hecho,2025-05-12,Maiz,2025-06-11,181.32333333333335,173.77
Precio Hecho,2025-05-12,Soja,2025-06-11,275.315,274.3333333333333
Precio Hecho,2025-05-12,Soja,2025-09-30,275.315,346.1366666666666
Precio a Fijar,2025-05-12,Trigo,2026-01-14,197.1833333333333,
Precio a Fijar,2025-01-17,Maiz,2025-02-10,196.04,208.23
Precio a Fijar,2024-09-03,Maiz,2025-03-31,177.24333333333334,202.515
Precio a Fijar,2024-09-04,Trigo,2024-12-31,238.345,
Precio a Fijar,2024-09-03,Soja,2024-10-03,304.14,
Precio Hecho,2025-05-12,ACEITE SOJA,2025-06-12,,
Precio a Fijar,2025-05-09,Maiz,2025-07-31,180.39499999999998,
Precio a Fijar,2025-05-09,Maiz,2025-07-31,180.39499999999998,
Precio Hecho,2025-05-12,Soja,2025-06-12,275.315,273.08000000000004
Precio a Fijar,2025-05-12,Trigo,2026-02-28,197.1833333333333,
Precio a Fijar,2025-05-12,Maiz,2025-08-31,181.32333333333335,
Precio a Fijar,2025-05-12,Maiz,2025-07-31,181.32333333333335,
Precio a Fijar,2025-05-12,Maiz,2025-07-31,181.32333333333335,
Precio a Fijar,2025-05-12,Maiz,2025-07-31,181.32333333333335,
Precio a Fijar,2025-05-12,Maiz,2025-08-31,181.32333333333335,
Precio a Fijar,2025-05-12,Maiz,2025-08-31,181.32333333333335,
Precio a Fijar,2025-05-12,Maiz,2025-08-31,181.32333333333335,
Precio a Fijar,2025-05-12,Maiz,2025-08-31,181.32333333333335,
Precio a Fijar,2025-05-12,Maiz,2025-08-31,181.32333333333335,
Precio a Fijar,2025-05-12,Maiz,2025-08-31,181.32333333333335,
Precio a Fijar,2025-05-12,Maiz,2025-08-31,181.32333333333335,
Precio a Fijar,2025-05-12,Maiz,2025-08-31,181.32333333333335,
Precio a Fijar,2025-05-12,Maiz,2025-08-31,181.32333333333335,
Precio a Fijar,2025-05-12,Maiz,2025-08-31,181.32333333333335,
Precio a Fijar,2025-05-12,Maiz,2025-08-31,181.32333333333335,
Precio a Fijar,2025-05-12,Maiz,2025-08-31,181.32333333333335,
Precio a Fijar,2025-05-12,Maiz,2025-08-31,181.32333333333335,
Precio a Fijar,2025-05-12,Maiz,2025-08-31,181.32333333333335,
Precio a Fijar,2025-05-12,Maiz,2025-08-31,181.32333333333335,
Precio a Fijar,2025-05-12,Maiz,2025-08-31,181.32333333333335,
Precio a Fijar,2025-05-12,Maiz,2025-08-31,181.32333333333335,
Precio a Fijar,2025-05-12,Maiz,2026-07-31,181.32333333333335,
Precio a Fijar,2025-05-12,Trigo,2025-06-11,197.1833333333333,198.32333333333335
Precio Hecho,2025-05-12,Sorgo,2025-05-12,177.56,177.56
Precio a Fijar,2025-05-12,Soja,2025-05-17,275.315,
Precio a Fijar,2025-04-16,Soja,2025-05-31,279.74,
Precio a Fijar,2025-05-12,Soja,2025-05-31,275.315,
Precio a Fijar,2025-05-12,Soja,2025-06-12,275.315,273.08000000000004
Precio a Fijar,2025-05-12,Soja,2025-06-11,275.315,274.3333333333333
Precio a Fijar,2025-05-12,Soja,2025-06-12,275.315,273.08000000000004
Precio a Fijar,2025-05-12,Soja,2025-06-11,275.315,274.3333333333333
Precio a Fijar,2025-05-12,Soja,2025-05-16,275.315,270.32
Precio Hecho,2025-05-12,Soja,2025-05-17,275.315,
Precio a Fijar,2024-10-04,Maiz,2025-07-31,185.22,
Precio a Fijar,2025-05-12,Soja,2025-05-16,275.315,270.32
Precio a Fijar,2025-05-12,Soja,2025-05-16,275.315,270.32
Precio a Fijar,2025-05-12,Soja,2025-05-16,275.315,270.32
Precio a Fijar,2025-05-12,Soja,2025-06-30,275.315,269.66999999999996
Precio a Fijar,2025-05-12,Soja,2025-06-30,275.315,269.66999999999996
Precio Hecho,2025-05-12,Soja,2025-06-11,275.315,274.3333333333333
Precio Hecho,2025-05-12,Trigo,2025-06-11,197.1833333333333,198.32333333333335
Precio Hecho,2025-05-12,Soja,2025-05-12,275.315,275.315
Precio Hecho,2025-05-12,Soja,2025-05-12,275.315,275.315
Precio Hecho,2025-05-12,Soja,2025-05-12,275.315,275.315
Precio a Fijar,2025-05-12,Soja,2025-06-23,275.315,272.84
Precio a Fijar,2025-05-12,Soja,2025-05-31,275.315,
Precio a Fijar,2025-05-12,Soja,2025-06-12,275.315,273.08000000000004
Precio a Fijar,2025-05-12,Soja,2025-06-23,275.315,272.84
Precio a Fijar,2025-05-12,Soja,2025-06-12,275.315,273.08000000000004
Precio a Fijar,2025-05-12,Soja,2025-06-12,275.315,273.08000000000004
Precio a Fijar,2025-05-12,Soja,2025-06-12,275.315,273.08000000000004
Precio a Fijar,2025-05-12,Soja,2025-06-12,275.315,273.08000000000004
Precio a Fijar,2025-05-06,Soja,2025-05-31,264.45,
Precio a Fijar,2025-03-25,Soja,2025-05-31,308.37,
Precio a Fijar,2025-05-12,Soja,2025-05-31,275.315,
Precio Hecho,2025-05-12,Soja,2025-05-12,275.315,275.315
Precio Hecho,2025-05-12,Soja,2025-05-12,275.315,275.315
Precio Hecho,2025-05-12,Soja,2025-06-12,275.315,273.08000000000004
Precio a Fijar,2025-05-12,Soja,2025-06-11,275.315,274.3333333333333
Precio a Fijar,2025-05-12,Soja,2025-06-11,275.315,274.3333333333333
Precio a Fijar,2025-05-12,Soja,2025-06-11,275.315,274.3333333333333
Precio a Fijar,2025-05-12,Soja,2025-06-11,275.315,274.3333333333333
Precio a Fijar,2025-05-12,Soja,2025-06-11,275.315,274.3333333333333
Precio Hecho,2025-05-12,Trigo,2025-06-11,197.1833333333333,198.32333333333335
Precio Hecho,2025-04-29,Soja,2025-04-29,259.605,259.605
Precio Hecho,2025-05-12,Trigo,2025-05-12,197.1833333333333,197.1833333333333
Precio Hecho,2025-05-12,Soja,2025-05-12,275.315,275.315
Precio a Fijar,2025-05-12,Soja,2025-06-30,275.315,269.66999999999996
Precio Hecho,2025-05-09,Soja,2025-06-08,272.855,
Precio Hecho,2025-05-12,Soja,2025-05-23,275.315,269.57
Precio a Fijar,2025-05-12,Soja,2025-06-30,275.315,269.66999999999996
Precio Hecho,2025-05-09,Maiz,2025-06-08,180.39499999999998,
Precio Hecho,2025-05-12,Maiz,2025-06-11,181.32333333333335,173.77
Precio Hecho,2025-05-12,Maiz,2025-05-12,181.32333333333335,181.32333333333335
Precio a Fijar,2024-10-31,Maiz,2025-08-31,179.64333333333332,
Precio a Fijar,2025-05-08,Maiz,2025-09-01,183.12,172.5533333333333
Precio Hecho,2025-05-12,Maiz,2025-05-12,181.32333333333335,181.32333333333335
Precio Hecho,2025-05-12,Trigo,2025-05-19,197.1833333333333,197.2
Precio a Fijar,2025-04-14,Soja,2025-12-31,275.46,
Precio Hecho,2025-05-12,Trigo,2025-05-19,197.1833333333333,197.2
Precio Hecho,2025-05-12,Trigo,2025-05-12,197.1833333333333,197.1833333333333
Precio a Fijar,2025-05-12,Soja,2025-06-23,275.315,272.84
Precio a Fijar,2025-05-12,Soja,2025-05-31,275.315,
Precio a Fijar,2025-05-12,Soja,2025-06-12,275.315,273.08000000000004
Precio a Fijar,2025-05-12,Soja,2025-06-23,275.315,272.84
Precio a Fijar,2025-05-12,Soja,2025-06-12,275.315,273.08000000000004
Precio a Fijar,2025-05-12,Soja,2025-06-12,275.315,273.08000000000004
Precio a Fijar,2025-05-12,Soja,2025-06-12,275.315,273.08000000000004
Precio a Fijar,2025-05-12,Soja,2025-06-12,275.315,273.08000000000004
Precio a Fijar,2024-11-05,Maiz,2025-08-31,,
Precio Hecho,2025-05-12,Maiz,2025-06-11,181.32333333333335,173.77
Precio Hecho,2025-05-12,Trigo,2025-06-01,197.1833333333333,
Precio a Fijar,2025-05-03,Maiz,2025-05-07,,186.27666666666667
Precio a Fijar,2024-12-23,Maiz,2025-04-30,180.845,194.185
Precio a Fijar,2025-01-07,Trigo,2025-02-07,185.6925,208.905
Precio Hecho,2025-05-12,Soja,2025-05-12,275.315,275.315
Precio Hecho,2025-05-12,Soja,2025-05-16,275.315,270.32
Precio Hecho,2025-05-12,Soja,2025-05-16,275.315,270.32
Precio a Fijar,2025-05-09,Girasol,2025-06-08,300.13,
Precio a Fijar,2025-05-09,Girasol,2025-06-08,300.13,
Precio a Fijar,2024-05-22,Soja,2024-06-22,317.875,
Precio Hecho,2025-05-12,Maiz,2025-05-12,181.32333333333335,181.32333333333335
Precio Hecho,2025-05-12,Soja,2025-05-12,275.315,275.315
Precio a Fijar,2025-04-23,Soja,2026-03-31,,
Precio Hecho,2025-05-12,Trigo,2025-06-11,197.1833333333333,198.32333333333335
Precio a Fijar,2024-11-28,Trigo,2024-12-28,185.37,
Precio Hecho,2025-05-12,Maiz,2025-05-12,181.32333333333335,181.32333333333335
Precio Hecho,2025-05-12,Maiz,2025-06-12,181.32333333333335,171.79333333333332
Precio a Fijar,2025-04-23,Soja,2026-03-31,,
Precio Hecho,2025-05-12,Maiz,2025-06-12,181.32333333333335,171.79333333333332
Precio a Fijar,2025-04-23,Soja,2026-03-31,,
Precio Hecho,2025-05-12,Trigo,2025-05-13,197.1833333333333,195.47
Precio a Fijar,2025-04-23,Soja,2026-03-31,,
Precio Hecho,2025-05-12,Maiz,2025-06-12,181.32333333333335,171.79333333333332
Precio a Fijar,2025-04-23,Soja,2026-03-31,,
Precio a Fijar,2025-04-23,Soja,2025-04-30,,251.94
Precio a Fijar,2025-05-12,Soja,2025-06-12,275.315,273.08000000000004
Precio a Fijar,2025-05-12,Soja,2025-06-12,275.315,273.08000000000004
Precio a Fijar,2025-04-21,Soja,2025-07-31,273.08,
Precio Hecho,2025-05-05,Soja,2025-05-05,257.5,257.5
Precio Hecho,2025-04-28,Soja,2025-04-30,285.395,251.94
Precio Hecho,2025-04-24,Soja,2025-04-30,268.31,251.94
Precio a Fijar,2025-01-30,Soja,2025-05-15,299.43,269.255
Precio a Fijar,2025-04-23,Soja,2026-03-31,,
Precio Hecho,2025-05-12,Soja,2025-05-13,275.315,272.245
Precio Hecho,2025-05-12,Soja,2025-05-13,275.315,272.245
Precio Hecho,2025-05-12,Maiz,2025-06-11,181.32333333333335,173.77
Precio Hecho,2025-05-09,Trigo,2025-12-31,194.45,
Precio Hecho,2025-05-12,Soja,2025-05-13,275.315,272.245
Precio Hecho,2025-05-12,Trigo,2025-05-13,197.1833333333333,195.47
Precio Hecho,2025-05-12,Trigo,2025-05-19,197.1833333333333,197.2
Precio Hecho,2025-05-12,Soja,2025-06-11,275.315,274.3333333333333
Precio Hecho,2025-05-12,Soja,2025-05-13,275.315,272.245
Precio Hecho,2025-05-12,Soja,2025-05-12,275.315,275.315
Precio a Fijar,2025-05-12,Soja,2025-06-12,275.315,273.08000000000004
Precio a Fijar,2025-05-12,Soja,2025-06-12,275.315,273.08000000000004
Precio a Fijar,2025-05-12,Soja,2025-05-31,275.315,
Precio a Fijar,2025-05-12,Soja,2025-06-12,275.315,273.08000000000004
Precio a Fijar,2025-05-12,Soja,2025-06-12,275.315,273.08000000000004
Precio a Fijar,2025-05-12,Soja,2025-06-12,275.315,273.08000000000004
Precio Hecho,2025-05-12,ACEITE SOJA,2025-05-12,,
Precio a Fijar,2025-05-12,Soja,2025-06-12,275.315,273.08000000000004
Precio Hecho,2025-04-28,Maiz,2025-05-28,197.285,181.03
Precio Hecho,2025-05-12,Soja,2025-05-12,275.315,275.315
Precio Hecho,2025-05-12,Trigo,2025-05-12,197.1833333333333,197.1833333333333
Precio Hecho,2025-05-12,Soja,2025-05-12,275.315,275.315
Precio Hecho,2025-05-12,Soja,2025-05-12,275.315,275.315
Precio a Fijar,2025-05-12,Soja,2025-06-11,275.315,274.3333333333333
Precio a Fijar,2025-05-12,Soja,2025-06-11,275.315,274.3333333333333
Precio Hecho,2025-05-12,Soja,2025-05-12,275.315,275.315
Precio a Fijar,2025-05-12,Soja,2025-06-11,275.315,274.3333333333333
Precio a Fijar,2025-05-12,Soja,2025-06-11,275.315,274.3333333333333
Precio a Fijar,2025-05-12,Maiz,2025-05-25,181.32333333333335,
Precio Hecho,2025-05-12,Soja,2025-05-12,275.315,275.315
Precio Hecho,2025-05-12,Maiz,2025-06-11,181.32333333333335,173.77
Precio Hecho,2025-05-12,Soja,2025-05-12,275.315,275.315
Precio Hecho,2025-05-09,Girasol,2025-06-08,300.13,
Precio Hecho,2025-05-12,Maiz,2025-06-11,181.32333333333335,173.77
Precio Hecho,2025-05-12,Soja,2025-06-12,275.315,273.08000000000004
Precio Hecho,2025-05-12,Soja,2025-06-12,275.315,273.08000000000004
Precio Hecho,2025-05-12,Soja,2025-06-12,275.315,273.08000000000004
Precio Hecho,2025-05-12,Soja,2025-06-12,275.315,273.08000000000004
Precio Hecho,2025-05-12,Soja,2025-06-12,275.315,273.08000000000004
Precio Hecho,2025-05-12,Soja,2025-06-12,275.315,273.08000000000004
Precio Hecho,2025-05-12,Trigo,2025-06-20,197.1833333333333,
Precio Hecho,2025-05-08,Soja,2025-06-08,268.56,
Precio Hecho,2025-05-08,Soja,2025-06-08,268.56,
Precio a Fijar,2025-05-12,Soja,2025-05-17,275.315,
Precio Hecho,2025-05-08,Soja,2025-06-08,268.56,
Precio Hecho,2025-05-08,Soja,2025-06-08,268.56,
Precio a Fijar,2025-05-12,Soja,2025-06-12,275.315,273.08000000000004
Precio a Fijar,2025-05-12,Soja,2025-06-12,275.315,273.08000000000004
Precio a Fijar,2025-05-12,Soja,2025-06-12,275.315,273.08000000000004
Precio a Fijar,2025-05-12,Soja,2025-05-31,275.315,
Precio Hecho,2025-05-07,Soja,2025-06-07,268.21000000000004,
Precio Hecho,2025-05-12,Trigo,2025-05-13,197.1833333333333,195.47
Precio Hecho,2025-05-06,Soja,2025-06-06,264.45,268.9733333333333
Precio Hecho,2025-05-06,Soja,2025-06-06,264.45,268.9733333333333
Precio Hecho,2025-05-06,Soja,2025-06-06,264.45,268.9733333333333
Precio a Fijar,2025-05-12,Soja,2025-05-16,275.315,270.32
Precio a Fijar,2025-05-12,Soja,2025-05-16,275.315,270.32
Precio Hecho,2025-05-12,Soja,2025-06-11,275.315,274.3333333333333
Precio Hecho,2025-05-06,Soja,2025-06-06,264.45,268.9733333333333
Precio a Fijar,2025-05-09,Maiz,2025-05-30,180.39499999999998,175.93
Precio a Fijar,2025-05-12,Soja,2025-05-16,275.315,270.32
Precio a Fijar,2025-05-12,Soja,2025-05-17,275.315,
Precio Hecho,2025-05-12,Trigo,2025-05-30,197.1833333333333,198.48
Precio Hecho,2025-05-12,Maiz,2025-05-13,181.32333333333335,181.315
Precio Hecho,2025-05-12,Trigo,2025-06-12,197.1833333333333,197.6825
Precio Hecho,2025-05-09,Soja,2025-05-09,272.855,272.855
Precio Hecho,2025-05-12,Maiz,2025-05-30,181.32333333333335,175.93
Precio Hecho,2025-05-12,Maiz,2025-05-30,181.32333333333335,175.93
Precio a Fijar,2025-05-09,Trigo,2025-06-08,194.45,
Precio a Fijar,2025-05-12,Soja,2025-08-15,275.315,297.92
Precio a Fijar,2025-05-12,Soja,2025-06-12,275.315,273.08000000000004
Precio Hecho,2025-05-12,Trigo,2025-05-12,197.1833333333333,197.1833333333333
Precio a Fijar,2024-09-23,Trigo,2025-03-01,215.67,
Precio a Fijar,2025-03-20,Trigo,2025-03-31,219.695,218.81
Precio a Fijar,2022-12-07,Trigo,2023-12-22,,
Precio Hecho,2025-05-12,Trigo,2025-06-11,197.1833333333333,198.32333333333335
Precio a Fijar,2025-05-12,Soja,2025-06-12,275.315,273.08000000000004
Precio a Fijar,2025-05-12,Soja,2025-06-12,275.315,273.08000000000004
Precio Hecho,2025-05-12,Trigo,2025-05-19,197.1833333333333,197.2
Precio a Fijar,2025-05-12,Soja,2025-06-12,275.315,273.08000000000004
Precio Hecho,2025-05-12,Soja,2025-06-11,275.315,274.3333333333333
Precio a Fijar,2025-05-09,Maiz,2025-06-09,180.39499999999998,171.45499999999998
Precio a Fijar,2025-05-09,Maiz,2025-06-09,180.39499999999998,171.45499999999998
Precio a Fijar,2025-05-09,Maiz,2025-06-09,180.39499999999998,171.45499999999998
Precio a Fijar,2025-02-20,Trigo,2025-03-31,210.505,218.81
Precio a Fijar,2025-01-28,Maiz,2025-03-31,204.57,202.515
Precio a Fijar,2024-12-16,Maiz,2025-01-31,177.67,211.68
Precio a Fijar,2024-08-29,Maiz,2024-09-29,174.85,
Precio a Fijar,2025-05-12,Soja,2025-06-11,275.315,274.3333333333333
Precio Hecho,2025-05-12,Soja,2025-06-11,275.315,274.3333333333333
Precio Hecho,2025-05-12,Soja,2025-05-12,275.315,275.315
Precio Hecho,2025-05-12,Soja,2025-05-12,275.315,275.315
Precio a Fijar,2025-02-22,Soja,2025-04-30,,251.94
Precio a Fijar,2025-02-22,Soja,2025-04-30,,251.94
Precio a Fijar,2025-01-30,Trigo,2025-02-28,200.26,
Precio a Fijar,2025-01-30,Trigo,2025-02-28,200.26,
Precio Hecho,2025-05-12,Trigo,2025-06-12,197.1833333333333,197.6825
Precio Hecho,2025-05-09,ACEITE SOJA,2025-05-29,,
Precio Hecho,2025-05-09,ACEITE SOJA,2025-05-30,,
Precio a Fijar,2024-05-10,Soja,2024-06-10,160.10999999999999,315.96500000000003
Precio a Fijar,2025-05-12,Soja,2025-06-12,275.315,273.08000000000004
Precio a Fijar,2025-05-12,Soja,2025-06-12,275.315,273.08000000000004
Precio Hecho,2025-05-09,CEBADA CERV.,2025-09-15,,
Precio a Fijar,2025-05-09,Trigo,2025-06-08,194.45,
Precio Hecho,2025-05-09,Soja,2025-11-30,272.855,
Precio Hecho,2025-05-07,Maiz,2025-06-07,186.27666666666667,
Precio a Fijar,2025-03-19,Maiz,2025-04-18,197.945,
Precio a Fijar,2025-03-06,Maiz,2025-04-06,199.15,
Precio a Fijar,2025-05-12,Maiz,2025-06-12,181.32333333333335,171.79333333333332
Precio a Fijar,2025-05-09,Maiz,2025-07-31,180.39499999999998,
Precio a Fijar,2025-05-09,Maiz,2025-06-30,180.39499999999998,168.39333333333332
Precio a Fijar,2025-05-09,Maiz,2025-05-20,180.39499999999998,183.815
Precio a Fijar,2025-05-12,Soja,2025-06-11,275.315,274.3333333333333
Precio a Fijar,2025-05-12,Soja,2025-06-11,275.315,274.3333333333333
Precio a Fijar,2025-05-12,Soja,2025-06-11,275.315,274.3333333333333
Precio a Fijar,2025-05-12,Soja,2025-06-11,275.315,274.3333333333333
Precio a Fijar,2025-05-12,Trigo,2026-01-31,197.1833333333333,
Precio a Fijar,2025-05-12,Soja,2025-06-11,275.315,274.3333333333333
Precio Hecho,2025-05-12,Soja,2025-05-12,275.315,275.315
Precio Hecho,2025-05-12,Soja,2025-05-12,275.315,275.315
Precio Hecho,2025-05-09,Soja,2025-06-08,272.855,
Precio Hecho,2025-05-09,Soja,2025-06-08,272.855,
Precio Hecho,2025-05-09,Soja,2025-06-08,272.855,
Precio Hecho,2025-05-12,Soja,2025-06-12,275.315,273.08000000000004
Precio Hecho,2025-05-12,Soja,2025-06-12,275.315,273.08000000000004
Precio a Fijar,2025-05-05,Soja,2025-05-31,257.5,
Precio a Fijar,2025-04-16,Soja,2025-05-15,279.74,269.255
Precio a Fijar,2024-07-23,Soja,2024-08-15,300.25333333333333,284.12
Precio a Fijar,2024-12-26,Soja,2025-05-31,277.8,
Precio a Fijar,2025-05-12,Soja,2025-06-12,275.315,273.08000000000004
Precio Hecho,2025-05-12,Soja,2025-06-12,275.315,273.08000000000004
Precio a Fijar,2025-05-12,Maiz,2025-06-12,181.32333333333335,171.79333333333332
Precio Hecho,2025-05-12,Soja,2025-06-12,275.315,273.08000000000004
Precio a Fijar,2025-05-12,Soja,2025-06-12,275.315,273.08000000000004
Precio Hecho,2025-05-12,Trigo,2025-05-19,197.1833333333333,197.2
Precio Hecho,2025-05-09,Trigo,2025-05-09,194.45,194.45
Precio Hecho,2025-05-12,Soja,2025-05-12,275.315,275.315
Precio Hecho,2025-05-12,Soja,2025-05-12,275.315,275.315
Precio Hecho,2025-05-12,Soja,2025-05-12,275.315,275.315
Precio a Fijar,2025-01-07,Maiz,2025-05-31,1029.44,
Precio a Fijar,2025-04-25,Soja,2025-05-25,266.495,
Precio a Fijar,2025-01-15,Trigo,2025-02-14,186.3725,208.76999999999998
Precio a Fijar,2025-04-11,Maiz,2025-05-11,208.72,
Precio Hecho,2025-05-09,Trigo,2025-06-09,194.45,197.975
Precio Hecho,2025-05-12,Maiz,2025-06-11,181.32333333333335,173.77
Precio a Fijar,2025-04-29,Maiz,2025-05-29,196.565,177.26
Precio a Fijar,2025-05-06,Maiz,2025-06-05,189.99,
Precio Hecho,2025-05-12,Soja,2025-05-12,275.315,275.315
Precio a Fijar,2025-03-28,Maiz,2025-04-27,193.76,
Precio a Fijar,2024-12-11,Maiz,2025-04-14,181.82,191.99
Precio Hecho,2025-05-12,Soja,2025-05-12,275.315,275.315
Precio a Fijar,2025-05-08,Soja,2025-05-31,268.56,
Precio a Fijar,2025-05-08,Soja,2025-05-31,268.56,
Precio a Fijar,2025-05-09,Soja,2025-06-08,272.855,
Precio a Fijar,2025-05-09,Soja,2025-06-08,272.855,
Precio a Fijar,2025-05-12,Soja,2025-05-31,275.315,
Precio a Fijar,2025-05-12,Soja,2025-05-31,275.315,
Precio a Fijar,2025-05-12,Soja,2025-06-11,275.315,274.3333333333333
Precio a Fijar,2025-05-12,Soja,2025-06-11,275.315,274.3333333333333
Precio a Fijar,2025-05-12,Soja,2025-06-11,275.315,274.3333333333333
Precio a Fijar,2025-05-09,Soja,2025-06-08,272.855,
Precio a Fijar,2025-05-12,Soja,2025-05-17,275.315,
Precio a Fijar,2025-03-28,Maiz,2025-04-27,193.76,
Precio a Fijar,2025-05-12,Soja,2025-05-30,275.315,269.36
Precio a Fijar,2024-12-05,Soja,2025-07-31,291.07,
Precio a Fijar,2025-05-12,Soja,2025-05-30,275.315,269.36
Precio a Fijar,2024-12-05,Soja,2025-07-31,291.07,
Precio a Fijar,2025-05-12,Soja,2025-05-30,275.315,269.36
Precio a Fijar,2025-05-12,Soja,2025-05-30,275.315,269.36
Precio a Fijar,2025-03-26,Maiz,2025-04-25,202.94,199.23
Precio a Fijar,2024-11-22,Soja,2025-07-31,289.97,
Precio a Fijar,2025-05-07,Soja,2025-06-06,268.21000000000004,268.9733333333333
Precio a Fijar,2025-05-06,Soja,2025-06-05,264.45,
Precio a Fijar,2025-05-02,Soja,2025-06-01,,
Precio a Fijar,2025-04-30,Soja,2025-05-30,251.94,269.36
Precio a Fijar,2025-04-30,Soja,2025-05-30,251.94,269.36
Precio a Fijar,2025-04-30,Soja,2025-05-30,251.94,269.36
Precio a Fijar,2025-04-29,Soja,2025-05-29,259.605,267.955
Precio a Fijar,2025-04-28,Soja,2025-05-28,285.395,267.24
Precio a Fijar,2025-04-15,Soja,2025-05-14,275.0,271.12
Precio a Fijar,2025-04-11,Maiz,2025-05-11,208.72,
Precio a Fijar,2025-04-08,Maiz,2025-04-30,205.81,194.185
Precio a Fijar,2025-03-26,Maiz,2025-04-25,202.94,199.23
Precio a Fijar,2025-03-05,Soja,2025-05-31,299.27,
Precio a Fijar,2025-01-27,Trigo,2025-02-26,189.795,211.13
Precio a Fijar,2025-01-16,Trigo,2025-02-15,187.54749999999999,
Precio a Fijar,2024-12-27,Maiz,2025-03-31,185.17,202.515
Precio a Fijar,2024-12-27,Maiz,2025-03-31,185.17,202.515
Precio a Fijar,2024-12-19,Soja,2025-05-31,273.7,
Precio a Fijar,2024-12-19,Soja,2025-05-31,273.7,
Precio a Fijar,2024-12-11,Trigo,2025-01-10,188.39249999999998,186.915
Precio a Fijar,2024-11-22,Soja,2025-07-31,289.97,
Precio a Fijar,2024-11-11,Trigo,2024-12-11,,188.39249999999998
Precio a Fijar,2024-11-22,Soja,2025-07-31,289.97,
Precio a Fijar,2025-05-09,Girasol,2025-05-30,300.13,297.73
Precio Hecho,2025-05-09,Girasol,2025-06-08,300.13,
Precio a Fijar,2025-05-07,Soja,2025-06-07,268.21000000000004,
Precio a Fijar,2025-05-09,Soja,2025-06-30,272.855,269.66999999999996
Precio a Fijar,2025-05-09,Soja,2025-06-30,272.855,269.66999999999996
Precio a Fijar,2025-05-09,Maiz,2025-07-31,180.39499999999998,
Precio a Fijar,2025-05-12,Soja,2025-06-12,275.315,273.08000000000004
Precio Hecho,2025-05-12,Soja,2025-05-19,275.315,273.06
Precio a Fijar,2025-05-08,Soja,2025-06-07,268.56,
Precio a Fijar,2025-05-12,Soja,2025-06-11,275.315,274.3333333333333
Precio a Fijar,2025-05-12,Soja,2025-06-11,275.315,274.3333333333333
Precio a Fijar,2025-05-12,Soja,2025-06-11,275.315,274.3333333333333
Precio Hecho,2025-05-12,Soja,2025-05-19,275.315,273.06
Precio a Fijar,2025-05-12,Soja,2025-06-12,275.315,273.08000000000004
Precio Hecho,2025-05-08,Soja,2025-05-12,268.56,275.315
Precio Hecho,2025-05-12,Soja,2025-06-12,275.315,273.08000000000004
Precio Hecho,2025-05-08,Maiz,2025-05-12,183.12,181.32333333333335
Precio Hecho,2025-05-08,Maiz,2025-05-12,183.12,181.32333333333335
Precio Hecho,2025-05-12,Soja,2025-06-12,275.315,273.08000000000004
Precio Hecho,2025-05-12,Soja,2025-05-12,275.315,275.315
Precio Hecho,2025-05-12,Trigo,2025-05-31,197.1833333333333,
Precio Hecho,2025-05-12,Trigo,2025-06-12,197.1833333333333,197.6825
Precio Hecho,2025-05-12,Trigo,2025-05-12,197.1833333333333,197.1833333333333
Precio Hecho,2025-05-12,Trigo,2025-06-12,197.1833333333333,197.6825
Precio Hecho,2025-05-12,Soja,2025-05-12,275.315,275.315
Precio Hecho,2025-05-09,Maiz,2025-05-09,180.39499999999998,180.39499999999998
Precio Hecho,2025-05-12,Trigo,2025-06-12,197.1833333333333,197.6825
Precio Hecho,2025-05-12,Soja,2025-05-13,275.315,272.245
Precio Hecho,2025-05-08,Maiz,2025-05-08,183.12,183.12
Precio Hecho,2025-05-12,Soja,2025-05-13,275.315,272.245
Precio Hecho,2025-05-07,Maiz,2025-05-07,186.27666666666667,186.27666666666667
Precio Hecho,2025-05-12,Soja,2025-05-12,275.315,275.315
Precio Hecho,2025-05-09,Soja,2025-05-09,272.855,272.855
Precio Hecho,2025-05-09,Maiz,2025-05-09,180.39499999999998,180.39499999999998
Precio Hecho,2025-05-12,Trigo,2025-05-12,197.1833333333333,197.1833333333333
Precio a Fijar,2025-05-09,Soja,2025-06-08,272.855,
Precio a Fijar,2025-05-09,Soja,2025-06-08,272.855,
Precio a Fijar,2025-05-10,Soja,2025-05-31,,
Precio a Fijar,2025-05-09,Soja,2025-06-08,272.855,
Precio a Fijar,2025-05-11,Soja,2025-06-10,,239.8
Precio a Fijar,2025-05-11,Soja,2025-06-10,,239.8
Precio a Fijar,2025-05-11,Soja,2025-06-09,,271.79
Precio a Fijar,2025-05-24,Maiz,2025-06-23,,170.595
Precio a Fijar,2025-05-24,Soja,2025-06-23,,272.84
Precio a Fijar,2025-05-24,Maiz,2025-06-22,,
Precio a Fijar,2025-05-24,Soja,2025-06-23,,272.84
Precio a Fijar,2024-09-26,Soja,2024-10-31,314.92,306.37
Precio a Fijar,2025-05-24,Soja,2025-05-24,,
Precio a Fijar,2025-05-24,Soja,2025-05-24,,
Precio Hecho,2025-05-24,Maiz,2025-05-24,,
Precio Hecho,2025-05-24,Maiz,2025-05-24,,
Precio Hecho,2025-05-24,Soja,2025-05-24,,
Precio Hecho,2025-05-24,Soja,2025-05-24,,
Precio Hecho,2025-05-24,Soja,2025-05-24,,
Precio Hecho,2025-05-24,Soja,2025-05-24,,
Precio a Fijar,2025-05-24,Soja,2025-06-23,,272.84
Precio Hecho,2025-05-24,Soja,2025-05-24,,
Precio Hecho,2025-05-24,Soja,2025-05-24,,
Precio Hecho,2025-05-24,Soja,2025-05-24,,
Precio Hecho,2025-05-24,Soja,2025-05-24,,
Precio Hecho,2025-05-24,Soja,2025-05-24,,
Precio Hecho,2025-05-24,Soja,2025-05-24,,
Precio Hecho,2025-05-24,Soja,2025-05-24,,
Precio Hecho,2025-05-24,Soja,2025-05-31,,
Precio a Fijar,2025-05-24,Maiz,2025-06-23,,170.595
Precio a Fijar,2025-05-23,Soja,2025-06-23,269.57,272.84
Precio a Fijar,2025-05-23,Soja,2025-06-23,269.57,272.84
Precio a Fijar,2025-05-23,Soja,2025-06-22,269.57,
Precio a Fijar,2025-05-23,Soja,2025-06-22,269.57,
Precio a Fijar,2025-04-29,Soja,2025-05-31,259.605,
Precio a Fijar,2025-04-04,Soja,2025-05-04,288.1,
Precio a Fijar,2025-01-31,Soja,2025-02-28,299.0,
Precio a Fijar,2025-01-28,Soja,2025-04-30,294.96,251.94
Precio a Fijar,2024-12-17,Soja,2025-04-30,279.0,251.94
Precio a Fijar,2024-12-17,Soja,2025-04-30,279.0,251.94
Precio a Fijar,2024-12-11,Soja,2025-04-30,,251.94
Precio a Fijar,2025-05-23,Soja,2025-05-30,269.57,269.36
Precio a Fijar,2025-05-23,Soja,2025-05-31,269.57,
Precio a Fijar,2025-05-23,Soja,2025-05-30,269.57,269.36
Precio a Fijar,2025-05-23,Maiz,2025-07-31,181.645,
Precio a Fijar,2025-05-23,Maiz,2025-05-30,181.645,175.93
Precio Hecho,2025-05-23,Soja,2025-05-23,269.57,269.57
Precio Hecho,2025-05-23,Soja,2025-05-23,269.57,269.57
Precio Hecho,2025-05-23,Maiz,2025-05-23,181.645,181.645
Precio a Fijar,2025-05-23,Soja,2025-06-23,269.57,272.84
Precio a Fijar,2025-03-18,Soja,2025-04-30,304.02,251.94
Precio a Fijar,2025-03-18,Soja,2025-04-30,304.02,251.94
Precio a Fijar,2025-03-18,Soja,2025-04-30,304.02,251.94
Precio a Fijar,2025-05-23,Soja,2025-05-31,269.57,
Precio Hecho,2025-05-23,Soja,2025-05-23,269.57,269.57
Precio a Fijar,2025-05-19,Soja,2025-06-15,273.06,
Precio a Fijar,2025-05-23,CEBADA FORR.,2026-01-15,,
Precio a Fijar,2025-05-23,CEBADA FORR.,2026-01-15,,
Precio a Fijar,2025-05-23,Soja,2025-06-22,269.57,
Precio a Fijar,2025-05-23,Soja,2025-06-22,269.57,
Precio a Fijar,2025-05-22,Soja,2025-06-15,274.77,
Precio a Fijar,2025-05-21,Soja,2025-06-15,273.605,
Precio a Fijar,2024-12-26,Soja,2025-04-15,277.8,275.0
Precio a Fijar,2024-12-18,Soja,2025-04-30,273.84,251.94
Precio a Fijar,2024-12-11,Soja,2025-04-30,,251.94
Precio a Fijar,2025-05-21,Soja,2025-06-15,273.605,
Precio a Fijar,2024-12-10,Soja,2025-05-31,292.04,
Precio a Fijar,2025-03-06,Soja,2025-03-11,309.07,
Precio a Fijar,2025-05-20,Soja,2025-06-10,274.21,239.8
Precio a Fijar,2025-05-20,Soja,2025-05-31,274.21,
Precio a Fijar,2025-05-20,Soja,2025-05-31,274.21,
Precio a Fijar,2025-05-20,Soja,2025-05-31,274.21,
Precio Hecho,2025-05-23,Soja,2025-05-23,269.57,269.57
Precio a Fijar,2025-05-23,Soja,2025-06-23,269.57,272.84
Precio a Fijar,2024-09-04,Maiz,2025-03-31,176.35666666666665,202.515
Precio Hecho,2025-05-23,Maiz,2025-06-23,181.645,170.595
Precio a Fijar,2025-05-23,Trigo,2025-06-23,198.5,198.46
Precio Hecho,2025-05-23,ACEITE SOJA,2025-06-23,,
Precio Hecho,2025-05-23,Girasol,2025-06-22,347.15,
Precio Hecho,2025-05-23,Maiz,2025-07-31,181.645,
Precio Hecho,2025-05-23,Maiz,2025-07-31,181.645,
Precio Hecho,2025-05-23,Soja,2025-06-24,269.57,275.25
Precio Hecho,2025-05-23,Soja,2025-06-22,269.57,
Precio Hecho,2025-05-21,Soja,2025-05-21,273.605,273.605
Precio Hecho,2025-05-15,Soja,2025-05-15,269.255,269.255
Precio Hecho,2025-05-19,Soja,2025-05-19,273.06,273.06
Precio Hecho,2025-05-21,Soja,2025-05-21,273.605,273.605
Precio Hecho,2025-05-21,Soja,2025-05-21,273.605,273.605
Precio Hecho,2025-05-21,Soja,2025-05-21,273.605,273.605
Precio Hecho,2025-05-21,Soja,2025-05-21,273.605,273.605
Precio Hecho,2025-05-21,Soja,2025-05-21,273.605,273.605
Precio Hecho,2025-05-22,Soja,2025-05-22,274.77,274.77
Precio Hecho,2025-05-20,Soja,2025-05-20,274.21,274.21
Precio Hecho,2025-05-16,Soja,2025-05-16,270.32,270.32
Precio Hecho,2025-05-12,Soja,2025-05-12,275.315,275.315
Precio Hecho,2025-05-20,Soja,2025-05-20,274.21,274.21
Precio Hecho,2025-05-16,Soja,2025-05-16,270.32,270.32
Precio Hecho,2025-05-16,Soja,2025-05-16,270.32,270.32
Precio Hecho,2025-05-23,Soja,2025-05-23,269.57,269.57
Precio Hecho,2025-05-21,Soja,2025-05-21,273.605,273.605
Precio Hecho,2025-05-20,Soja,2025-05-20,274.21,274.21
Precio Hecho,2025-05-20,Soja,2025-05-20,274.21,274.21
Precio Hecho,2025-05-22,Soja,2025-05-22,274.77,274.77
Precio Hecho,2025-05-22,Soja,2025-05-22,274.77,274.77
Precio Hecho,2025-05-22,Soja,2025-05-22,274.77,274.77
Precio Hecho,2025-05-22,Soja,2025-05-22,274.77,274.77
Precio Hecho,2025-05-22,Soja,2025-05-22,274.77,274.77
Precio Hecho,2025-05-22,Soja,2025-05-22,274.77,274.77
Precio Hecho,2025-05-22,Soja,2025-05-22,274.77,274.77
Precio Hecho,2025-05-22,Soja,2025-05-22,274.77,274.77
Precio Hecho,2025-05-20,Soja,2025-05-20,274.21,274.21
Precio Hecho,2025-05-20,Soja,2025-05-20,274.21,274.21
Precio Hecho,2025-05-20,Soja,2025-05-20,274.21,274.21
Precio Hecho,2025-05-20,Soja,2025-05-20,274.21,274.21
Precio Hecho,2025-05-20,Soja,2025-05-20,274.21,274.21
Precio Hecho,2025-05-20,Soja,2025-05-20,274.21,274.21
Precio Hecho,2025-05-19,Soja,2025-05-19,273.06,273.06
Precio Hecho,2025-05-22,Soja,2025-05-22,274.77,274.77
Precio Hecho,2025-05-15,Maiz,2025-05-15,183.48000000000002,183.48000000000002
Precio Hecho,2025-05-23,Soja,2025-06-22,269.57,
Precio Hecho,2025-05-22,Trigo,2025-05-22,199.91,199.91
Precio Hecho,2025-05-22,Soja,2025-05-22,274.77,274.77
Precio Hecho,2025-05-22,Soja,2025-05-22,274.77,274.77
Precio Hecho,2025-05-23,Maiz,2025-05-30,181.645,175.93
Precio Hecho,2025-05-23,Soja,2025-06-22,269.57,
Precio Hecho,2025-05-23,Soja,2025-05-23,269.57,269.57
Precio Hecho,2025-05-23,Trigo,2025-05-23,198.5,198.5
Precio Hecho,2025-05-23,Girasol,2025-06-23,347.15,297.69
Precio Hecho,2025-05-23,Trigo,2025-05-23,198.5,198.5
Precio Hecho,2025-05-23,Girasol,2025-06-22,347.15,
Precio Hecho,2025-05-23,Girasol,2025-06-22,347.15,
Precio Hecho,2025-05-23,Girasol,2025-06-22,347.15,
Precio a Fijar,2025-05-16,Soja,2025-05-30,270.32,269.36
Precio a Fijar,2024-10-10,Soja,2025-04-30,306.44,251.94
Precio Hecho,2025-05-23,Girasol,2025-06-23,347.15,297.69
Precio a Fijar,2025-04-24,Maiz,2025-05-31,189.415,
Precio a Fijar,2025-04-23,Maiz,2025-05-31,,
Precio a Fijar,2025-05-23,Maiz,2025-05-31,181.645,
Precio a Fijar,2025-05-23,Soja,2025-06-23,269.57,272.84
Precio Hecho,2025-05-23,Girasol,2025-06-23,347.15,297.69
Precio Hecho,2025-05-22,Trigo,2025-06-08,199.91,
Precio a Fijar,2025-05-23,Maiz,2025-06-22,181.645,
Precio a Fijar,2025-05-23,Soja,2025-06-22,269.57,
Precio a Fijar,2025-05-23,Maiz,2025-06-22,181.645,
Precio a Fijar,2025-05-23,CEBADA FORR.,2026-01-15,,
Precio a Fijar,2025-05-23,Maiz,2025-06-15,181.645,
Precio a Fijar,2025-05-23,Maiz,2025-06-22,181.645,
Precio a Fijar,2025-05-23,Maiz,2025-06-22,181.645,
Precio Hecho,2025-05-23,Girasol,2025-05-23,347.15,347.15
Precio Hecho,2025-05-23,Girasol,2025-05-23,347.15,347.15
Precio Hecho,2025-05-23,Maiz,2025-06-22,181.645,
Precio Hecho,2025-05-23,Girasol,2025-05-23,347.15,347.15
Precio Hecho,2025-05-23,Trigo,2025-06-23,198.5,198.46
Precio Hecho,2025-05-23,Girasol,2025-05-23,347.15,347.15
Precio Hecho,2025-05-23,Trigo,2025-06-23,198.5,198.46
Precio Hecho,2025-05-23,Soja,2025-05-23,269.57,269.57
Precio Hecho,2025-05-23,Girasol,2025-05-23,347.15,347.15
Precio a Fijar,2025-01-28,Soja,2025-04-30,294.96,251.94
Precio a Fijar,2024-12-19,Maiz,2025-04-30,180.10500000000002,194.185
Precio a Fijar,2024-12-11,Soja,2025-04-30,,251.94
Precio Hecho,2025-05-23,Soja,2025-06-10,269.57,239.8
Precio Hecho,2025-05-23,Soja,2025-06-10,269.57,239.8
Precio a Fijar,2025-05-22,Maiz,2025-06-13,184.235,173.765
Precio Hecho,2025-05-23,Soja,2025-06-11,269.57,274.3333333333333
Precio Hecho,2025-05-23,Soja,2025-05-23,269.57,269.57
Precio Hecho,2025-05-23,Soja,2025-05-23,269.57,269.57
Precio Hecho,2025-05-23,Soja,2025-05-23,269.57,269.57
Precio a Fijar,2025-04-25,Soja,2025-05-25,266.495,
Precio Hecho,2025-05-23,Soja,2025-06-04,269.57,
Precio a Fijar,2025-04-22,Soja,2025-05-22,275.82,274.77
Precio Hecho,2025-05-23,Soja,2025-06-05,269.57,
Precio a Fijar,2025-04-22,Soja,2025-04-30,275.82,251.94
Precio Hecho,2025-05-23,Soja,2025-06-05,269.57,
Precio Hecho,2025-05-23,Maiz,2025-06-09,181.645,171.45499999999998
Precio Hecho,2025-05-23,Maiz,2025-06-23,181.645,170.595
Precio Hecho,2025-05-23,Soja,2025-05-23,269.57,269.57
Precio Hecho,2025-05-23,Maiz,2025-06-09,181.645,171.45499999999998
Precio Hecho,2025-05-23,ARROZ C.L.F,2025-05-23,,
Precio Hecho,2025-05-23,ARROZ C.L.F,2025-05-23,,
Precio a Fijar,2025-04-07,Maiz,2025-05-15,204.46,183.48000000000002
Precio Hecho,2025-05-23,Maiz,2025-06-10,181.645,171.08666666666667
Precio a Fijar,2025-03-25,Trigo,2025-04-24,215.9466666666667,194.615
Precio a Fijar,2025-05-22,Maiz,2025-06-21,184.235,
Precio Hecho,2025-05-23,Maiz,2025-06-03,181.645,174.98000000000002
Precio a Fijar,2025-05-23,Maiz,2025-10-31,181.645,177.10666666666665
Precio a Fijar,2025-05-23,Maiz,2025-11-30,181.645,
Precio Hecho,2025-05-23,Soja,2025-05-30,269.57,269.36
Precio a Fijar,2024-12-12,Trigo,2025-03-03,191.36,
Precio Hecho,2025-05-23,Maiz,2025-06-03,181.645,174.98000000000002
Precio a Fijar,2024-12-12,Trigo,2025-01-11,191.36,
Precio Hecho,2025-05-23,Soja,2025-06-11,269.57,274.3333333333333
Precio Hecho,2025-05-23,Soja,2025-05-24,269.57,
Precio Hecho,2025-05-23,Soja,2025-06-11,269.57,274.3333333333333
Precio Hecho,2025-05-23,Soja,2025-06-11,269.57,274.3333333333333
Precio Hecho,2025-05-23,Trigo,2025-05-24,198.5,
Precio Hecho,2025-05-23,Soja,2025-06-11,269.57,274.3333333333333
Precio Hecho,2025-05-23,Soja,2025-06-12,269.57,273.08000000000004
Precio Hecho,2025-05-23,Soja,2025-06-12,269.57,273.08000000000004
Precio Hecho,2025-05-23,Trigo,2025-06-02,198.5,196.285
Precio Hecho,2025-05-23,Soja,2025-06-11,269.57,274.3333333333333
Precio Hecho,2025-05-23,Soja,2025-06-11,269.57,274.3333333333333
Precio a Fijar,2025-05-23,Trigo,2025-06-23,198.5,198.46
Precio Hecho,2025-05-22,Soja,2025-05-23,274.77,269.57
Precio Hecho,2025-05-23,Maiz,2025-05-23,181.645,181.645
Precio a Fijar,2025-05-23,Soja,2025-05-23,269.57,269.57
Precio Hecho,2025-05-23,Soja,2025-05-30,269.57,269.36
Precio a Fijar,2024-12-11,Maiz,2025-04-14,181.82,191.99
Precio a Fijar,2025-05-23,Soja,2025-06-22,269.57,
Precio a Fijar,2025-05-23,Soja,2025-06-22,269.57,
Precio a Fijar,2025-05-23,Soja,2025-06-22,269.57,
Precio a Fijar,2025-05-23,Soja,2025-05-23,269.57,269.57
Precio a Fijar,2025-05-23,CEBADA FORR.,2026-01-15,,
Precio a Fijar,2024-12-11,Maiz,2025-04-14,181.82,191.99
Precio Hecho,2025-05-23,Maiz,2025-06-23,181.645,170.595
Precio a Fijar,2025-05-23,Soja,2025-06-22,269.57,
Precio a Fijar,2025-05-23,Maiz,2025-06-22,181.645,
Precio Hecho,2025-05-23,Maiz,2025-05-23,181.645,181.645
Precio Hecho,2025-05-23,Soja,2025-05-23,269.57,269.57
Precio Hecho,2025-05-23,Trigo,2025-05-26,198.5,198.235
Precio Hecho,2025-05-23,Soja,2025-05-23,269.57,269.57
Precio Hecho,2025-05-23,Trigo,2025-05-23,198.5,198.5
Precio Hecho,2025-05-23,Trigo,2025-05-23,198.5,198.5
Precio Hecho,2025-05-23,Maiz,2025-05-23,181.645,181.645
Precio Hecho,2025-05-23,Soja,2025-05-23,269.57,269.57
Precio Hecho,2025-05-22,Maiz,2025-06-22,184.235,
Precio Hecho,2025-05-23,Soja,2025-05-23,269.57,269.57
Precio Hecho,2025-05-23,Trigo,2025-05-23,198.5,198.5
Precio Hecho,2025-05-23,Trigo,2025-05-23,198.5,198.5
Precio Hecho,2025-05-23,Trigo,2025-05-23,198.5,198.5
Precio Hecho,2025-05-23,Trigo,2025-05-23,198.5,198.5
Precio a Fijar,2025-03-20,Maiz,2025-05-31,196.35,
Precio a Fijar,2025-01-07,Maiz,2025-05-31,1029.44,
Precio a Fijar,2025-05-23,Maiz,2025-06-22,181.645,
Precio a Fijar,2025-05-23,Soja,2025-06-22,269.57,
Precio Hecho,2025-05-23,Soja,2025-05-24,269.57,
Precio Hecho,2025-05-23,Soja,2025-06-22,269.57,
Precio a Fijar,2025-05-23,Soja,2025-06-23,269.57,272.84
Precio Hecho,2025-05-23,Maiz,2025-06-22,181.645,
Precio a Fijar,2024-10-24,Maiz,2024-11-14,184.25,183.42333333333332
Precio a Fijar,2024-10-29,Maiz,2024-11-28,,180.70666666666668
Precio a Fijar,2024-11-21,Girasol,2025-02-28,348.96,
Precio a Fijar,2024-11-28,Girasol,2025-03-15,348.96,
Precio a Fijar,2025-01-14,Girasol,2025-02-15,343.9,
Precio a Fijar,2025-02-18,Girasol,2025-02-28,349.1,
Precio a Fijar,2025-02-19,Girasol,2025-02-28,,
Precio a Fijar,2025-02-19,Girasol,2025-02-28,,
Precio a Fijar,2025-02-19,Girasol,2025-02-28,,
Precio a Fijar,2025-02-21,Maiz,2025-03-15,207.4,
Precio a Fijar,2025-02-21,Maiz,2025-03-15,207.4,
Precio a Fijar,2025-03-20,Maiz,2025-03-31,196.35,202.515
Precio a Fijar,2025-04-24,Girasol,2025-05-24,273.1,
Precio Hecho,2025-05-23,Soja,2025-06-22,269.57,
Precio a Fijar,2025-05-23,Maiz,2025-06-23,181.645,170.595
Precio a Fijar,2025-05-23,Maiz,2025-06-23,181.645,170.595
Precio Hecho,2025-05-23,Trigo,2025-05-31,198.5,
Precio Hecho,2025-05-23,Trigo,2025-05-31,198.5,
Precio Hecho,2025-05-23,Trigo,2025-05-24,198.5,
Precio a Fijar,2025-01-29,Trigo,2025-01-29,198.4775,198.4775
Precio a Fijar,2025-04-04,Trigo,2025-04-04,218.4,218.4
Precio Hecho,2025-05-23,Soja,2025-06-22,269.57,
Precio a Fijar,2024-07-25,Trigo,2025-03-01,,
Precio Hecho,2025-05-21,Soja,2025-06-02,273.605,267.41999999999996
Precio a Fijar,2025-05-22,CEBADA CERV.,2025-07-31,,
Precio Hecho,2025-05-22,CEBADA CERV.,2025-07-31,,
Precio Hecho,2025-05-22,CEBADA FORR.,2025-06-22,,
Precio Hecho,2025-05-21,CEBADA CERV.,2025-10-31,,
Precio Hecho,2025-05-21,CEBADA CERV.,2025-10-31,,
Precio Hecho,2025-05-21,CEBADA CERV.,2025-11-15,,
Precio a Fijar,2025-03-25,Soja,2025-05-31,308.37,
Precio a Fijar,2025-03-25,Soja,2025-05-31,308.37,
Precio a Fijar,2025-03-25,Soja,2025-05-31,308.37,
Precio a Fijar,2025-03-25,Soja,2025-05-31,308.37,
Precio a Fijar,2024-10-15,Trigo,2025-10-31,,189.79999999999998
Precio a Fijar,2025-05-23,Soja,2025-06-22,269.57,
Precio a Fijar,2025-05-23,Soja,2025-06-22,269.57,
Precio a Fijar,2025-05-23,Maiz,2025-06-22,181.645,
Precio a Fijar,2025-05-23,Soja,2025-06-22,269.57,
Precio Hecho,2025-05-23,Soja,2025-05-23,269.57,269.57
Precio Hecho,2025-05-23,Soja,2025-05-23,269.57,269.57
Precio a Fijar,2024-09-26,Soja,2024-10-31,314.92,306.37
Precio a Fijar,2024-09-26,Soja,2024-10-31,314.92,306.37
Precio Hecho,2025-05-22,Soja,2025-06-21,274.77,
Precio Hecho,2025-05-22,Soja,2025-06-21,274.77,
Precio Hecho,2025-05-21,Soja,2025-06-20,273.605,
Precio Hecho,2025-05-22,CEBADA CERV.,2025-06-22,,
Precio Hecho,2025-05-23,Soja,2025-06-22,269.57,
Precio a Fijar,2024-06-07,Maiz,2025-03-31,,202.515
Precio a Fijar,2024-08-06,Trigo,2024-12-31,235.73333333333335,
Precio a Fijar,2025-02-13,Soja,2025-05-15,307.26,269.255
Precio a Fijar,2025-02-13,Soja,2025-05-15,307.26,269.255
Precio a Fijar,2024-08-06,Trigo,2024-12-31,235.73333333333335,
Precio a Fijar,2024-09-05,Trigo,2024-12-31,245.91,
Precio a Fijar,2024-09-05,Trigo,2024-12-31,245.91,
Precio Hecho,2025-05-23,Trigo,2025-05-26,198.5,198.235
Precio Hecho,2025-05-22,Trigo,2025-06-21,199.91,
Precio Hecho,2025-05-22,Maiz,2025-06-25,184.235,170.19
Precio Hecho,2025-05-22,Maiz,2025-07-31,184.235,
Precio a Fijar,2025-05-22,Maiz,2025-06-21,184.235,
Precio a Fijar,2025-05-22,Maiz,2025-06-25,184.235,170.19
Precio Hecho,2025-05-22,Maiz,2025-06-21,184.235,
Precio Hecho,2025-05-22,CEBADA CERV.,2025-06-22,,
Precio Hecho,2025-05-23,CEBADA CERV.,2025-06-22,,
Precio Hecho,2025-05-22,ARROZ C.L.F,2025-05-22,,
Precio Hecho,2025-05-21,ARROZ C.L.F,2025-05-21,,
Precio a Fijar,2025-02-05,Soja,2025-02-28,303.46,
Precio a Fijar,2024-09-16,Soja,2024-09-30,285.86,319.42
Precio Hecho,2025-05-23,Soja,2025-05-23,269.57,269.57
Precio a Fijar,2025-01-20,Soja,2025-04-30,277.11,251.94
Precio Hecho,2025-05-23,Soja,2025-05-23,269.57,269.57
Precio Hecho,2025-05-23,Soja,2025-05-23,269.57,269.57
Precio Hecho,2025-05-21,Trigo,2025-05-22,199.39,199.91
Precio Hecho,2025-05-22,Girasol,2025-06-21,322.435,
Precio Hecho,2025-05-22,Girasol,2025-06-21,322.435,
Precio Hecho,2025-05-23,Soja,2025-05-23,269.57,269.57
Precio a Fijar,2025-05-23,Girasol,2025-05-31,347.15,
Precio Hecho,2025-04-24,Soja,2025-05-09,268.31,272.855
Precio a Fijar,2024-05-18,Soja,2024-05-22,,317.875
Precio a Fijar,2024-05-18,Soja,2024-05-22,,317.875
Precio Hecho,2025-05-23,Soja,2025-05-23,269.57,269.57
Precio Hecho,2025-05-23,Soja,2025-05-23,269.57,269.57
Precio Hecho,2025-05-23,Trigo,2025-06-21,198.5,
Precio Hecho,2025-05-23,Soja,2025-06-23,269.57,272.84
Precio Hecho,2025-05-23,Soja,2025-05-23,269.57,269.57
Precio Hecho,2025-05-23,Soja,2025-06-23,269.57,272.84
Precio Hecho,2025-05-23,Trigo,2025-05-23,198.5,198.5
Precio Hecho,2025-05-23,Soja,2025-06-23,269.57,272.84
Precio a Fijar,2025-05-21,Soja,2025-06-20,273.605,
Precio a Fijar,2025-05-21,Maiz,2025-06-20,185.86,
Precio a Fijar,2025-05-21,Soja,2025-06-20,273.605,
Precio a Fijar,2025-05-21,Soja,2025-06-20,273.605,
Precio a Fijar,2025-05-20,Soja,2025-06-19,274.21,274.87
Precio a Fijar,2025-05-20,Soja,2025-06-19,274.21,274.87
Precio a Fijar,2025-05-20,Trigo,2025-06-19,198.42,197.2
Precio a Fijar,2025-05-20,Soja,2025-06-19,274.21,274.87
Precio a Fijar,2025-05-20,Soja,2025-06-18,274.21,277.93333333333334
Precio a Fijar,2025-05-19,Soja,2025-06-18,273.06,277.93333333333334
Precio a Fijar,2025-05-19,Soja,2025-06-18,273.06,277.93333333333334
Precio a Fijar,2025-05-19,Soja,2025-06-18,273.06,277.93333333333334
Precio a Fijar,2025-05-19,Soja,2025-06-18,273.06,277.93333333333334
Precio a Fijar,2025-05-19,Soja,2025-06-18,273.06,277.93333333333334
Precio a Fijar,2025-05-19,Soja,2025-06-18,273.06,277.93333333333334
Precio a Fijar,2025-05-19,Soja,2025-06-16,273.06,
Precio a Fijar,2025-05-16,Soja,2025-06-15,270.32,
Precio a Fijar,2025-05-16,Soja,2025-06-15,270.32,
Precio a Fijar,2025-05-15,Soja,2025-06-13,269.255,276.65
Precio a Fijar,2025-05-15,Soja,2025-06-13,269.255,276.65
Precio a Fijar,2025-05-15,Soja,2025-06-13,269.255,276.65
Precio a Fijar,2025-05-23,Soja,2025-06-23,269.57,272.84
Precio a Fijar,2025-05-23,Soja,2025-06-23,269.57,272.84
Precio Hecho,2025-05-23,Trigo,2025-05-23,198.5,198.5
Precio a Fijar,2025-05-23,Soja,2025-06-22,269.57,
Precio a Fijar,2025-05-15,Soja,2025-06-13,269.255,276.65
Precio a Fijar,2025-05-14,Soja,2025-06-13,271.12,276.65
Precio a Fijar,2025-05-14,Soja,2025-05-31,271.12,
Precio a Fijar,2025-05-13,Soja,2025-06-12,272.245,273.08000000000004
Precio a Fijar,2025-05-13,Soja,2025-06-12,272.245,273.08000000000004
Precio a Fijar,2025-05-12,Soja,2025-06-11,275.315,274.3333333333333
Precio a Fijar,2025-05-12,Maiz,2025-05-25,181.32333333333335,
Precio a Fijar,2025-05-08,Soja,2025-06-07,268.56,
Precio a Fijar,2025-05-08,Soja,2025-06-07,268.56,
Precio a Fijar,2025-05-08,Soja,2025-05-31,268.56,
Precio a Fijar,2025-05-07,Maiz,2025-05-15,186.27666666666667,183.48000000000002
Precio a Fijar,2025-05-06,Soja,2025-06-05,264.45,
Precio a Fijar,2025-05-06,Soja,2025-06-05,264.45,
Precio a Fijar,2025-05-05,Soja,2025-06-04,257.5,
Precio a Fijar,2025-05-02,Soja,2025-06-01,,
Precio a Fijar,2025-04-29,Soja,2025-05-29,259.605,267.955
Precio a Fijar,2025-04-28,Soja,2025-05-05,285.395,257.5
Precio a Fijar,2025-04-28,Soja,2025-05-28,285.395,267.24
Precio a Fijar,2025-04-25,Soja,2025-05-25,266.495,
Precio a Fijar,2025-04-25,Soja,2025-05-31,266.495,
Precio a Fijar,2025-04-23,Soja,2025-05-23,,269.57
Precio a Fijar,2025-04-23,Soja,2025-05-23,,269.57
Precio a Fijar,2025-04-22,Soja,2025-05-22,275.82,274.77
Precio a Fijar,2025-04-22,Soja,2025-05-22,275.82,274.77
Precio Hecho,2025-05-22,Soja,2025-06-21,274.77,
Precio a Fijar,2025-04-22,Soja,2025-05-22,275.82,274.77
Precio a Fijar,2025-04-22,Soja,2025-05-22,275.82,274.77
Precio a Fijar,2025-04-22,Soja,2025-05-22,275.82,274.77
Precio a Fijar,2025-04-22,Soja,2025-05-22,275.82,274.77
Precio a Fijar,2025-04-22,Soja,2025-05-22,275.82,274.77
Precio a Fijar,2025-04-21,Soja,2025-05-21,273.08,273.605
Precio a Fijar,2025-04-15,Soja,2025-05-15,275.0,269.255
Precio a Fijar,2025-03-20,Soja,2025-05-31,306.69,
Precio a Fijar,2025-03-20,Soja,2025-05-31,306.69,
Precio a Fijar,2025-02-11,Soja,2025-05-15,307.62,269.255
Precio a Fijar,2025-02-07,Soja,2025-02-21,305.0,311.1
Precio a Fijar,2025-01-31,Soja,2025-05-31,299.0,
Precio a Fijar,2025-01-23,Trigo,2025-02-22,189.81,
Precio a Fijar,2025-01-22,Soja,2025-04-30,281.49,251.94
Precio Hecho,2025-03-19,Maiz,2025-03-29,197.945,
Precio a Fijar,2025-01-22,Soja,2025-04-30,281.49,251.94
Precio a Fijar,2025-01-22,Soja,2025-04-30,281.49,251.94
Precio a Fijar,2025-01-22,Soja,2025-05-15,281.49,269.255
Precio a Fijar,2025-01-21,Soja,2025-05-15,279.85,269.255
Precio a Fijar,2024-12-30,Maiz,2025-04-30,185.08,194.185
Precio a Fijar,2024-12-30,Maiz,2025-05-31,185.08,
Precio a Fijar,2024-12-27,Maiz,2025-04-15,185.17,197.92
Precio a Fijar,2024-12-27,Maiz,2025-05-31,185.17,
Precio a Fijar,2024-12-27,Maiz,2025-04-30,185.17,194.185
Precio a Fijar,2024-12-27,Maiz,2025-04-30,185.17,194.185
Precio a Fijar,2024-12-27,Maiz,2025-04-30,185.17,194.185
Precio a Fijar,2024-12-27,Maiz,2025-03-31,185.17,202.515
Precio a Fijar,2024-12-17,Soja,2025-05-31,279.0,
Precio a Fijar,2024-11-29,Soja,2025-05-31,289.67,
Precio a Fijar,2024-11-27,Soja,2025-05-31,292.51,
Precio a Fijar,2024-11-19,Soja,2024-12-19,299.1,273.7
Precio a Fijar,2024-11-14,Trigo,2024-12-14,184.44333333333336,
Precio a Fijar,2024-11-13,Soja,2025-05-31,301.3,
Precio a Fijar,2024-11-08,Soja,2025-05-31,310.43,
Precio a Fijar,2024-11-07,Soja,2024-12-07,311.56,
Precio a Fijar,2024-11-07,Soja,2025-05-31,311.56,
Precio a Fijar,2024-10-29,Soja,2025-05-31,,
Precio a Fijar,2024-10-28,Soja,2024-11-27,308.55,292.51
Precio a Fijar,2024-10-23,Soja,2025-05-31,317.1,
Precio a Fijar,2024-10-09,Soja,2025-05-31,,
Precio a Fijar,2024-10-04,Soja,2025-05-31,318.11,
Precio a Fijar,2024-09-17,Soja,2024-10-17,,311.56
Precio a Fijar,2024-09-06,Maiz,2025-05-31,174.84333333333333,
Precio a Fijar,2024-08-02,Soja,2025-04-30,289.04,251.94
Precio a Fijar,2024-07-11,Soja,2024-08-10,,
Precio a Fijar,2024-06-15,Soja,2024-07-14,,
Precio a Fijar,2024-05-30,Soja,2024-06-29,316.74333333333334,
Precio a Fijar,2024-05-27,Soja,2024-06-26,1268.42,302.3433333333333
Precio a Fijar,2025-05-21,Maiz,2025-08-31,185.86,
Precio Hecho,2025-05-22,Soja,2025-06-21,274.77,
Precio Hecho,2025-05-22,Trigo,2025-05-30,199.91,198.48
Precio Hecho,2025-05-23,Soja,2025-05-23,269.57,269.57
Precio a Fijar,2025-05-14,Soja,2025-06-13,271.12,276.65
Precio a Fijar,2025-05-14,Soja,2025-06-13,271.12,276.65
Precio a Fijar,2025-05-20,Maiz,2025-06-19,183.815,172.12
Precio a Fijar,2025-05-16,Maiz,2025-06-15,184.035,
Precio a Fijar,2025-05-15,Maiz,2025-06-15,183.48000000000002,
Precio a Fijar,2025-05-14,Soja,2025-06-13,271.12,276.65
Precio a Fijar,2025-05-13,Soja,2025-06-12,272.245,273.08000000000004
Precio a Fijar,2025-05-12,Maiz,2025-06-11,181.32333333333335,173.77
Precio a Fijar,2025-05-05,Maiz,2025-05-12,186.375,181.32333333333335
Precio a Fijar,2025-04-30,Maiz,2025-05-30,194.185,175.93
Precio a Fijar,2025-04-19,Trigo,2025-05-16,,196.15
Precio a Fijar,2025-04-16,Trigo,2025-05-16,218.36,196.15
Precio a Fijar,2025-04-15,Soja,2025-05-14,275.0,271.12
Precio a Fijar,2025-03-31,Maiz,2025-04-27,202.515,
Precio a Fijar,2025-03-18,Maiz,2025-03-22,197.565,
Precio a Fijar,2025-03-17,Maiz,2025-03-31,197.00666666666666,202.515
Precio a Fijar,2024-12-28,Maiz,2025-04-30,,194.185
Precio a Fijar,2024-12-27,Maiz,2025-04-15,185.17,197.92
Precio a Fijar,2024-12-27,Maiz,2025-04-15,185.17,197.92
Precio a Fijar,2024-12-27,Maiz,2025-06-30,185.17,168.39333333333332
Precio a Fijar,2024-12-27,Maiz,2025-04-30,185.17,194.185
Precio a Fijar,2024-10-30,Maiz,2024-11-29,,181.76333333333332
Precio Hecho,2025-05-22,Maiz,2025-07-31,184.235,
Precio a Fijar,2025-05-23,Soja,2025-06-22,269.57,
Precio a Fijar,2025-05-23,Soja,2025-06-22,269.57,
Precio a Fijar,2025-05-23,Maiz,2025-06-21,181.645,
Precio a Fijar,2025-05-23,Maiz,2025-06-21,181.645,
Precio Hecho,2025-05-22,Soja,2025-05-23,274.77,269.57
Precio Hecho,2025-05-23,Trigo,2025-05-23,198.5,198.5
Precio Hecho,2025-05-22,Maiz,2025-06-21,184.235,
Precio Hecho,2025-05-22,Maiz,2025-06-21,184.235,
Precio Hecho,2025-05-23,Trigo,2025-05-23,198.5,198.5
Precio a Fijar,2025-04-11,Soja,2025-05-11,306.12,
Precio Hecho,2025-05-21,Maiz,2025-05-26,185.86,181.1
Precio Hecho,2025-05-22,ACEITE SOJA,2025-05-22,,
Precio a Fijar,2025-05-22,Soja,2025-06-21,274.77,
Precio a Fijar,2025-05-22,Soja,2025-06-21,274.77,
Precio Hecho,2025-05-23,Soja,2025-05-24,269.57,
Precio Hecho,2025-05-22,Maiz,2025-06-23,184.235,170.595
Precio Hecho,2025-05-23,Soja,2025-06-02,269.57,267.41999999999996
Precio a Fijar,2025-05-21,Maiz,2025-05-26,185.86,181.1
Precio Hecho,2025-05-23,Maiz,2025-05-24,181.645,
Precio Hecho,2025-05-23,Soja,2025-05-24,269.57,
Precio Hecho,2025-05-23,Soja,2025-06-02,269.57,267.41999999999996
Precio Hecho,2025-05-23,Soja,2025-05-24,269.57,
Precio Hecho,2025-05-23,Soja,2025-05-23,269.57,269.57
Precio Hecho,2025-05-22,CEBADA FORR.,2025-06-30,,
Precio Hecho,2025-05-22,Trigo,2025-06-22,199.91,
Precio Hecho,2025-05-22,Maiz,2025-06-22,184.235,
Precio Hecho,2025-05-23,Soja,2025-05-23,269.57,269.57
Precio Hecho,2025-05-23,Soja,2025-05-23,269.57,269.57
Precio Hecho,2025-05-23,Trigo,2025-05-23,198.5,198.5
Precio Hecho,2025-05-23,Soja,2025-05-23,269.57,269.57
Precio Hecho,2025-05-23,Soja,2025-05-23,269.57,269.57
Precio Hecho,2025-05-23,Soja,2025-05-23,269.57,269.57
Precio Hecho,2025-05-23,Trigo,2025-05-23,198.5,198.5
Precio a Fijar,2024-11-04,Soja,2025-04-30,309.91,251.94
Precio a Fijar,2025-05-22,Soja,2025-06-22,274.77,
Precio a Fijar,2025-05-22,Soja,2025-06-22,274.77,
Precio a Fijar,2025-05-22,Soja,2025-06-22,274.77,
Precio Hecho,2025-05-22,Maiz,2025-05-26,184.235,181.1
Precio a Fijar,2025-05-22,Maiz,2025-05-25,184.235,
Precio a Fijar,2025-05-22,Trigo,2025-06-21,199.91,
Precio a Fijar,2025-05-22,Soja,2025-06-21,274.77,
Precio a Fijar,2025-05-22,Soja,2025-06-21,274.77,
Precio a Fijar,2025-05-22,Soja,2025-06-21,274.77,
Precio a Fijar,2025-01-28,Soja,2025-04-30,294.96,251.94
Precio a Fijar,2024-12-12,Soja,2025-04-30,289.5,251.94
Precio a Fijar,2024-12-03,Soja,2025-01-03,291.36,275.23
Precio a Fijar,2024-03-13,Soja,2025-02-28,,
Precio a Fijar,2025-05-02,Soja,2025-05-20,,274.21
Precio a Fijar,2025-02-18,Soja,2025-03-05,312.94,299.27
Precio a Fijar,2024-12-26,Soja,2025-04-15,277.8,275.0
Precio a Fijar,2024-12-18,Soja,2025-04-30,273.84,251.94
Precio a Fijar,2024-12-17,Soja,2025-04-15,279.0,275.0
Precio a Fijar,2024-12-11,Soja,2025-04-30,,251.94
Precio a Fijar,2024-12-10,Soja,2025-05-31,292.04,
Precio a Fijar,2025-05-22,Soja,2025-05-22,274.77,274.77
Precio Hecho,2025-05-22,Trigo,2025-06-21,199.91,
Precio a Fijar,2025-05-22,Soja,2025-05-31,274.77,
Precio a Fijar,2025-05-22,Soja,2025-05-31,274.77,
Precio a Fijar,2025-05-22,Soja,2025-05-31,274.77,
Precio Hecho,2025-05-16,Trigo,2025-05-22,196.15,199.91
Precio Hecho,2025-05-22,Maiz,2025-05-31,184.235,
Precio Hecho,2025-05-22,Maiz,2025-05-22,184.235,184.235
Precio Hecho,2025-05-22,Maiz,2025-05-22,184.235,184.235
Precio Hecho,2025-05-22,Soja,2025-05-24,274.77,
Precio Hecho,2025-05-22,Soja,2025-05-22,274.77,274.77
Precio a Fijar,2025-05-19,Trigo,2025-05-22,197.2,199.91
Precio Hecho,2025-05-22,Maiz,2025-05-22,184.235,184.235
Precio Hecho,2025-05-22,Soja,2025-05-22,274.77,274.77
Precio Hecho,2025-05-22,Maiz,2025-05-22,184.235,184.235
Precio Hecho,2025-05-19,Soja,2025-05-19,273.06,273.06
Precio Hecho,2025-05-19,Soja,2025-05-19,273.06,273.06
Precio Hecho,2025-05-20,Soja,2025-05-20,274.21,274.21
Precio Hecho,2025-05-20,Soja,2025-05-20,274.21,274.21
Precio Hecho,2025-05-20,Soja,2025-05-20,274.21,274.21
Precio Hecho,2025-05-21,Soja,2025-05-21,273.605,273.605
Precio Hecho,2025-05-21,Soja,2025-05-21,273.605,273.605
Precio Hecho,2025-05-20,Soja,2025-05-20,274.21,274.21
Precio Hecho,2025-05-19,Soja,2025-05-19,273.06,273.06
Precio Hecho,2025-05-20,Soja,2025-05-20,274.21,274.21
Precio Hecho,2025-05-19,Soja,2025-05-19,273.06,273.06
Precio Hecho,2025-05-13,Soja,2025-05-13,272.245,272.245
Precio Hecho,2025-05-21,Soja,2025-05-21,273.605,273.605
Precio Hecho,2025-05-15,Soja,2025-05-15,269.255,269.255
Precio Hecho,2025-05-21,Soja,2025-05-21,273.605,273.605
Precio Hecho,2025-05-21,Soja,2025-05-21,273.605,273.605
Precio Hecho,2025-05-22,Soja,2025-05-22,274.77,274.77
Precio Hecho,2025-05-19,Soja,2025-05-19,273.06,273.06
Precio Hecho,2025-05-20,Soja,2025-05-20,274.21,274.21
Precio Hecho,2025-05-19,Soja,2025-05-19,273.06,273.06
Precio Hecho,2025-05-21,Soja,2025-05-21,273.605,273.605
Precio Hecho,2025-05-19,Soja,2025-05-19,273.06,273.06
Precio Hecho,2025-05-13,Soja,2025-05-13,272.245,272.245
Precio Hecho,2025-05-20,Soja,2025-05-20,274.21,274.21
Precio Hecho,2025-05-13,Soja,2025-05-13,272.245,272.245
Precio Hecho,2025-05-21,Sorgo,2025-05-21,178.59,178.59
Precio Hecho,2025-05-20,Sorgo,2025-05-20,178.56,178.56
Precio Hecho,2025-05-20,Maiz,2025-05-20,183.815,183.815
Precio Hecho,2025-05-20,Maiz,2025-05-20,183.815,183.815
Precio Hecho,2025-05-21,Maiz,2025-05-21,185.86,185.86
Precio Hecho,2025-05-20,Trigo,2025-05-20,198.42,198.42
Precio Hecho,2025-05-19,Trigo,2025-05-19,197.2,197.2
Precio Hecho,2025-05-21,Trigo,2025-05-21,199.39,199.39
Precio Hecho,2025-05-20,Trigo,2025-05-20,198.42,198.42
Precio Hecho,2025-05-20,Trigo,2025-05-20,198.42,198.42
Precio Hecho,2025-05-22,Soja,2025-05-22,274.77,274.77
Precio Hecho,2025-05-22,Soja,2025-05-22,274.77,274.77
Precio Hecho,2025-05-22,Soja,2025-05-22,274.77,274.77
Precio Hecho,2025-05-22,Soja,2025-05-22,274.77,274.77
Precio Hecho,2025-05-22,Soja,2025-05-22,274.77,274.77
Precio Hecho,2025-05-22,Soja,2025-05-22,274.77,274.77
Precio Hecho,2025-05-22,Soja,2025-05-22,274.77,274.77
Precio Hecho,2025-05-22,Soja,2025-05-22,274.77,274.77
Precio Hecho,2025-05-22,Maiz,2025-05-22,184.235,184.235
Precio Hecho,2025-05-22,Soja,2025-05-22,274.77,274.77
Precio Hecho,2025-05-22,Maiz,2025-05-22,184.235,184.235
Precio Hecho,2025-05-22,Soja,2025-05-22,274.77,274.77
Precio Hecho,2025-05-22,Maiz,2025-05-22,184.235,184.235
Precio Hecho,2025-05-22,Soja,2025-05-22,274.77,274.77
Precio Hecho,2025-05-22,Soja,2025-05-22,274.77,274.77
Precio a Fijar,2025-05-22,Soja,2025-06-22,274.77,
Precio a Fijar,2025-05-22,Soja,2025-05-31,274.77,
Precio a Fijar,2025-05-22,Soja,2025-05-31,274.77,
Precio Hecho,2025-05-22,Soja,2025-05-22,274.77,274.77
Precio a Fijar,2025-05-22,Soja,2025-05-31,274.77,
Precio Hecho,2025-05-22,Maiz,2025-05-22,184.235,184.235
Precio Hecho,2025-05-22,Soja,2025-05-22,274.77,274.77
Precio Hecho,2025-05-22,Soja,2025-05-22,274.77,274.77
Precio a Fijar,2025-02-12,Soja,2025-03-12,302.82,308.41
Precio Hecho,2025-05-22,Trigo,2025-05-22,199.91,199.91
Precio Hecho,2025-05-22,Trigo,2025-05-22,199.91,199.91
Precio Hecho,2025-05-22,Trigo,2025-05-22,199.91,199.91
Precio Hecho,2025-05-22,Trigo,2025-06-21,199.91,
Precio a Fijar,2025-05-22,Soja,2025-06-22,274.77,
Precio a Fijar,2025-05-22,Soja,2025-06-22,274.77,
Precio a Fijar,2025-05-22,Soja,2025-06-15,274.77,
Precio a Fijar,2025-05-21,Soja,2025-05-31,273.605,
Precio a Fijar,2025-03-25,Soja,2025-04-30,308.37,251.94
Precio a Fijar,2025-05-22,Soja,2025-06-22,274.77,
Precio Hecho,2025-05-22,Soja,2025-05-22,274.77,274.77
Precio a Fijar,2025-05-22,Soja,2025-05-27,274.77,269.765
Precio Hecho,2025-05-22,Soja,2025-06-01,274.77,
Precio a Fijar,2025-04-25,Soja,2025-05-25,266.495,
Precio Hecho,2025-05-22,Soja,2025-06-01,274.77,
Precio Hecho,2025-05-22,Soja,2025-06-01,274.77,
Precio Hecho,2025-05-22,Soja,2025-06-01,274.77,
Precio a Fijar,2024-10-16,Trigo,2025-05-31,,
Precio a Fijar,2024-10-16,Trigo,2025-05-31,,
Precio a Fijar,2024-09-13,Maiz,2025-03-31,176.40333333333334,202.515
Precio a Fijar,2024-09-13,Maiz,2025-03-31,176.40333333333334,202.515
Precio a Fijar,2025-03-10,Maiz,2025-04-10,195.825,208.68
Precio a Fijar,2025-05-22,Soja,2025-06-22,274.77,
Precio a Fijar,2025-05-22,Soja,2025-06-22,274.77,
Precio Hecho,2025-05-22,Maiz,2025-06-22,184.235,
Precio Hecho,2025-05-22,Maiz,2025-06-22,184.235,
Precio a Fijar,2025-05-22,Soja,2025-06-22,274.77,
Precio Hecho,2025-05-22,ACEITE SOJA,2025-06-22,,
Precio Hecho,2025-05-22,Soja,2025-11-30,274.77,
Precio Hecho,2025-05-22,Soja,2025-05-22,274.77,274.77
Precio a Fijar,2025-05-22,Soja,2025-05-29,274.77,267.955
Precio Hecho,2025-05-22,Trigo,2025-06-21,199.91,
Precio Hecho,2025-05-22,Girasol,2025-06-15,322.435,
Precio Hecho,2025-05-22,Soja,2025-06-30,274.77,269.66999999999996
Precio a Fijar,2025-05-22,Soja,2025-06-22,274.77,
Precio a Fijar,2025-05-22,Soja,2025-06-22,274.77,
Precio a Fijar,2025-05-22,Soja,2025-06-22,274.77,
Precio a Fijar,2025-05-22,Soja,2025-06-15,274.77,
Precio a Fijar,2025-05-22,Soja,2025-06-22,274.77,
Precio a Fijar,2025-05-22,Soja,2025-06-22,274.77,
Precio Hecho,2025-05-22,Maiz,2025-06-21,184.235,
Precio Hecho,2025-05-22,Soja,2025-06-21,274.77,
Precio Hecho,2025-05-22,Soja,2025-05-22,274.77,274.77
Precio Hecho,2025-05-22,Trigo,2025-05-22,199.91,199.91
Precio Hecho,2025-05-22,Soja,2025-05-22,274.77,274.77
Precio Hecho,2025-05-22,Soja,2025-06-06,274.77,268.9733333333333
Precio Hecho,2025-05-22,Trigo,2025-05-22,199.91,199.91
Precio Hecho,2025-05-22,Maiz,2025-05-22,184.235,184.235
Precio Hecho,2025-05-22,Girasol,2025-05-22,322.435,322.435
Precio a Fijar,2025-05-22,Soja,2025-05-22,274.77,274.77
Precio Hecho,2025-05-22,Maiz,2025-06-21,184.235,
Precio Hecho,2025-05-20,Soja,2025-09-30,274.21,346.1366666666666
Precio Hecho,2025-05-22,Maiz,2025-05-22,184.235,184.235
Precio a Fijar,2025-03-19,Soja,2025-04-30,306.15,251.94
Precio a Fijar,2024-09-13,Soja,2024-10-13,306.76,
Precio a Fijar,2024-09-13,Soja,2024-10-13,306.76,
Precio a Fijar,2025-05-22,Soja,2025-06-22,274.77,
Precio a Fijar,2025-05-22,Soja,2025-06-22,274.77,
Precio a Fijar,2025-05-22,Soja,2025-06-22,274.77,
Precio Hecho,2025-05-22,Maiz,2025-05-22,184.235,184.235
Precio a Fijar,2025-05-22,Soja,2025-06-21,274.77,
Precio a Fijar,2025-05-22,Soja,2025-06-21,274.77,
Precio a Fijar,2025-05-22,Soja,2025-06-21,274.77,
Precio a Fijar,2025-05-22,Soja,2025-06-21,274.77,
Precio a Fijar,2025-05-22,Soja,2025-06-21,274.77,
Precio Hecho,2025-05-21,Girasol,2025-06-15,344.24,
Precio Hecho,2025-05-21,Soja,2025-05-21,273.605,273.605
Precio Hecho,2025-05-22,Soja,2025-05-22,274.77,274.77
Precio Hecho,2025-05-22,Soja,2025-05-22,274.77,274.77
Precio Hecho,2025-05-15,Soja,2025-05-15,269.255,269.255
Precio Hecho,2025-05-22,Maiz,2025-07-31,184.235,
Precio a Fijar,2025-01-30,Soja,2025-05-15,299.43,269.255
Precio Hecho,2025-05-15,Soja,2025-05-15,269.255,269.255
Precio Hecho,2025-05-15,Soja,2025-05-15,269.255,269.255
Precio Hecho,2025-05-22,Trigo,2025-05-22,199.91,199.91
Precio Hecho,2025-05-15,Soja,2025-05-15,269.255,269.255
Precio Hecho,2025-05-15,Soja,2025-05-15,269.255,269.255
Precio a Fijar,2025-05-22,Soja,2025-05-22,274.77,274.77
Precio a Fijar,2024-11-25,Soja,2024-12-25,292.95,
Precio a Fijar,2024-11-25,Soja,2024-12-25,292.95,
Precio a Fijar,2024-11-04,Soja,2024-12-04,309.91,291.21
Precio a Fijar,2024-11-04,Soja,2024-12-04,309.91,291.21
Precio a Fijar,2025-05-22,Soja,2025-06-30,274.77,269.66999999999996
Precio Hecho,2025-05-22,Maiz,2025-05-22,184.235,184.235
Precio Hecho,2025-05-15,Soja,2025-05-15,269.255,269.255
Precio Hecho,2025-05-22,Maiz,2025-05-22,184.235,184.235
Precio a Fijar,2024-08-06,Maiz,2025-03-31,170.79500000000002,202.515
Precio a Fijar,2024-09-13,Maiz,2025-03-31,176.40333333333334,202.515
Precio a Fijar,2024-07-23,Trigo,2025-01-31,239.26333333333332,201.2025
Precio a Fijar,2024-07-23,Trigo,2024-12-31,239.26333333333332,
Precio Hecho,2025-05-22,Soja,2025-05-22,274.77,274.77
Precio Hecho,2025-05-22,Maiz,2025-06-22,184.235,
Precio a Fijar,2025-05-03,Maiz,2025-05-07,,186.27666666666667
Precio Hecho,2025-05-21,Trigo,2025-05-28,199.39,198.28
Precio Hecho,2025-05-22,Trigo,2025-06-22,199.91,
Precio Hecho,2025-05-22,Maiz,2025-05-22,184.235,184.235
Precio a Fijar,2025-05-22,Soja,2025-06-22,274.77,
Precio a Fijar,2024-12-05,Trigo,2025-01-05,185.82666666666668,
Precio Hecho,2025-05-22,Maiz,2025-05-22,184.235,184.235
Precio Hecho,2025-05-22,Maiz,2025-06-22,184.235,
Precio Hecho,2025-05-22,Maiz,2025-06-22,184.235,
Precio Hecho,2025-05-22,Soja,2025-06-21,274.77,
Precio Hecho,2025-05-22,Maiz,2025-07-31,184.235,
Precio Hecho,2025-05-22,ARROZ C.L.F,2025-05-22,,
Precio Hecho,2025-05-22,ARROZ C.L.F,2025-05-22,,
Precio Hecho,2025-05-22,ARROZ C.L.F,2025-05-22,,
Precio Hecho,2025-05-22,ARROZ C.L.F,2025-05-22,,
Precio Hecho,2025-05-22,ARROZ C.L.F,2025-05-22,,
Precio Hecho,2025-05-22,ARROZ C.L.F,2025-05-22,,
Precio Hecho,2025-05-22,ARROZ C.L.F,2025-05-22,,
Precio Hecho,2025-05-22,ARROZ C.L.A,2025-05-22,,
Precio Hecho,2025-05-22,ARROZ C.L.F,2025-05-22,,
Precio Hecho,2025-05-22,ARROZ C.L.F,2025-05-22,,
Precio Hecho,2025-05-22,ARROZ C.L.F,2025-05-22,,
Precio Hecho,2025-05-22,ARROZ C.L.F,2025-05-22,,
Precio Hecho,2025-05-22,ARROZ C.L.F,2025-05-22,,
Precio Hecho,2025-05-22,ARROZ C.L.F,2025-05-22,,
Precio a Fijar,2025-02-13,Trigo,2025-03-15,206.805,
Precio a Fijar,2025-05-22,Soja,2025-05-29,274.77,267.955
Precio Hecho,2025-05-22,Trigo,2025-05-29,199.91,198.48
Precio Hecho,2025-05-22,Maiz,2025-05-22,184.235,184.235
Precio Hecho,2025-05-22,Maiz,2025-05-22,184.235,184.235
Precio a Fijar,2024-10-10,Soja,2025-04-30,306.44,251.94
Precio Hecho,2025-05-22,Maiz,2025-05-22,184.235,184.235
Precio a Fijar,2024-10-10,Soja,2025-04-30,306.44,251.94
Precio Hecho,2025-05-22,Soja,2025-05-22,274.77,274.77
Precio Hecho,2025-05-22,Maiz,2025-05-22,184.235,184.235
Precio a Fijar,2024-11-05,Girasol,2025-03-17,,316.61
Precio a Fijar,2024-11-20,CEBADA CERV.,2025-03-31,,
Precio Hecho,2025-05-22,Soja,2025-05-22,274.77,274.77
Precio Hecho,2025-05-22,Soja,2025-05-22,274.77,274.77
Precio Hecho,2025-05-22,Soja,2025-05-22,274.77,274.77
Precio Hecho,2025-05-22,Maiz,2025-05-22,184.235,184.235
Precio Hecho,2025-05-22,Soja,2025-05-22,274.77,274.77
Precio Hecho,2025-05-22,Soja,2025-05-22,274.77,274.77
Precio Hecho,2025-05-22,Soja,2025-05-22,274.77,274.77
Precio Hecho,2025-05-22,Soja,2025-05-22,274.77,274.77
Precio Hecho,2025-05-22,Soja,2025-05-22,274.77,274.77
Precio Hecho,2025-05-22,Soja,2025-05-22,274.77,274.77
Precio Hecho,2025-05-22,Maiz,2025-05-22,184.235,184.235
Precio Hecho,2025-05-22,Soja,2025-05-22,274.77,274.77
Precio Hecho,2025-05-22,Maiz,2025-05-22,184.235,184.235
Precio Hecho,2025-05-22,Soja,2025-05-22,274.77,274.77
Precio Hecho,2025-05-22,Soja,2025-05-22,274.77,274.77
Precio Hecho,2025-05-22,Soja,2025-05-22,274.77,274.77
Precio Hecho,2025-05-22,Soja,2025-05-22,274.77,274.77
Precio Hecho,2025-05-22,Girasol,2025-06-21,322.435,
Precio a Fijar,2025-05-22,Soja,2025-05-22,274.77,274.77
Precio Hecho,2025-05-22,Soja,2025-05-22,274.77,274.77
Precio Hecho,2025-05-22,Soja,2025-05-22,274.77,274.77
Precio Hecho,2025-05-22,Soja,2025-06-22,274.77,
Precio a Fijar,2025-05-22,Maiz,2025-06-21,184.235,
Precio a Fijar,2025-05-22,Soja,2025-06-21,274.77,
Precio a Fijar,2025-05-22,Maiz,2025-07-01,184.235,166.12
Precio Hecho,2025-05-22,Trigo,2025-06-01,199.91,
Precio Hecho,2025-05-22,Trigo,2025-06-01,199.91,
Precio Hecho,2025-05-22,Trigo,2025-06-01,199.91,
Precio Hecho,2025-05-22,Trigo,2025-06-01,199.91,
Precio Hecho,2025-05-22,Trigo,2025-06-01,199.91,
Precio Hecho,2025-05-22,Trigo,2025-06-30,199.91,198.26
Precio Hecho,2025-05-22,Trigo,2025-05-29,199.91,198.48
Precio Hecho,2025-05-22,Trigo,2025-05-22,199.91,199.91
Precio Hecho,2025-05-22,Maiz,2025-05-30,184.235,175.93
Precio Hecho,2025-05-22,Soja,2025-05-22,274.77,274.77
Precio Hecho,2025-05-22,Maiz,2025-05-30,184.235,175.93
Precio a Fijar,2025-01-10,Trigo,2025-02-01,186.915,
Precio Hecho,2025-05-22,Soja,2025-06-21,274.77,
Precio Hecho,2025-05-22,Soja,2025-05-22,274.77,274.77
Precio Hecho,2025-05-22,Soja,2025-05-22,274.77,274.77
Precio Hecho,2025-05-22,Soja,2025-05-30,274.77,269.36
Precio Hecho,2025-05-22,Soja,2025-05-22,274.77,274.77
Precio Hecho,2025-05-22,Soja,2025-05-30,274.77,269.36
Precio Hecho,2025-05-22,Soja,2025-05-30,274.77,269.36
Precio Hecho,2025-05-22,Soja,2025-05-30,274.77,269.36
Precio Hecho,2025-05-22,Soja,2025-05-22,274.77,274.77
Precio Hecho,2025-05-16,Soja,2025-05-16,270.32,270.32
Precio Hecho,2025-05-22,Maiz,2025-05-22,184.235,184.235
Precio Hecho,2025-05-22,Soja,2025-05-22,274.77,274.77
Precio Hecho,2025-05-21,Maiz,2025-05-31,185.86,
Precio a Fijar,2025-05-09,Trigo,2025-05-31,194.45,
Precio Hecho,2025-05-22,Soja,2025-05-22,274.77,274.77
Precio Hecho,2025-05-22,Trigo,2025-05-29,199.91,198.48
Precio Hecho,2025-05-22,Trigo,2025-06-21,199.91,
Precio Hecho,2025-05-21,Trigo,2025-05-28,199.39,198.28
Precio a Fijar,2025-03-20,Maiz,2025-05-31,196.35,
Precio Hecho,2025-05-22,Trigo,2025-06-21,199.91,
Precio Hecho,2025-05-22,Trigo,2025-05-30,199.91,198.48
Precio a Fijar,2025-04-25,Soja,2025-05-25,266.495,
Precio a Fijar,2025-04-30,Maiz,2025-05-15,194.185,183.48000000000002
Precio a Fijar,2025-04-21,Maiz,2025-04-30,197.44,194.185
Precio a Fijar,2025-04-15,Maiz,2025-05-15,197.92,183.48000000000002
Precio a Fijar,2025-03-25,Maiz,2025-04-25,195.01,199.23
Precio a Fijar,2025-01-30,Girasol,2025-01-31,349.0,343.98
Precio a Fijar,2025-01-02,Girasol,2025-02-02,360.29,
Precio a Fijar,2024-11-21,Trigo,2024-11-30,186.88333333333335,
Precio a Fijar,2024-11-21,Trigo,2024-11-30,186.88333333333335,
Precio a Fijar,2024-11-21,Trigo,2024-11-30,186.88333333333335,
Precio a Fijar,2024-11-21,Trigo,2024-11-30,186.88333333333335,
Precio Hecho,2025-05-22,Soja,2025-06-22,274.77,
Precio Hecho,2025-05-22,Soja,2025-06-22,274.77,
Precio a Fijar,2025-05-22,Soja,2025-05-30,274.77,269.36
Precio a Fijar,2025-05-22,Soja,2025-06-22,274.77,
Precio a Fijar,2025-05-22,Soja,2025-06-22,274.77,
Precio a Fijar,2025-05-20,Soja,2025-06-20,274.21,
Precio Hecho,2025-05-22,Maiz,2025-06-22,184.235,
Precio a Fijar,2025-04-25,Soja,2025-05-25,266.495,
Precio a Fijar,2025-03-18,Soja,2025-04-30,304.02,251.94
Precio a Fijar,2025-03-18,Soja,2025-04-30,304.02,251.94
Precio a Fijar,2025-03-18,Soja,2025-04-30,304.02,251.94
Precio a Fijar,2025-03-18,Soja,2025-04-30,304.02,251.94
Precio Hecho,2025-05-22,Trigo,2025-05-28,199.91,198.28
Precio a Fijar,2025-05-20,Maiz,2025-06-19,183.815,172.12
Precio Hecho,2025-05-22,Soja,2025-05-22,274.77,274.77
Precio a Fijar,2024-08-06,Trigo,2024-12-31,235.73333333333335,
Precio a Fijar,2025-02-27,Soja,2025-03-31,311.6,319.37
Precio a Fijar,2025-02-04,Soja,2025-02-15,303.53,
Precio a Fijar,2025-01-15,Soja,2025-01-31,283.11,299.0
Precio a Fijar,2024-08-29,Maiz,2024-09-15,174.85,
Precio Hecho,2025-05-20,Soja,2025-06-30,274.21,269.66999999999996
Precio Hecho,2025-05-21,Girasol,2025-06-20,344.24,
Precio Hecho,2025-05-21,Girasol,2025-06-20,344.24,
Precio a Fijar,2025-05-22,Soja,2025-06-21,274.77,
Precio Hecho,2025-05-22,Soja,2025-06-01,274.77,
Precio Hecho,2025-05-22,Soja,2025-06-01,274.77,
Precio Hecho,2025-05-20,Girasol,2025-06-19,320.745,300.0
Precio a Fijar,2025-05-16,Soja,2025-07-31,270.32,
Precio Hecho,2025-05-22,Maiz,2025-05-22,184.235,184.235
Precio a Fijar,2025-04-21,Soja,2025-07-31,273.08,
Precio Hecho,2025-05-15,Soja,2025-05-15,269.255,269.255
Precio a Fijar,2025-04-23,Soja,2025-05-23,,269.57
Precio Hecho,2025-05-22,Maiz,2025-06-22,184.235,
Precio Hecho,2025-05-15,Soja,2025-05-15,269.255,269.255
Precio Hecho,2024-12-02,Soja,2024-12-02,286.42,286.42
Precio a Fijar,2025-05-21,Soja,2025-05-26,273.605,269.98
Precio a Fijar,2025-05-21,Soja,2025-05-26,273.605,269.98
Precio Hecho,2025-05-14,Soja,2025-05-14,271.12,271.12
Precio Hecho,2025-05-22,Soja,2025-05-23,274.77,269.57
Precio a Fijar,2025-01-20,Soja,2025-04-30,277.11,251.94
Precio a Fijar,2025-05-21,Soja,2025-05-26,273.605,269.98
Precio Hecho,2025-05-14,Soja,2025-05-14,271.12,271.12
Precio a Fijar,2024-12-12,Trigo,2025-03-03,191.36,
Precio Hecho,2025-05-22,Soja,2025-05-23,274.77,269.57
Precio Hecho,2025-05-21,Maiz,2025-06-20,185.86,
Precio a Fijar,2024-12-12,Trigo,2025-01-11,191.36,
Precio Hecho,2025-05-22,Trigo,2025-05-22,199.91,199.91
Precio Hecho,2025-05-22,Soja,2025-05-23,274.77,269.57
Precio a Fijar,2025-05-21,Maiz,2025-05-26,185.86,181.1
Precio a Fijar,2024-10-31,Trigo,2024-12-31,196.98,
Precio a Fijar,2024-11-15,Trigo,2024-12-31,182.21,
Precio a Fijar,2025-05-21,Maiz,2025-05-26,185.86,181.1
Precio Hecho,2025-05-20,Trigo,2025-06-20,198.42,
Precio a Fijar,2025-04-25,Soja,2025-05-25,266.495,
Precio a Fijar,2025-04-23,Soja,2025-07-31,,
Precio Hecho,2025-05-15,Soja,2025-05-15,269.255,269.255
Precio Hecho,2025-05-15,Soja,2025-05-15,269.255,269.255
Precio Hecho,2025-05-21,Trigo,2025-06-21,199.39,
Precio Hecho,2025-05-21,Girasol,2025-06-20,344.24,
Precio Hecho,2025-05-22,Soja,2025-05-22,274.77,274.77
Precio Hecho,2025-05-21,Maiz,2025-05-24,185.86,
Precio Hecho,2025-05-21,Maiz,2025-06-20,185.86,
Precio a Fijar,2025-05-21,Maiz,2025-06-20,185.86,
Precio a Fijar,2025-05-21,Maiz,2025-06-20,185.86,
Precio Hecho,2025-05-16,Soja,2025-05-16,270.32,270.32
Precio Hecho,2025-01-31,Soja,2025-01-31,299.0,299.0
Precio Hecho,2025-05-14,Soja,2025-05-14,271.12,271.12
Precio a Fijar,2024-11-11,CEBADA CERV.,2025-11-30,,
Precio Hecho,2025-05-15,Soja,2025-05-15,269.255,269.255
Precio Hecho,2025-05-22,Trigo,2025-05-31,199.91,
Precio Hecho,2025-05-21,Maiz,2025-05-29,185.86,177.26
Precio Hecho,2025-05-19,Maiz,2025-05-19,181.315,181.315
Precio a Fijar,2025-04-21,Soja,2025-07-31,273.08,
Precio a Fijar,2025-05-20,Trigo,2025-06-20,198.42,
Precio Hecho,2025-05-22,Maiz,2025-05-22,184.235,184.235
Precio a Fijar,2025-03-05,Soja,2025-04-30,299.27,251.94
Precio a Fijar,2025-05-22,Soja,2025-06-21,274.77,
Precio a Fijar,2025-05-22,Soja,2025-06-21,274.77,
Precio Hecho,2025-05-22,Soja,2025-06-22,274.77,
Precio Hecho,2025-05-22,Trigo,2025-06-01,199.91,
Precio Hecho,2025-05-21,Sorgo,2025-06-20,178.59,
Precio Hecho,2025-05-22,Soja,2025-06-22,274.77,
Precio a Fijar,2025-05-14,Soja,2025-05-17,271.12,
Precio Hecho,2025-05-22,Soja,2025-06-21,274.77,
Precio Hecho,2025-05-13,Soja,2025-05-13,272.245,272.245
Precio Hecho,2025-05-22,Soja,2025-06-22,274.77,
Precio a Fijar,2025-05-20,Maiz,2025-09-30,183.815,178.83
Precio a Fijar,2025-05-20,Maiz,2025-06-30,183.815,168.39333333333332
Precio a Fijar,2024-12-04,Trigo,2025-01-03,187.56,187.5175
Precio Hecho,2025-05-19,Soja,2025-05-19,273.06,273.06
Precio a Fijar,2024-12-04,Trigo,2025-01-03,187.56,187.5175
Precio Hecho,2025-05-22,Soja,2025-05-22,274.77,274.77
Precio Hecho,2025-05-19,Soja,2025-05-19,273.06,273.06
Precio Hecho,2025-05-22,Soja,2025-05-22,274.77,274.77
Precio Hecho,2025-05-21,Maiz,2025-06-20,185.86,
Precio a Fijar,2025-05-21,Maiz,2025-07-31,185.86,
Precio a Fijar,2025-05-21,Maiz,2025-08-31,185.86,
Precio Hecho,2025-05-21,Maiz,2025-05-31,185.86,
Precio Hecho,2025-05-21,Maiz,2025-05-31,185.86,
Precio Hecho,2025-05-21,Girasol,2025-06-20,344.24,
Precio a Fijar,2025-05-21,Maiz,2025-07-31,185.86,
Precio Hecho,2025-05-21,Trigo,2025-06-20,199.39,
Precio Hecho,2025-05-12,Soja,2025-05-12,275.315,275.315
Precio Hecho,2025-05-22,Girasol,2025-05-22,322.435,322.435
Precio a Fijar,2025-05-22,Soja,2025-05-22,274.77,274.77
Precio a Fijar,2025-05-13,Soja,2025-05-13,272.245,272.245
Precio a Fijar,2024-10-10,Soja,2025-04-30,306.44,251.94
Precio a Fijar,2025-05-22,Soja,2025-06-20,274.77,
Precio Hecho,2025-05-22,Trigo,2025-06-22,199.91,
Precio Hecho,2025-05-22,Trigo,2025-06-23,199.91,198.46
Precio a Fijar,2025-02-17,Girasol,2025-03-30,339.04499999999996,
Precio a Fijar,2024-12-02,Trigo,2024-12-15,187.65,
Precio a Fijar,2024-12-02,Trigo,2024-12-15,187.65,
Precio a Fijar,2025-05-22,Maiz,2025-05-31,184.235,
Precio a Fijar,2025-05-15,Maiz,2025-05-31,183.48000000000002,
Precio Hecho,2025-05-22,Maiz,2025-05-22,184.235,184.235
Precio Hecho,2025-05-22,Soja,2025-05-22,274.77,274.77
Precio a Fijar,2025-05-22,Soja,2025-05-30,274.77,269.36
Precio Hecho,2025-05-21,Maiz,2025-05-21,185.86,185.86
Precio Hecho,2025-05-22,Trigo,2025-06-10,199.91,164.4275
Precio Hecho,2025-05-22,Trigo,2025-06-22,199.91,
Precio Hecho,2025-05-22,Soja,2025-05-22,274.77,274.77
Precio Hecho,2025-05-22,Maiz,2025-05-22,184.235,184.235
Precio Hecho,2025-05-22,Soja,2025-05-22,274.77,274.77
Precio Hecho,2025-05-22,Soja,2025-05-22,274.77,274.77
Precio Hecho,2025-05-22,Soja,2025-05-22,274.77,274.77
Precio Hecho,2025-05-21,Soja,2025-06-02,273.605,267.41999999999996
Precio Hecho,2025-05-22,Soja,2025-05-22,274.77,274.77
Precio Hecho,2025-05-22,Soja,2025-05-22,274.77,274.77
Precio Hecho,2025-05-05,Maiz,2025-06-04,186.375,
Precio Hecho,2025-05-05,Maiz,2025-06-04,186.375,
Precio Hecho,2025-05-05,Maiz,2025-06-04,186.375,
Precio Hecho,2025-05-05,Maiz,2025-06-04,186.375,
Precio Hecho,2025-05-05,Maiz,2025-06-04,186.375,
Precio Hecho,2025-05-07,Trigo,2026-04-30,195.93,
Precio Hecho,2025-05-22,Soja,2025-05-22,274.77,274.77
Precio Hecho,2025-05-22,Soja,2025-05-22,274.77,274.77
Precio Hecho,2025-05-22,Soja,2025-05-22,274.77,274.77
Precio Hecho,2025-05-22,Girasol,2025-05-22,322.435,322.435
Precio Hecho,2025-05-22,Soja,2025-05-22,274.77,274.77
Precio Hecho,2025-05-22,Soja,2025-05-22,274.77,274.77
Precio Hecho,2025-05-22,Soja,2025-05-22,274.77,274.77
Precio a Fijar,2025-05-21,Soja,2025-06-21,273.605,
Precio a Fijar,2025-05-21,Soja,2025-06-20,273.605,
Precio a Fijar,2025-05-21,Maiz,2025-06-20,185.86,
Precio a Fijar,2025-02-06,Soja,2025-03-06,303.39,309.07
Precio a Fijar,2025-02-05,Soja,2025-05-15,303.46,269.255
Precio a Fijar,2025-02-05,Soja,2025-05-15,303.46,269.255
Precio a Fijar,2025-01-09,Soja,2025-02-09,,
Precio a Fijar,2025-01-06,Soja,2025-04-30,279.09,251.94
Precio a Fijar,2024-03-13,Soja,2025-02-28,,
Precio a Fijar,2025-01-06,Soja,2025-04-30,279.09,251.94
Precio a Fijar,2024-07-04,Soja,2025-04-30,308.04333333333335,251.94
Precio a Fijar,2025-02-25,Soja,2025-04-30,310.88,251.94
Precio Hecho,2025-05-21,Trigo,2025-12-31,199.39,
Precio Hecho,2025-05-21,Trigo,2025-12-31,199.39,
Precio a Fijar,2025-05-21,Soja,2025-05-31,273.605,
Precio a Fijar,2025-05-21,Soja,2025-05-31,273.605,
Precio a Fijar,2025-05-21,Soja,2025-05-31,273.605,
Precio a Fijar,2025-05-21,Soja,2025-05-31,273.605,
Precio a Fijar,2025-05-21,Soja,2025-05-31,273.605,
Precio a Fijar,2025-05-21,Soja,2025-05-31,273.605,
Precio a Fijar,2025-05-21,Soja,2025-05-31,273.605,
Precio a Fijar,2025-03-25,Soja,2025-05-31,308.37,
Precio a Fijar,2025-05-21,Soja,2025-05-31,273.605,
Precio a Fijar,2025-05-21,Maiz,2025-06-20,185.86,
Precio Hecho,2025-05-20,CEBADA CERV.,2025-08-31,,
Precio a Fijar,2025-05-21,Soja,2025-05-31,273.605,
Precio a Fijar,2025-05-21,Soja,2025-05-31,273.605,
Precio a Fijar,2025-05-21,Soja,2025-05-31,273.605,
Precio a Fijar,2025-05-21,Soja,2025-06-30,273.605,269.66999999999996
Precio a Fijar,2025-01-03,Soja,2025-04-15,275.23,275.0
Precio a Fijar,2024-12-26,Soja,2025-04-15,277.8,275.0
Precio a Fijar,2024-12-18,Soja,2025-04-30,273.84,251.94
Precio a Fijar,2024-12-11,Soja,2025-04-30,,251.94
Precio a Fijar,2024-12-11,Soja,2025-04-30,,251.94
Precio a Fijar,2024-10-17,Soja,2024-11-17,311.56,
Precio a Fijar,2025-03-27,Soja,2025-04-01,319.89,293.09
Precio a Fijar,2025-02-12,Soja,2025-03-12,302.82,308.41
Precio a Fijar,2025-01-10,Soja,2025-02-10,281.39,304.78
Precio a Fijar,2025-01-10,Soja,2025-02-10,281.39,304.78
Precio a Fijar,2025-01-03,Soja,2025-02-03,275.23,298.79
Precio a Fijar,2024-12-12,Soja,2025-04-30,289.5,251.94
Precio Hecho,2025-05-21,Maiz,2025-06-20,185.86,
Precio Hecho,2025-05-21,Maiz,2025-06-20,185.86,
Precio Hecho,2025-05-21,Soja,2025-05-21,273.605,273.605
Precio Hecho,2025-05-21,Soja,2025-05-21,273.605,273.605
Precio Hecho,2025-05-21,Trigo,2025-05-21,199.39,199.39
Precio a Fijar,2025-05-21,Soja,2025-05-30,273.605,269.36
Precio a Fijar,2025-05-21,Soja,2025-05-31,273.605,
Precio a Fijar,2025-05-21,Maiz,2025-06-20,185.86,
Precio Hecho,2025-05-21,Soja,2025-06-20,273.605,
Precio a Fijar,2025-03-06,Soja,2025-05-31,309.07,
Precio a Fijar,2024-09-13,Maiz,2025-03-31,176.40333333333334,202.515
Precio Hecho,2025-05-21,Maiz,2025-06-21,185.86,
Precio Hecho,2025-05-21,Maiz,2025-06-21,185.86,
Precio Hecho,2025-05-21,Maiz,2025-06-05,185.86,
Precio Hecho,2025-05-21,Maiz,2025-06-21,185.86,
Precio Hecho,2025-05-21,Maiz,2025-05-28,185.86,181.03
Precio Hecho,2025-05-20,Maiz,2025-07-31,183.815,
Precio Hecho,2025-05-20,Maiz,2025-06-30,183.815,168.39333333333332
Precio a Fijar,2025-05-20,Maiz,2025-07-31,183.815,
Precio a Fijar,2024-10-25,Soja,2024-10-31,292.51,306.37
Precio a Fijar,2025-03-14,Soja,2025-05-15,299.49,269.255
Precio a Fijar,2025-05-21,Soja,2025-06-21,273.605,
Precio a Fijar,2025-05-21,Soja,2025-05-31,273.605,
Precio a Fijar,2025-05-21,Soja,2025-06-21,273.605,
Precio a Fijar,2025-05-21,Soja,2025-05-31,273.605,
Precio a Fijar,2025-05-21,Soja,2025-05-31,273.605,
Precio a Fijar,2025-05-21,Soja,2025-05-30,273.605,269.36
Precio Hecho,2025-05-21,Soja,2025-06-01,273.605,
Precio Hecho,2025-05-21,Soja,2025-05-30,273.605,269.36
Precio Hecho,2025-05-21,Maiz,2025-05-30,185.86,175.93
Precio a Fijar,2024-12-18,Maiz,2025-04-15,179.88666666666666,197.92
Precio a Fijar,2025-02-03,Soja,2025-03-03,298.79,
Precio Hecho,2025-05-21,Soja,2025-05-30,273.605,269.36
Precio Hecho,2025-05-21,Soja,2025-06-30,273.605,269.66999999999996
Precio a Fijar,2025-05-19,Soja,2025-06-19,273.06,274.87
Precio Hecho,2025-05-21,Soja,2025-06-10,273.605,239.8
Precio Hecho,2025-05-21,Soja,2025-06-09,273.605,271.79
Precio a Fijar,2025-01-30,Soja,2025-05-15,299.43,269.255
Precio Hecho,2025-05-21,Maiz,2025-05-31,185.86,
Precio Hecho,2025-05-21,Maiz,2025-07-31,185.86,
Precio Hecho,2025-05-21,Trigo,2025-06-20,199.39,
Precio Hecho,2025-05-21,Maiz,2025-06-20,185.86,
Precio a Fijar,2025-05-21,Soja,2025-06-21,273.605,
Precio a Fijar,2025-05-21,Soja,2025-06-21,273.605,
Precio a Fijar,2025-05-21,Soja,2025-06-21,273.605,
Precio a Fijar,2025-05-21,Soja,2025-06-30,273.605,269.66999999999996
Precio a Fijar,2025-05-21,Soja,2025-06-21,273.605,
Precio a Fijar,2025-05-21,Soja,2025-05-31,273.605,
Precio a Fijar,2025-05-21,Soja,2025-06-21,273.605,
Precio a Fijar,2025-05-21,Soja,2025-05-31,273.605,
Precio a Fijar,2024-10-10,Soja,2025-04-30,306.44,251.94
Precio Hecho,2025-05-21,Trigo,2025-05-28,199.39,198.28
Precio a Fijar,2025-05-21,Soja,2025-05-31,273.605,
Precio a Fijar,2025-05-21,Soja,2025-06-20,273.605,
Precio a Fijar,2025-05-21,Soja,2025-06-20,273.605,
Precio a Fijar,2025-05-21,Soja,2025-06-20,273.605,
Precio a Fijar,2025-05-21,Soja,2025-06-20,273.605,
Precio Hecho,2025-05-20,Girasol,2025-06-19,320.745,300.0
Precio Hecho,2025-05-21,Soja,2025-05-31,273.605,
Precio Hecho,2025-05-20,Soja,2025-05-30,274.21,269.36
Precio Hecho,2025-05-16,Soja,2025-05-26,270.32,269.98
Precio Hecho,2025-05-15,Soja,2025-05-25,269.255,
Precio Hecho,2025-05-07,Maiz,2025-05-17,186.27666666666667,
Precio a Fijar,2025-05-08,Maiz,2025-05-31,183.12,
Precio Hecho,2025-05-21,Girasol,2025-06-20,344.24,
Precio Hecho,2025-05-21,Trigo,2025-05-21,199.39,199.39
Precio Hecho,2025-05-21,Trigo,2025-05-21,199.39,199.39
Precio a Fijar,2025-04-16,Soja,2025-05-31,279.74,
Precio a Fijar,2025-02-04,Soja,2025-02-15,303.53,
Precio a Fijar,2024-12-11,Soja,2024-12-20,,273.17
Precio a Fijar,2024-11-28,Soja,2025-04-30,290.39,251.94
Precio a Fijar,2024-10-17,Soja,2024-11-15,311.56,303.24
Precio a Fijar,2025-05-21,Soja,2025-06-15,273.605,
Precio a Fijar,2025-05-21,Soja,2025-06-21,273.605,
Precio a Fijar,2025-05-21,Soja,2025-06-21,273.605,
Precio a Fijar,2025-05-21,Soja,2025-06-21,273.605,
Precio Hecho,2025-05-21,Trigo,2025-05-21,199.39,199.39
Precio a Fijar,2024-07-23,Trigo,2025-01-15,239.26333333333332,186.3725
Precio a Fijar,2025-05-01,Soja,2025-07-31,,
Precio Hecho,2025-05-21,Soja,2025-05-21,273.605,273.605
Precio a Fijar,2025-05-21,Maiz,2025-06-20,185.86,
Precio Hecho,2025-05-19,Soja,2025-05-19,273.06,273.06
Precio Hecho,2025-05-21,Soja,2025-06-20,273.605,
Precio Hecho,2025-05-21,Trigo,2025-05-21,199.39,199.39
Precio Hecho,2025-05-21,Soja,2025-05-21,273.605,273.605
Precio Hecho,2025-05-21,Trigo,2025-05-28,199.39,198.28
Precio Hecho,2025-05-19,Soja,2025-05-19,273.06,273.06
Precio Hecho,2025-05-20,Soja,2025-05-20,274.21,274.21
Precio Hecho,2025-05-20,Soja,2025-05-20,274.21,274.21
Precio Hecho,2025-05-12,Soja,2025-05-12,275.315,275.315
Precio Hecho,2025-05-15,Soja,2025-05-15,269.255,269.255
Precio Hecho,2025-05-21,Soja,2025-05-21,273.605,273.605
Precio Hecho,2025-05-19,Trigo,2025-05-19,197.2,197.2
Precio Hecho,2025-05-19,Trigo,2025-05-19,197.2,197.2
Precio Hecho,2025-05-21,Maiz,2025-06-20,185.86,
Precio Hecho,2025-05-21,Maiz,2025-06-20,185.86,
Precio Hecho,2025-05-21,Trigo,2025-06-20,199.39,
Precio Hecho,2025-05-21,Maiz,2025-05-21,185.86,185.86
Precio Hecho,2025-05-21,Soja,2025-05-21,273.605,273.605
Precio a Fijar,2025-04-01,Soja,2026-03-31,293.09,
Precio a Fijar,2025-04-01,Soja,2026-03-31,293.09,
Precio a Fijar,2025-04-01,Soja,2026-03-31,293.09,
Precio Hecho,2025-05-21,Soja,2025-09-30,273.605,346.1366666666666
Precio Hecho,2025-05-21,Soja,2025-06-20,273.605,
Precio a Fijar,2025-04-23,Soja,2026-03-31,,
Precio Hecho,2025-05-21,Soja,2025-05-21,273.605,273.605
Precio a Fijar,2025-05-21,Soja,2025-07-31,273.605,
Precio Hecho,2025-05-21,Soja,2025-05-21,273.605,273.605
Precio Hecho,2025-05-21,Soja,2025-05-21,273.605,273.605
Precio Hecho,2025-05-21,Soja,2025-05-21,273.605,273.605
Precio Hecho,2025-05-21,Soja,2025-05-21,273.605,273.605
Precio Hecho,2025-05-21,Soja,2025-05-21,273.605,273.605
Precio Hecho,2025-05-20,Soja,2025-05-20,274.21,274.21
Precio Hecho,2025-05-21,Soja,2025-05-21,273.605,273.605
Precio Hecho,2025-05-20,Soja,2025-05-20,274.21,274.21
Precio Hecho,2025-05-21,Soja,2025-05-21,273.605,273.605
Precio Hecho,2025-05-21,Soja,2025-05-21,273.605,273.605
Precio Hecho,2025-05-21,Soja,2025-05-21,273.605,273.605
Precio Hecho,2025-05-21,Soja,2025-05-28,273.605,267.24
Precio Hecho,2025-05-21,Trigo,2025-05-31,199.39,
Precio Hecho,2025-05-21,Soja,2025-05-21,273.605,273.605
Precio Hecho,2025-05-21,Soja,2025-05-21,273.605,273.605
Precio Hecho,2025-05-19,ARROZ C.L.F,2025-05-19,,
Precio Hecho,2025-05-21,Soja,2025-05-21,273.605,273.605
Precio Hecho,2025-05-21,Trigo,2025-05-21,199.39,199.39
Precio Hecho,2025-05-21,Soja,2025-06-21,273.605,
Precio Hecho,2025-02-28,Maiz,2025-02-28,,
Precio Hecho,2025-05-21,Soja,2025-05-28,273.605,267.24
Precio Hecho,2025-05-21,Soja,2025-06-21,273.605,
Precio Hecho,2025-05-21,Soja,2025-05-21,273.605,273.605
Precio Hecho,2025-05-21,Soja,2025-05-28,273.605,267.24
Precio Hecho,2025-05-21,Soja,2025-06-21,273.605,
Precio Hecho,2025-05-21,Maiz,2025-05-28,185.86,181.03
Precio Hecho,2025-05-21,Soja,2025-05-28,273.605,267.24
Precio Hecho,2025-02-24,Maiz,2025-02-24,201.69666666666663,201.69666666666663
Precio Hecho,2025-05-21,Soja,2025-05-28,273.605,267.24
Precio Hecho,2025-05-21,Soja,2025-06-21,273.605,
Precio Hecho,2025-05-21,Soja,2025-05-28,273.605,267.24
Precio Hecho,2025-05-21,Soja,2025-05-28,273.605,267.24
Precio Hecho,2025-05-21,ACEITE SOJA,2025-06-30,,
Precio Hecho,2025-05-21,Soja,2025-06-21,273.605,
Precio Hecho,2025-05-21,Soja,2025-05-28,273.605,267.24
Precio Hecho,2025-05-21,Soja,2025-05-21,273.605,273.605
Precio Hecho,2025-05-21,Soja,2025-05-28,273.605,267.24
Precio Hecho,2025-05-21,Soja,2025-06-21,273.605,
Precio Hecho,2025-05-21,Soja,2025-05-28,273.605,267.24
Precio Hecho,2025-05-21,Soja,2025-05-21,273.605,273.605
Precio Hecho,2025-05-21,Soja,2025-05-21,273.605,273.605
Precio Hecho,2025-05-21,Soja,2025-05-21,273.605,273.605
Precio Hecho,2025-05-21,Trigo,2025-05-21,199.39,199.39
Precio a Fijar,2025-05-21,Soja,2025-06-20,273.605,
Precio a Fijar,2025-05-21,Soja,2025-06-20,273.605,
Precio a Fijar,2025-05-21,Soja,2025-06-20,273.605,
Precio a Fijar,2025-05-21,Soja,2025-06-20,273.605,
Precio a Fijar,2025-05-21,Soja,2025-06-20,273.605,
Precio a Fijar,2025-05-21,Soja,2025-06-30,273.605,269.66999999999996
Precio a Fijar,2025-05-21,Trigo,2025-12-15,199.39,
Precio Hecho,2025-05-21,Trigo,2025-05-21,199.39,199.39
Precio Hecho,2025-05-20,Girasol,2025-06-20,320.745,
Precio Hecho,2025-05-21,Maiz,2025-06-21,185.86,
Precio Hecho,2025-05-08,Soja,2025-05-21,268.56,273.605
Precio Hecho,2025-02-17,Maiz,2025-02-17,207.69,207.69
Precio Hecho,2025-05-12,Soja,2025-05-21,275.315,273.605
Precio Hecho,2025-02-12,Maiz,2025-02-12,207.715,207.715
Precio Hecho,2025-05-13,Soja,2025-05-21,272.245,273.605
Precio Hecho,2025-05-21,Girasol,2025-06-15,344.24,
Precio Hecho,2025-05-06,Soja,2025-05-21,264.45,273.605
Precio Hecho,2025-05-06,Soja,2025-05-21,264.45,273.605
Precio Hecho,2025-05-06,Soja,2025-05-21,264.45,273.605
Precio Hecho,2025-05-06,Soja,2025-05-21,264.45,273.605
Precio Hecho,2025-05-21,Soja,2025-06-20,273.605,
Precio Hecho,2025-05-12,Trigo,2025-05-21,197.1833333333333,199.39
Precio Hecho,2025-05-15,Soja,2025-05-21,269.255,273.605
Precio Hecho,2025-05-21,ACEITE SOJA,2025-05-21,,
Precio Hecho,2025-05-21,Maiz,2025-06-21,185.86,
Precio Hecho,2025-05-21,Soja,2025-06-21,273.605,
Precio Hecho,2025-05-21,Soja,2025-06-21,273.605,
Precio Hecho,2025-05-21,Soja,2025-06-21,273.605,
Precio Hecho,2025-05-21,Soja,2025-06-21,273.605,
Precio Hecho,2025-05-21,Soja,2025-06-21,273.605,
Precio Hecho,2025-05-21,Soja,2025-06-21,273.605,
Precio Hecho,2025-05-21,Soja,2025-06-21,273.605,
Precio Hecho,2025-05-20,Soja,2025-06-20,274.21,
Precio Hecho,2025-05-20,Soja,2025-06-20,274.21,
Precio Hecho,2025-05-21,Soja,2025-05-21,273.605,273.605
Precio Hecho,2025-05-21,Soja,2025-05-21,273.605,273.605
Precio Hecho,2025-05-21,Maiz,2025-05-21,185.86,185.86
Precio Hecho,2025-05-21,Soja,2025-05-21,273.605,273.605
Precio Hecho,2025-05-21,Soja,2025-05-21,273.605,273.605
Precio Hecho,2025-05-21,Soja,2025-05-21,273.605,273.605
Precio Hecho,2025-05-20,Soja,2025-06-20,274.21,
Precio Hecho,2025-05-17,Soja,2025-06-17,,278.82666666666665
Precio Hecho,2025-05-17,Soja,2025-06-17,,278.82666666666665
Precio Hecho,2025-05-17,Soja,2025-06-17,,278.82666666666665
Precio Hecho,2025-05-16,Maiz,2025-06-16,184.035,
Precio Hecho,2025-05-16,Soja,2025-06-16,270.32,
Precio Hecho,2025-05-07,Soja,2025-05-30,268.21000000000004,269.36
Precio a Fijar,2025-03-26,Trigo,2025-04-25,217.77,204.75
Precio Hecho,2025-05-21,Trigo,2025-06-25,199.39,196.83666666666667
Precio a Fijar,2025-03-19,Trigo,2025-04-19,216.53,
Precio Hecho,2025-05-21,Trigo,2025-06-25,199.39,196.83666666666667
Precio Hecho,2025-05-21,Trigo,2025-05-30,199.39,198.48
Precio a Fijar,2024-10-30,Girasol,2025-02-15,,
Precio a Fijar,2024-11-21,Girasol,2025-02-28,348.96,
Precio a Fijar,2025-01-28,Maiz,2025-03-31,204.57,202.515
Precio a Fijar,2025-01-31,Girasol,2025-02-15,343.98,
Precio a Fijar,2025-01-31,Girasol,2025-02-15,343.98,
Precio a Fijar,2025-02-26,Maiz,2025-04-30,202.34,194.185
Precio a Fijar,2025-03-21,Maiz,2025-04-23,202.99,
Precio a Fijar,2025-03-21,Maiz,2025-04-23,202.99,
Precio a Fijar,2025-04-21,Maiz,2025-05-20,197.44,183.815
Precio a Fijar,2025-04-21,Maiz,2025-05-20,197.44,183.815
Precio a Fijar,2025-04-28,Maiz,2025-05-28,197.285,181.03
Precio Hecho,2025-05-21,Trigo,2025-06-25,199.39,196.83666666666667
Precio Hecho,2025-05-15,Maiz,2025-06-14,183.48000000000002,
Precio Hecho,2025-05-21,Soja,2025-07-31,273.605,
Precio a Fijar,2025-05-21,Maiz,2025-06-20,185.86,
Precio a Fijar,2025-05-21,Maiz,2025-07-15,185.86,171.65
Precio Hecho,2025-05-20,CEBADA FORR.,2025-06-20,,
Precio Hecho,2025-05-20,CEBADA CERV.,2025-06-20,,
Precio a Fijar,2025-01-08,Girasol,2025-02-14,349.25,348.97
Precio a Fijar,2025-01-23,Girasol,2025-03-03,338.58,
Precio a Fijar,2024-12-04,Girasol,2025-02-28,348.96,
Precio a Fijar,2025-05-14,Maiz,2025-05-21,182.65,185.86
Precio a Fijar,2025-05-21,Soja,2025-05-31,273.605,
Precio a Fijar,2025-05-21,Soja,2025-06-21,273.605,
Precio a Fijar,2024-11-05,Girasol,2025-03-17,,316.61
Precio Hecho,2025-05-21,Trigo,2025-05-21,199.39,199.39
Precio a Fijar,2024-06-04,CEBADA CERV.,2024-12-31,,
Precio Hecho,2025-05-21,Maiz,2025-05-21,185.86,185.86
Precio a Fijar,2024-06-04,CEBADA CERV.,2024-12-31,,
Precio Hecho,2025-05-21,Maiz,2025-05-21,185.86,185.86
Precio a Fijar,2024-11-29,CEBADA CERV.,2024-12-31,,
Precio a Fijar,2024-11-29,CEBADA CERV.,2024-12-31,,
Precio a Fijar,2024-12-05,CEBADA CERV.,2025-01-31,,
Precio a Fijar,2024-05-24,CEBADA CERV.,2024-06-30,,
Precio a Fijar,2024-05-24,CEBADA CERV.,2024-06-30,,
Precio Hecho,2025-05-21,Trigo,2025-05-27,199.39,197.66
Precio a Fijar,2025-05-20,Maiz,2025-06-19,183.815,172.12
Precio a Fijar,2025-02-19,Girasol,2025-03-20,,309.13
Precio Hecho,2025-05-21,Soja,2025-06-20,273.605,
Precio Hecho,2025-05-21,Trigo,2025-05-30,199.39,198.48
Precio Hecho,2025-05-21,ACEITE SOJA,2025-05-28,,
Precio Hecho,2025-05-20,Maiz,2025-06-19,183.815,172.12
Precio a Fijar,2025-05-20,Trigo,2025-12-31,198.42,
Precio a Fijar,2024-09-25,Soja,2024-10-25,294.12,292.51
Precio a Fijar,2025-05-20,Trigo,2025-05-31,198.42,
Precio Hecho,2025-05-21,Soja,2025-05-21,273.605,273.605
Precio Hecho,2025-05-21,Soja,2025-05-21,273.605,273.605
Precio Hecho,2025-05-21,Soja,2025-05-21,273.605,273.605
Precio Hecho,2025-05-21,Soja,2025-05-21,273.605,273.605
Precio a Fijar,2025-01-07,Trigo,2025-03-31,185.6925,218.81
Precio Hecho,2025-05-21,Trigo,2025-05-23,199.39,198.5
Precio Hecho,2025-05-21,Trigo,2025-05-28,199.39,198.28
Precio Hecho,2025-05-20,Maiz,2025-06-19,183.815,172.12
Precio a Fijar,2025-04-09,Maiz,2025-05-09,207.47500000000002,180.39499999999998
Precio a Fijar,2025-04-16,Soja,2025-05-16,279.74,270.32
Precio a Fijar,2025-05-21,Soja,2025-06-20,273.605,
Precio a Fijar,2025-05-21,Soja,2025-06-20,273.605,
Precio a Fijar,2025-05-21,Soja,2025-06-20,273.605,
Precio a Fijar,2025-05-21,Soja,2025-06-20,273.605,
Precio a Fijar,2025-05-21,Soja,2025-06-20,273.605,
Precio a Fijar,2025-05-21,Soja,2025-06-30,273.605,269.66999999999996
Precio Hecho,2025-05-21,Soja,2025-05-21,273.605,273.605
Precio Hecho,2025-05-21,Soja,2025-05-21,273.605,273.605
Precio Hecho,2025-05-21,Soja,2025-05-21,273.605,273.605
Precio Hecho,2025-05-21,Trigo,2025-05-22,199.39,199.91
Precio Hecho,2025-05-20,Girasol,2025-06-15,320.745,
Precio Hecho,2025-05-21,Maiz,2025-05-21,185.86,185.86
Precio Hecho,2025-05-21,Soja,2025-05-22,273.605,274.77
Precio Hecho,2025-05-20,Girasol,2025-06-15,320.745,
Precio Hecho,2025-05-21,Maiz,2025-05-21,185.86,185.86
Precio Hecho,2025-05-21,Maiz,2025-05-21,185.86,185.86
Precio Hecho,2025-05-21,Soja,2025-05-22,273.605,274.77
Precio Hecho,2025-05-20,Soja,2025-06-19,274.21,274.87
Precio Hecho,2025-05-21,Maiz,2025-05-21,185.86,185.86
Precio Hecho,2025-05-21,Soja,2025-05-22,273.605,274.77
Precio Hecho,2025-05-21,Maiz,2025-05-21,185.86,185.86
Precio Hecho,2025-05-20,ACEITE SOJA,2025-05-20,,
Precio Hecho,2025-05-21,Maiz,2025-05-21,185.86,185.86
Precio Hecho,2025-05-21,Maiz,2025-05-21,185.86,185.86
Precio Hecho,2025-05-21,Maiz,2025-05-21,185.86,185.86
Precio Hecho,2025-05-21,Maiz,2025-05-21,185.86,185.86
Precio Hecho,2025-05-21,Maiz,2025-05-21,185.86,185.86
Precio Hecho,2025-05-21,Trigo,2025-05-21,199.39,199.39
Precio Hecho,2025-05-21,Soja,2025-05-21,273.605,273.605
Precio Hecho,2025-05-20,Soja,2025-06-19,274.21,274.87
Precio Hecho,2025-05-20,Soja,2025-06-19,274.21,274.87
Precio Hecho,2025-05-21,Soja,2025-05-21,273.605,273.605
Precio Hecho,2025-05-19,Girasol,2025-06-18,319.72,297.64
Precio Hecho,2025-05-21,Soja,2025-05-21,273.605,273.605
Precio Hecho,2025-05-21,Maiz,2025-06-05,185.86,
Precio Hecho,2025-05-21,Girasol,2025-05-21,344.24,344.24
Precio Hecho,2025-05-21,Soja,2025-06-21,273.605,
Precio a Fijar,2025-05-20,Maiz,2025-09-30,183.815,178.83
Precio a Fijar,2025-05-20,Trigo,2025-06-20,198.42,
Precio a Fijar,2025-05-20,Maiz,2025-09-30,183.815,178.83
Precio a Fijar,2025-05-20,Soja,2025-06-20,274.21,
Precio a Fijar,2025-05-16,Soja,2025-06-16,270.32,
Precio a Fijar,2025-05-20,Maiz,2025-06-30,183.815,168.39333333333332
Precio a Fijar,2025-05-16,Soja,2025-06-16,270.32,
Precio a Fijar,2025-05-20,Maiz,2025-06-30,183.815,168.39333333333332
Precio a Fijar,2025-01-03,Soja,2025-04-30,275.23,251.94
Precio a Fijar,2025-04-23,Soja,2026-03-31,,
Precio a Fijar,2025-01-03,Soja,2025-04-30,275.23,251.94
Precio a Fijar,2025-04-25,Soja,2025-07-31,266.495,
Precio a Fijar,2025-05-21,Soja,2025-06-20,273.605,
Precio a Fijar,2025-05-21,Soja,2025-06-20,273.605,
Precio a Fijar,2025-05-21,Soja,2025-06-21,273.605,
Precio a Fijar,2025-05-21,Trigo,2025-12-15,199.39,
Precio a Fijar,2025-05-21,Soja,2025-06-19,273.605,274.87
Precio a Fijar,2025-04-25,Soja,2025-07-31,266.495,
Precio a Fijar,2025-04-24,Soja,2025-05-30,268.31,269.36
Precio a Fijar,2025-01-09,Soja,2025-04-20,,
Precio Hecho,2025-05-20,Maiz,2025-06-20,183.815,
Precio a Fijar,2025-05-20,Soja,2025-06-19,274.21,274.87
Precio a Fijar,2025-04-23,Soja,2026-03-31,,
Precio a Fijar,2025-04-24,Soja,2025-05-30,268.31,269.36
Precio a Fijar,2025-04-23,Soja,2026-03-31,,
Precio a Fijar,2025-04-21,Soja,2025-07-31,273.08,
Precio Hecho,2025-04-01,Maiz,2025-05-01,201.44,
Precio Hecho,2025-05-21,Trigo,2025-05-21,199.39,199.39
Precio a Fijar,2025-05-07,Soja,2026-03-31,268.21000000000004,
Precio Hecho,2025-05-21,Girasol,2025-05-21,344.24,344.24
Precio a Fijar,2025-05-07,Soja,2026-03-31,268.21000000000004,
Precio Hecho,2025-05-21,Maiz,2025-05-21,185.86,185.86
Precio Hecho,2025-05-21,Maiz,2025-05-21,185.86,185.86
Precio a Fijar,2025-05-01,Soja,2025-07-31,,
Precio Hecho,2025-05-21,Maiz,2025-05-21,185.86,185.86
Precio a Fijar,2025-05-01,Soja,2025-07-31,,
Precio Hecho,2025-05-20,Maiz,2025-06-23,183.815,170.595
Precio a Fijar,2025-04-23,Soja,2026-03-31,,
Precio Hecho,2025-05-21,Soja,2025-05-21,273.605,273.605
Precio Hecho,2025-05-21,Maiz,2025-05-21,185.86,185.86
Precio a Fijar,2025-04-01,Soja,2025-07-31,293.09,
Precio Hecho,2025-05-21,Soja,2025-05-21,273.605,273.605
Precio a Fijar,2025-04-01,Soja,2025-07-31,293.09,
Precio Hecho,2025-05-21,Maiz,2025-05-21,185.86,185.86
Precio a Fijar,2025-05-20,Soja,2025-06-19,274.21,274.87
Precio a Fijar,2025-05-19,Soja,2025-06-18,273.06,277.93333333333334
Precio a Fijar,2025-05-19,Soja,2025-06-18,273.06,277.93333333333334
Precio a Fijar,2024-10-04,Soja,2025-05-31,318.11,
Precio a Fijar,2025-05-19,Soja,2025-06-18,273.06,277.93333333333334
Precio a Fijar,2025-05-19,Soja,2025-06-18,273.06,277.93333333333334
Precio a Fijar,2025-05-19,Soja,2025-06-18,273.06,277.93333333333334
Precio a Fijar,2025-05-19,Soja,2025-05-31,273.06,
Precio a Fijar,2025-05-18,Soja,2025-06-17,,278.82666666666665
Precio a Fijar,2025-05-16,Soja,2025-06-15,270.32,
Precio a Fijar,2025-05-15,Soja,2025-06-15,269.255,
Precio a Fijar,2025-05-12,Soja,2025-06-11,275.315,274.3333333333333
Precio a Fijar,2025-05-11,Soja,2025-06-10,,239.8
Precio a Fijar,2025-05-11,Soja,2025-06-10,,239.8
Precio a Fijar,2025-05-08,Soja,2025-05-31,268.56,
Precio a Fijar,2025-05-06,Soja,2025-06-05,264.45,
Precio a Fijar,2025-05-06,Soja,2025-06-05,264.45,
Precio a Fijar,2025-05-02,Soja,2025-05-30,,269.36
Precio a Fijar,2025-04-30,Soja,2025-05-30,251.94,269.36
Precio a Fijar,2025-04-28,Soja,2025-05-28,285.395,267.24
Precio a Fijar,2025-04-28,Soja,2025-05-28,285.395,267.24
Precio a Fijar,2025-04-23,Soja,2025-05-23,,269.57
Precio a Fijar,2025-04-23,Soja,2025-05-23,,269.57
Precio a Fijar,2025-04-23,Soja,2025-05-23,,269.57
Precio a Fijar,2025-04-22,Soja,2025-05-22,275.82,274.77
Precio a Fijar,2025-04-22,Soja,2025-05-22,275.82,274.77
Precio a Fijar,2025-04-21,Soja,2025-05-21,273.08,273.605
Precio a Fijar,2025-04-11,Soja,2025-05-31,306.12,
Precio a Fijar,2025-04-11,Soja,2025-05-31,306.12,
Precio a Fijar,2025-04-07,Soja,2025-06-15,288.1,
Precio a Fijar,2025-03-31,Maiz,2025-04-30,202.515,194.185
Precio a Fijar,2025-02-26,Maiz,2025-03-28,202.34,193.76
Precio a Fijar,2025-01-31,Soja,2025-03-02,299.0,
Precio a Fijar,2025-01-22,Soja,2025-04-30,281.49,251.94
Precio a Fijar,2025-01-21,Soja,2025-02-20,279.85,313.28
Precio a Fijar,2025-01-03,Soja,2025-05-31,275.23,
Precio a Fijar,2024-12-30,Maiz,2025-04-30,185.08,194.185
Precio a Fijar,2024-12-30,Maiz,2025-04-30,185.08,194.185
Precio a Fijar,2024-12-30,Maiz,2025-04-30,185.08,194.185
Precio a Fijar,2024-12-27,Maiz,2025-04-15,185.17,197.92
Precio a Fijar,2024-12-27,Maiz,2025-06-30,185.17,168.39333333333332
Precio a Fijar,2024-12-27,Maiz,2025-04-30,185.17,194.185
Precio a Fijar,2024-12-27,Soja,2025-05-31,276.3,
Precio a Fijar,2024-12-27,Maiz,2025-05-15,185.17,183.48000000000002
Precio a Fijar,2024-12-19,Soja,2025-05-31,273.7,
Precio a Fijar,2024-12-06,Trigo,2025-01-05,187.69333333333336,
Precio a Fijar,2024-11-19,Soja,2025-05-15,299.1,269.255
Precio a Fijar,2024-10-28,Soja,2024-11-24,308.55,
Precio a Fijar,2024-10-04,Soja,2025-05-31,318.11,
Precio a Fijar,2024-08-20,Soja,2025-05-31,294.33500000000004,
Precio a Fijar,2024-05-02,Soja,2024-06-01,288.72333333333336,
Precio a Fijar,2024-04-26,Soja,2024-05-25,287.685,
Precio a Fijar,2023-04-29,Soja,2023-05-29,,
Precio a Fijar,2023-04-26,Soja,2023-05-26,,
Precio a Fijar,2024-10-04,Soja,2025-05-31,318.11,
Precio Hecho,2025-05-20,Soja,2025-05-30,274.21,269.36
Precio a Fijar,2025-05-20,CEBADA FORR.,2025-06-21,,
Precio a Fijar,2025-05-20,CEBADA FORR.,2025-12-30,,
Precio Hecho,2025-05-20,Soja,2025-05-30,274.21,269.36
Precio Hecho,2025-05-21,ACEITE SOJA,2025-05-28,,
Precio Hecho,2025-05-21,Soja,2025-05-21,273.605,273.605
Precio Hecho,2025-05-21,Soja,2025-05-21,273.605,273.605
Precio Hecho,2025-05-21,Soja,2025-05-30,273.605,269.36
Precio Hecho,2025-05-21,Soja,2025-05-30,273.605,269.36
Precio a Fijar,2025-03-12,Trigo,2025-03-12,208.58,208.58
Precio a Fijar,2025-05-20,Soja,2025-06-20,274.21,
Precio Hecho,2025-05-19,Trigo,2025-05-31,197.2,
Precio Hecho,2025-05-19,Trigo,2025-05-31,197.2,
Precio Hecho,2025-05-21,Soja,2025-05-21,273.605,273.605
Precio Hecho,2025-05-21,Soja,2025-05-21,273.605,273.605
Precio Hecho,2025-05-21,Trigo,2025-05-21,199.39,199.39
Precio Hecho,2025-05-21,Girasol,2025-05-21,344.24,344.24
Precio Hecho,2025-05-21,Soja,2025-05-21,273.605,273.605
Precio Hecho,2025-05-21,Soja,2025-05-21,273.605,273.605
Precio Hecho,2025-05-21,Soja,2025-05-21,273.605,273.605
Precio Hecho,2025-05-21,Trigo,2025-06-21,199.39,
Precio a Fijar,2025-05-20,Soja,2025-06-20,274.21,
Precio a Fijar,2025-05-20,Soja,2025-06-20,274.21,
Precio Hecho,2025-05-20,Soja,2025-06-20,274.21,
Precio a Fijar,2025-05-20,Soja,2025-06-20,274.21,
Precio a Fijar,2025-05-20,Soja,2025-06-20,274.21,
Precio a Fijar,2025-05-20,Maiz,2025-05-26,183.815,181.1
Precio a Fijar,2025-05-20,Soja,2025-06-02,274.21,267.41999999999996
Precio a Fijar,2025-05-20,Soja,2025-06-20,274.21,
Precio a Fijar,2025-05-20,Maiz,2025-05-25,183.815,
Precio a Fijar,2025-05-20,Trigo,2025-05-28,198.42,198.28
Precio a Fijar,2025-05-20,Soja,2025-06-19,274.21,274.87
Precio a Fijar,2025-05-20,Soja,2025-06-19,274.21,274.87
Precio a Fijar,2025-05-20,Soja,2025-06-19,274.21,274.87
Precio a Fijar,2025-05-20,Soja,2025-06-19,274.21,274.87
Precio a Fijar,2025-05-20,Soja,2025-06-19,274.21,274.87
Precio a Fijar,2025-05-16,Soja,2025-06-16,270.32,
Precio a Fijar,2025-05-08,Soja,2025-06-08,268.56,
Precio a Fijar,2025-01-28,Soja,2025-04-30,294.96,251.94
Precio a Fijar,2025-01-17,Soja,2025-04-30,277.78,251.94
Precio a Fijar,2024-12-30,Soja,2025-04-30,276.16,251.94
Precio a Fijar,2024-11-04,Soja,2025-04-30,309.91,251.94
Precio a Fijar,2024-11-04,Soja,2025-04-30,309.91,251.94
Precio a Fijar,2024-10-07,Soja,2024-11-07,312.66,311.56
Precio a Fijar,2024-03-13,Soja,2025-02-28,,
Precio a Fijar,2025-05-07,Soja,2025-06-07,268.21000000000004,
Precio a Fijar,2025-01-10,Soja,2025-04-30,281.39,251.94
Precio a Fijar,2025-01-09,Soja,2025-04-20,,
Precio a Fijar,2025-01-07,Soja,2025-04-30,277.99,251.94
Precio a Fijar,2025-01-07,Soja,2025-04-30,277.99,251.94
Precio a Fijar,2025-01-06,Soja,2025-04-30,279.09,251.94
Precio a Fijar,2024-12-10,Soja,2025-04-30,292.04,251.94
Precio a Fijar,2024-12-10,Soja,2025-04-30,292.04,251.94
Precio a Fijar,2024-12-10,Soja,2025-05-31,292.04,
Precio a Fijar,2024-12-10,Soja,2025-05-31,292.04,
Precio a Fijar,2024-12-10,Soja,2025-05-31,292.04,
Precio Hecho,2025-05-20,Soja,2025-06-20,274.21,
Precio Hecho,2025-05-20,Maiz,2025-07-31,183.815,
Precio a Fijar,2025-05-20,Soja,2025-06-19,274.21,274.87
Precio Hecho,2025-05-20,Trigo,2025-06-08,198.42,
Precio a Fijar,2025-05-16,Soja,2025-05-16,270.32,270.32
Precio a Fijar,2025-05-16,Soja,2025-05-16,270.32,270.32
Precio a Fijar,2025-05-16,Soja,2025-05-16,270.32,270.32
Precio a Fijar,2025-05-20,Soja,2025-05-20,274.21,274.21
Precio a Fijar,2025-05-20,Soja,2025-05-31,274.21,
Precio a Fijar,2025-05-20,Soja,2025-06-19,274.21,274.87
Precio a Fijar,2025-03-18,Soja,2025-04-30,304.02,251.94
Precio a Fijar,2025-03-18,Soja,2025-04-30,304.02,251.94
Precio a Fijar,2025-03-18,Soja,2025-04-30,304.02,251.94
Precio Hecho,2025-05-20,Girasol,2025-06-19,320.745,300.0
Precio a Fijar,2025-05-20,Soja,2025-05-30,274.21,269.36
Precio a Fijar,2025-05-20,Soja,2025-06-20,274.21,
Precio a Fijar,2025-05-20,Soja,2025-06-30,274.21,269.66999999999996
Precio Hecho,2025-05-20,Soja,2025-05-20,274.21,274.21
Precio a Fijar,2025-05-20,Soja,2025-05-30,274.21,269.36
Precio a Fijar,2025-05-20,Soja,2025-06-20,274.21,
Precio a Fijar,2025-05-20,Soja,2025-05-31,274.21,
Precio a Fijar,2025-05-20,Soja,2025-06-19,274.21,274.87
Precio Hecho,2025-05-20,Soja,2025-05-20,274.21,274.21
Precio Hecho,2025-05-20,Soja,2025-05-20,274.21,274.21
Precio Hecho,2025-05-20,Soja,2025-05-20,274.21,274.21
Precio a Fijar,2025-02-25,Soja,2025-03-05,310.88,299.27
Precio a Fijar,2025-02-18,Soja,2025-03-05,312.94,299.27
Precio a Fijar,2024-12-19,Soja,2025-01-19,273.7,
Precio a Fijar,2024-12-18,Soja,2025-04-30,273.84,251.94
Precio a Fijar,2024-12-18,Soja,2025-04-30,273.84,251.94
Precio a Fijar,2024-12-17,Soja,2025-04-15,279.0,275.0
Precio a Fijar,2024-12-12,Soja,2025-04-30,289.5,251.94
Precio a Fijar,2024-12-12,Soja,2025-04-30,289.5,251.94
Precio a Fijar,2024-12-12,Soja,2025-04-30,289.5,251.94
Precio a Fijar,2024-12-11,Soja,2025-04-30,,251.94
Precio a Fijar,2024-10-08,Soja,2025-04-30,317.79,251.94
Precio a Fijar,2024-10-08,Soja,2025-04-15,317.79,275.0
Precio a Fijar,2024-07-16,Soja,2025-05-31,300.49,
Precio a Fijar,2024-07-16,Soja,2025-05-31,300.49,
Precio a Fijar,2025-03-14,Soja,2025-05-15,299.49,269.255
Precio a Fijar,2025-02-26,Soja,2025-04-30,310.81,251.94
Precio a Fijar,2025-04-23,Trigo,2025-04-30,,
Precio Hecho,2025-05-20,Girasol,2025-05-20,320.745,320.745
Precio Hecho,2025-05-20,Soja,2025-06-19,274.21,274.87
Precio Hecho,2025-05-20,Girasol,2025-05-20,320.745,320.745
Precio Hecho,2025-05-20,Trigo,2025-06-30,198.42,198.26
Precio Hecho,2025-05-20,Soja,2025-06-19,274.21,274.87
Precio a Fijar,2025-05-20,Soja,2025-05-30,274.21,269.36
Precio a Fijar,2025-05-20,Soja,2025-06-20,274.21,
Precio a Fijar,2025-05-20,Soja,2025-06-30,274.21,269.66999999999996
Precio a Fijar,2025-05-20,Soja,2025-05-30,274.21,269.36
Precio a Fijar,2025-05-20,Soja,2025-06-20,274.21,
Precio a Fijar,2024-06-11,Soja,2024-06-11,316.3,316.3
Precio Hecho,2025-05-20,Soja,2025-05-20,274.21,274.21
Precio Hecho,2025-05-20,Soja,2025-05-20,274.21,274.21
Precio a Fijar,2024-05-20,Soja,2024-05-31,311.76,318.65000000000003
Precio Hecho,2025-05-20,Trigo,2025-05-27,198.42,197.66
Precio a Fijar,2024-05-20,Soja,2024-05-31,311.76,318.65000000000003
Precio a Fijar,2025-05-19,Soja,2025-05-31,273.06,
Precio a Fijar,2025-05-19,Soja,2025-05-31,273.06,
Precio a Fijar,2025-05-19,Soja,2025-05-31,273.06,
Precio a Fijar,2025-05-19,Soja,2025-06-18,273.06,277.93333333333334
Precio a Fijar,2025-05-19,Soja,2025-06-18,273.06,277.93333333333334
Precio a Fijar,2025-05-19,Soja,2025-06-10,273.06,239.8
Precio a Fijar,2025-05-16,Soja,2025-06-15,270.32,
Precio a Fijar,2025-05-15,Soja,2025-06-15,269.255,
Precio a Fijar,2025-05-15,Soja,2025-06-15,269.255,
Precio a Fijar,2025-05-15,Soja,2025-06-15,269.255,
Precio Hecho,2025-05-20,Soja,2025-05-20,274.21,274.21
Precio Hecho,2025-05-20,Soja,2025-05-20,274.21,274.21
Precio Hecho,2025-05-20,Soja,2025-05-20,274.21,274.21
Precio a Fijar,2025-05-20,Maiz,2025-06-19,183.815,172.12
Precio Hecho,2025-05-20,Soja,2025-05-20,274.21,274.21
Precio Hecho,2025-05-19,Soja,2025-05-19,273.06,273.06
Precio a Fijar,2025-04-08,Soja,2025-05-08,297.33,268.56
Precio a Fijar,2025-05-20,Maiz,2025-06-19,183.815,172.12
Precio a Fijar,2025-05-20,Maiz,2025-06-19,183.815,172.12
Precio Hecho,2025-05-20,Soja,2025-05-30,274.21,269.36
Precio a Fijar,2025-05-14,Soja,2025-06-30,271.12,269.66999999999996
Precio a Fijar,2025-05-20,Soja,2025-06-20,274.21,
Precio a Fijar,2025-05-20,Soja,2025-06-20,274.21,
Precio Hecho,2025-05-20,Soja,2025-06-19,274.21,274.87
Precio Hecho,2025-05-20,Soja,2025-05-20,274.21,274.21
Precio Hecho,2025-05-20,Soja,2025-06-30,274.21,269.66999999999996
Precio a Fijar,2025-03-17,Soja,2025-12-31,300.42,
Precio a Fijar,2025-02-18,Soja,2025-05-31,312.94,
Precio a Fijar,2025-02-18,Soja,2025-05-31,312.94,
Precio Hecho,2025-05-20,Maiz,2025-05-31,183.815,
Precio Hecho,2025-05-20,Maiz,2025-06-20,183.815,
Precio Hecho,2025-05-20,Maiz,2025-06-20,183.815,
Precio Hecho,2025-05-20,Maiz,2025-05-31,183.815,
Precio a Fijar,2025-05-20,Trigo,2025-06-20,198.42,
Precio Hecho,2025-05-20,Trigo,2025-06-19,198.42,197.2
Precio Hecho,2025-05-20,Girasol,2025-06-19,320.745,300.0
Precio Hecho,2025-05-20,Maiz,2025-06-19,183.815,172.12
Precio Hecho,2025-05-20,Soja,2025-05-20,274.21,274.21
Precio Hecho,2025-05-20,Soja,2025-05-20,274.21,274.21
Precio a Fijar,2025-05-20,Maiz,2025-05-31,183.815,
Precio a Fijar,2025-05-05,Soja,2025-06-06,257.5,268.9733333333333
Precio a Fijar,2025-04-25,Soja,2025-05-25,266.495,
Precio Hecho,2025-05-20,Soja,2025-05-20,274.21,274.21
Precio Hecho,2025-05-20,Soja,2025-05-20,274.21,274.21
Precio a Fijar,2024-08-06,Maiz,2025-03-31,170.79500000000002,202.515
Precio a Fijar,2024-09-13,Maiz,2025-03-31,176.40333333333334,202.515
Precio a Fijar,2025-03-25,Soja,2025-04-30,308.37,251.94
Precio a Fijar,2025-03-25,Soja,2025-04-30,308.37,251.94
Precio a Fijar,2025-03-25,Soja,2025-05-31,308.37,
Precio a Fijar,2025-05-20,Soja,2025-06-20,274.21,
Precio a Fijar,2025-05-20,Soja,2025-06-20,274.21,
Precio a Fijar,2025-05-20,Soja,2025-06-20,274.21,
Precio a Fijar,2025-05-20,Soja,2025-06-20,274.21,
Precio a Fijar,2025-05-20,Soja,2025-06-20,274.21,
Precio a Fijar,2025-05-14,Soja,2025-06-30,271.12,269.66999999999996
Precio a Fijar,2025-05-20,Soja,2025-06-20,274.21,
Precio Hecho,2025-05-20,Soja,2025-05-20,274.21,274.21
Precio Hecho,2025-05-20,Maiz,2025-07-31,183.815,
Precio Hecho,2025-05-20,Soja,2025-05-20,274.21,274.21
Precio a Fijar,2025-05-20,Soja,2025-06-19,274.21,274.87
Precio Hecho,2025-05-20,Soja,2025-05-20,274.21,274.21
Precio a Fijar,2025-05-20,Soja,2025-06-19,274.21,274.87
Precio a Fijar,2025-05-20,Soja,2025-06-19,274.21,274.87
Precio a Fijar,2025-05-20,Soja,2025-06-19,274.21,274.87
Precio Hecho,2025-05-19,Trigo,2025-06-18,197.2,198.42
Precio Hecho,2025-05-19,Girasol,2025-06-19,319.72,300.0
Precio Hecho,2025-05-20,Trigo,2025-06-19,198.42,197.2
Precio Hecho,2025-05-19,Soja,2025-05-19,273.06,273.06
Precio Hecho,2025-05-13,Soja,2025-05-13,272.245,272.245
Precio Hecho,2025-05-13,Soja,2025-05-13,272.245,272.245
Precio Hecho,2025-05-13,Soja,2025-05-13,272.245,272.245
Precio Hecho,2025-05-19,Soja,2025-05-19,273.06,273.06
Precio Hecho,2025-05-20,Trigo,2025-06-20,198.42,
Precio Hecho,2025-05-13,Trigo,2025-05-13,195.47,195.47
Precio Hecho,2025-05-20,Trigo,2025-05-20,198.42,198.42
Precio Hecho,2025-05-20,Soja,2025-05-29,274.21,267.955
Precio Hecho,2025-05-20,Soja,2025-05-30,274.21,269.36
Precio Hecho,2025-05-20,Maiz,2025-05-30,183.815,175.93
Precio a Fijar,2024-07-25,Soja,2024-08-25,,
Precio a Fijar,2024-10-10,Soja,2025-04-30,306.44,251.94
Precio a Fijar,2025-03-19,Soja,2025-04-30,306.15,251.94
Precio a Fijar,2025-03-25,Soja,2025-04-30,308.37,251.94
Precio a Fijar,2025-03-25,Soja,2025-04-30,308.37,251.94
Precio a Fijar,2025-03-25,Soja,2025-04-30,308.37,251.94
Precio a Fijar,2025-03-25,Soja,2025-05-31,308.37,
Precio a Fijar,2025-03-25,Soja,2025-05-31,308.37,
Precio a Fijar,2025-03-25,Soja,2025-05-31,308.37,
Precio Hecho,2025-05-20,Maiz,2025-05-20,183.815,183.815
Precio a Fijar,2025-05-20,Soja,2025-06-20,274.21,
Precio a Fijar,2025-05-20,Soja,2025-06-20,274.21,
Precio a Fijar,2025-05-20,Soja,2025-06-20,274.21,
Precio a Fijar,2025-05-20,Soja,2025-06-20,274.21,
Precio a Fijar,2025-05-20,Soja,2025-06-30,274.21,269.66999999999996
Precio a Fijar,2025-05-20,Girasol,2025-06-19,320.745,300.0
Precio a Fijar,2025-05-20,Girasol,2025-06-19,320.745,300.0
Precio a Fijar,2025-05-20,Girasol,2025-06-19,320.745,300.0
Precio Hecho,2025-05-20,Trigo,2025-06-19,198.42,197.2
Precio Hecho,2025-05-20,Soja,2025-05-20,274.21,274.21
Precio a Fijar,2025-05-16,Soja,2025-06-15,270.32,
Precio a Fijar,2025-05-15,Maiz,2025-06-15,183.48000000000002,
Precio a Fijar,2025-05-15,Soja,2025-06-15,269.255,
Precio a Fijar,2025-05-14,Soja,2025-06-13,271.12,276.65
Precio a Fijar,2025-05-14,Soja,2025-06-13,271.12,276.65
Precio a Fijar,2025-05-13,Soja,2025-06-12,272.245,273.08000000000004
Precio a Fijar,2025-05-12,Soja,2025-06-11,275.315,274.3333333333333
Precio a Fijar,2025-05-12,Soja,2025-06-11,275.315,274.3333333333333
Precio a Fijar,2025-05-07,Soja,2025-06-06,268.21000000000004,268.9733333333333
Precio a Fijar,2025-05-07,Soja,2025-06-06,268.21000000000004,268.9733333333333
Precio a Fijar,2025-05-07,Maiz,2025-05-15,186.27666666666667,183.48000000000002
Precio a Fijar,2025-05-06,Soja,2025-06-05,264.45,
Precio a Fijar,2025-05-02,Soja,2025-06-01,,
Precio a Fijar,2025-05-02,Soja,2025-06-01,,
Precio a Fijar,2025-04-30,Soja,2025-05-30,251.94,269.36
Precio a Fijar,2025-04-28,Soja,2025-05-31,285.395,
Precio a Fijar,2025-04-23,Soja,2025-05-23,,269.57
Precio a Fijar,2025-04-22,Soja,2025-05-22,275.82,274.77
Precio a Fijar,2025-04-22,Soja,2025-05-22,275.82,274.77
Precio a Fijar,2025-04-16,Soja,2025-05-15,279.74,269.255
Precio a Fijar,2025-04-15,Soja,2025-05-14,275.0,271.12
Precio a Fijar,2025-04-11,Soja,2025-05-31,306.12,
Precio a Fijar,2025-04-10,Maiz,2025-04-30,208.68,194.185
Precio a Fijar,2025-04-09,Maiz,2025-04-30,207.47500000000002,194.185
Precio a Fijar,2025-04-07,Soja,2025-05-31,288.1,
Precio a Fijar,2025-02-13,Soja,2025-02-28,307.26,
Precio a Fijar,2025-02-11,Maiz,2025-05-15,208.23,183.48000000000002
Precio a Fijar,2025-02-07,Soja,2025-02-21,305.0,311.1
Precio a Fijar,2025-01-22,Soja,2025-04-30,281.49,251.94
Precio a Fijar,2025-01-21,Soja,2025-05-15,279.85,269.255
Precio a Fijar,2024-12-30,Maiz,2025-04-15,185.08,197.92
Precio a Fijar,2024-12-28,Maiz,2025-04-15,,197.92
Precio a Fijar,2024-12-27,Maiz,2025-06-30,185.17,168.39333333333332
Precio a Fijar,2024-12-27,Maiz,2025-04-30,185.17,194.185
Precio a Fijar,2024-12-27,Maiz,2025-05-31,185.17,
Precio a Fijar,2024-12-17,Trigo,2025-01-16,189.59,187.54749999999999
Precio a Fijar,2024-12-11,Soja,2025-05-31,,
Precio a Fijar,2024-12-09,Trigo,2025-01-08,187.57333333333335,187.215
Precio a Fijar,2024-10-28,Soja,2024-11-24,308.55,
Precio Hecho,2025-05-20,Trigo,2025-06-20,198.42,
Precio a Fijar,2024-12-05,Trigo,2025-01-05,185.82666666666668,
Precio Hecho,2025-05-20,CEBADA CERV.,2025-06-30,,
Precio Hecho,2025-05-20,CEBADA CERV.,2025-06-30,,
Precio Hecho,2025-05-20,Soja,2025-05-20,274.21,274.21
Precio Hecho,2025-05-20,Trigo,2025-05-21,198.42,199.39
Precio Hecho,2025-05-19,Soja,2025-06-18,273.06,277.93333333333334
Precio a Fijar,2025-02-12,Soja,2025-03-31,302.82,319.37
Precio Hecho,2025-05-13,Soja,2025-05-23,272.245,269.57
Precio Hecho,2025-05-13,Soja,2025-05-23,272.245,269.57
Precio Hecho,2025-05-13,Soja,2025-05-23,272.245,269.57
Precio Hecho,2025-05-20,Maiz,2025-06-19,183.815,172.12
Precio Hecho,2025-05-20,Maiz,2025-05-20,183.815,183.815
Precio Hecho,2025-05-20,Maiz,2025-05-20,183.815,183.815
Precio a Fijar,2024-12-03,Trigo,2025-01-02,184.9375,187.73333333333335
Precio a Fijar,2025-05-20,Soja,2025-06-20,274.21,
Precio Hecho,2025-05-20,Soja,2025-06-20,274.21,
Precio Hecho,2025-05-20,Maiz,2025-05-20,183.815,183.815
Precio Hecho,2025-05-20,Soja,2025-05-30,274.21,269.36
Precio Hecho,2025-05-20,Soja,2025-05-20,274.21,274.21
Precio Hecho,2025-05-20,Soja,2025-05-30,274.21,269.36
Precio Hecho,2025-05-20,Trigo,2025-05-27,198.42,197.66
Precio Hecho,2025-05-09,Soja,2025-05-09,272.855,272.855
Precio a Fijar,2024-10-10,Soja,2025-04-30,306.44,251.94
Precio a Fijar,2024-10-10,Soja,2025-04-30,306.44,251.94
Precio a Fijar,2024-10-10,Soja,2025-04-30,306.44,251.94
Precio a Fijar,2025-05-20,Trigo,2025-05-31,198.42,
Precio a Fijar,2025-05-20,Trigo,2025-05-31,198.42,
Precio Hecho,2025-05-20,Soja,2025-05-20,274.21,274.21
Precio Hecho,2025-05-20,Soja,2025-05-20,274.21,274.21
Precio Hecho,2025-05-20,Trigo,2025-05-20,198.42,198.42
Precio Hecho,2025-05-20,Girasol,2025-06-20,320.745,
Precio a Fijar,2025-04-09,Soja,2025-12-31,300.77,
Precio a Fijar,2025-04-14,Soja,2025-12-31,275.46,
Precio Hecho,2025-05-20,Soja,2025-05-20,274.21,274.21
Precio Hecho,2025-05-20,Soja,2025-05-20,274.21,274.21
Precio Hecho,2025-05-19,Soja,2025-06-18,273.06,277.93333333333334
Precio Hecho,2025-05-20,Trigo,2025-05-27,198.42,197.66
Precio a Fijar,2025-05-08,Soja,2025-06-08,268.56,
Precio Hecho,2025-05-19,Girasol,2025-06-18,319.72,297.64
Precio a Fijar,2025-05-20,Soja,2025-06-19,274.21,274.87
Precio a Fijar,2025-05-20,Soja,2025-06-19,274.21,274.87
Precio a Fijar,2025-05-20,Soja,2025-06-19,274.21,274.87
Precio a Fijar,2025-05-20,Soja,2025-06-19,274.21,274.87
Precio a Fijar,2025-05-20,CEBADA FORR.,2026-01-15,,
Precio a Fijar,2025-05-20,Trigo,2025-06-19,198.42,197.2
Precio a Fijar,2025-02-10,Maiz,2025-03-10,208.23,195.825
Precio a Fijar,2025-02-10,Maiz,2025-03-10,208.23,195.825
Precio a Fijar,2024-12-30,Soja,2025-07-31,276.16,
Precio Hecho,2025-05-20,Soja,2025-05-20,274.21,274.21
Precio Hecho,2025-05-20,Soja,2025-05-20,274.21,274.21
Precio Hecho,2025-05-20,Soja,2025-05-20,274.21,274.21
Precio a Fijar,2025-02-11,Soja,2025-05-31,307.62,
Precio a Fijar,2025-05-20,Soja,2025-06-30,274.21,269.66999999999996
Precio Hecho,2025-05-20,ACEITE SOJA,2025-07-10,,
Precio Hecho,2025-05-07,Soja,2025-05-07,268.21000000000004,268.21000000000004
Precio Hecho,2025-05-19,ACEITE SOJA,2025-05-23,,
Precio Hecho,2025-05-07,Soja,2025-05-07,268.21000000000004,268.21000000000004
Precio Hecho,2025-05-20,Soja,2025-05-30,274.21,269.36
Precio Hecho,2025-05-20,Trigo,2025-05-27,198.42,197.66
Precio Hecho,2025-05-20,Soja,2025-05-30,274.21,269.36
Precio Hecho,2025-05-19,ACEITE SOJA,2025-07-10,,
Precio Hecho,2025-05-20,Soja,2025-05-30,274.21,269.36
Precio Hecho,2025-05-20,Soja,2025-05-30,274.21,269.36
Precio Hecho,2025-05-20,Soja,2025-05-30,274.21,269.36
Precio Hecho,2025-05-20,Soja,2025-05-30,274.21,269.36
Precio Hecho,2025-05-19,ACEITE SOJA,2025-06-09,,
Precio Hecho,2025-05-20,Soja,2025-05-30,274.21,269.36
Precio Hecho,2025-05-20,Soja,2025-05-30,274.21,269.36
Precio a Fijar,2025-05-20,Trigo,2025-06-20,198.42,
Precio Hecho,2025-05-19,ACEITE SOJA,2025-06-09,,
Precio Hecho,2025-05-19,ACEITE SOJA,2025-06-09,,
Precio Hecho,2025-05-20,Trigo,2025-06-10,198.42,164.4275
Precio Hecho,2025-05-20,Maiz,2025-05-20,183.815,183.815
Precio Hecho,2025-05-20,Soja,2025-05-20,274.21,274.21
Precio Hecho,2025-05-20,Trigo,2025-06-10,198.42,164.4275
Precio Hecho,2025-05-20,Maiz,2025-05-20,183.815,183.815
Precio Hecho,2025-05-20,Trigo,2025-05-30,198.42,198.48
Precio Hecho,2025-05-16,Trigo,2025-05-26,196.15,198.235
Precio Hecho,2025-05-20,Soja,2025-05-20,274.21,274.21
Precio a Fijar,2025-05-19,Soja,2025-05-19,273.06,273.06
Precio Hecho,2025-05-20,Trigo,2025-06-10,198.42,164.4275
Precio a Fijar,2025-05-19,Soja,2025-05-19,273.06,273.06
Precio Hecho,2025-05-20,Soja,2025-05-20,274.21,274.21
Precio a Fijar,2025-05-19,Soja,2025-05-19,273.06,273.06
Precio a Fijar,2025-05-19,Soja,2025-05-19,273.06,273.06
Precio Hecho,2025-05-20,Maiz,2025-05-20,183.815,183.815
Precio a Fijar,2025-05-19,Soja,2025-05-19,273.06,273.06
Precio Hecho,2025-05-20,Trigo,2025-05-20,198.42,198.42
Precio Hecho,2025-05-20,Maiz,2025-05-20,183.815,183.815
Precio Hecho,2025-05-20,Maiz,2025-05-20,183.815,183.815
Precio a Fijar,2025-04-03,Maiz,2025-04-30,198.6,194.185
Precio a Fijar,2025-03-28,Maiz,2025-04-27,193.76,
Precio a Fijar,2025-02-26,Maiz,2025-03-31,202.34,202.515
Precio a Fijar,2025-02-26,Maiz,2025-03-31,202.34,202.515
Precio a Fijar,2025-01-30,Girasol,2025-01-31,349.0,343.98
Precio a Fijar,2024-10-30,Girasol,2025-02-15,,
Precio a Fijar,2024-10-16,Girasol,2025-03-15,,
Precio a Fijar,2024-10-16,Girasol,2025-03-15,,
Precio a Fijar,2024-10-16,Girasol,2025-03-15,,
Precio a Fijar,2024-07-12,Maiz,2024-08-12,174.71666666666667,169.9466666666667
Precio Hecho,2025-05-20,Maiz,2025-05-20,183.815,183.815
Precio Hecho,2025-05-20,Maiz,2025-05-20,183.815,183.815
Precio Hecho,2025-05-20,Soja,2025-05-20,274.21,274.21
Precio a Fijar,2025-05-17,Maiz,2025-05-17,,
Precio Hecho,2025-05-20,Soja,2025-05-20,274.21,274.21
Precio a Fijar,2025-05-15,Maiz,2025-05-15,183.48000000000002,183.48000000000002
Precio Hecho,2025-05-20,Trigo,2025-05-20,198.42,198.42
Precio Hecho,2025-05-20,Soja,2025-05-20,274.21,274.21
Precio Hecho,2025-05-20,Soja,2025-05-20,274.21,274.21
Precio a Fijar,2025-05-19,Maiz,2025-07-01,181.315,166.12
Precio a Fijar,2025-05-06,Soja,2025-06-30,264.45,269.66999999999996
Precio Hecho,2025-05-20,Soja,2025-05-20,274.21,274.21
Precio a Fijar,2025-04-28,Soja,2025-05-31,285.395,
Precio Hecho,2025-05-20,Soja,2025-05-20,274.21,274.21
Precio Hecho,2025-05-20,Soja,2025-05-20,274.21,274.21
Precio Hecho,2025-05-20,Soja,2025-05-20,274.21,274.21
Precio Hecho,2025-05-20,Trigo,2025-05-20,198.42,198.42
Precio a Fijar,2024-12-04,Girasol,2025-02-28,348.96,
Precio Hecho,2025-05-20,Soja,2025-05-20,274.21,274.21
Precio Hecho,2025-05-20,Soja,2025-05-20,274.21,274.21
Precio Hecho,2025-05-15,Maiz,2025-05-31,183.48000000000002,
Precio Hecho,2025-05-20,Trigo,2025-05-22,198.42,199.91
Precio Hecho,2025-05-19,Soja,2025-07-15,273.06,261.9
Precio Hecho,2025-05-20,Soja,2025-05-26,274.21,269.98
Precio Hecho,2025-05-20,Soja,2025-05-20,274.21,274.21
Precio Hecho,2025-05-20,Soja,2025-05-20,274.21,274.21
Precio Hecho,2025-05-20,Soja,2025-05-20,274.21,274.21
Precio a Fijar,2025-04-15,Soja,2025-05-30,275.0,269.36
Precio Hecho,2025-05-20,Soja,2025-05-20,274.21,274.21
Precio a Fijar,2025-05-20,Soja,2025-06-19,274.21,274.87
Precio a Fijar,2025-05-20,Soja,2025-06-19,274.21,274.87
Precio a Fijar,2025-05-20,Maiz,2025-06-19,183.815,172.12
Precio a Fijar,2025-05-15,Soja,2025-06-15,269.255,
Precio Hecho,2025-05-19,Trigo,2025-06-06,197.2,198.48
Precio a Fijar,2025-05-08,Soja,2025-06-08,268.56,
Precio a Fijar,2025-01-29,Soja,2025-02-15,299.57,
Precio a Fijar,2024-12-03,Soja,2025-01-03,291.36,275.23
Precio a Fijar,2024-11-25,Soja,2024-12-25,292.95,
Precio Hecho,2025-05-19,CEBADA CERV.,2025-06-19,,
Precio a Fijar,2025-05-20,Soja,2025-05-31,274.21,
Precio a Fijar,2025-04-01,Soja,2025-05-31,293.09,
Precio a Fijar,2024-06-10,Soja,2024-07-31,315.96500000000003,285.05
Precio a Fijar,2024-06-10,Soja,2024-07-31,315.96500000000003,285.05
Precio a Fijar,2024-06-10,Soja,2024-07-31,315.96500000000003,285.05
Precio a Fijar,2024-06-10,Soja,2024-07-31,315.96500000000003,285.05
Precio a Fijar,2024-06-10,Soja,2024-07-31,315.96500000000003,285.05
Precio a Fijar,2024-06-10,Soja,2024-07-31,315.96500000000003,285.05
Precio Hecho,2025-05-20,Maiz,2025-05-20,183.815,183.815
Precio Hecho,2025-05-20,Soja,2025-05-20,274.21,274.21
Precio a Fijar,2025-05-20,Soja,2025-06-20,274.21,
Precio Hecho,2025-05-20,Soja,2025-06-20,274.21,
Precio Hecho,2025-05-13,Soja,2025-05-20,272.245,274.21
Precio Hecho,2025-05-19,Soja,2025-05-19,273.06,273.06
Precio a Fijar,2024-09-25,Trigo,2024-12-31,201.24,
Precio a Fijar,2025-05-15,Soja,2025-05-15,269.255,269.255
Precio a Fijar,2025-05-15,Soja,2025-05-15,269.255,269.255
Precio a Fijar,2025-05-20,Soja,2025-05-31,274.21,
Precio a Fijar,2025-04-09,Soja,2025-04-20,300.77,
Precio a Fijar,2025-05-20,Soja,2025-05-31,274.21,
Precio Hecho,2025-05-20,Trigo,2025-05-20,198.42,198.42
Precio a Fijar,2025-01-20,Soja,2025-04-30,277.11,251.94
Precio Hecho,2025-05-20,Maiz,2025-05-27,183.815,182.35
Precio a Fijar,2025-05-08,Soja,2025-05-31,268.56,
Precio Hecho,2025-05-20,Trigo,2025-06-20,198.42,
Precio a Fijar,2025-02-13,Maiz,2025-05-15,206.1,183.48000000000002
Precio a Fijar,2025-05-19,Soja,2025-06-19,273.06,274.87
Precio a Fijar,2025-01-29,Maiz,2025-05-15,208.11333333333334,183.48000000000002
Precio a Fijar,2025-01-29,Maiz,2025-05-15,208.11333333333334,183.48000000000002
Precio a Fijar,2025-03-25,Maiz,2025-04-24,195.01,189.415
Precio Hecho,2025-05-20,Soja,2025-05-30,274.21,269.36
Precio a Fijar,2025-03-19,Maiz,2025-04-18,197.945,
Precio Hecho,2025-05-19,Maiz,2025-06-18,181.315,171.97500000000002
Precio Hecho,2025-05-19,Maiz,2025-06-18,181.315,171.97500000000002
Precio Hecho,2025-05-20,Soja,2025-05-21,274.21,273.605
Precio Hecho,2025-04-26,Maiz,2025-04-30,,194.185
Precio Hecho,2025-05-20,Soja,2025-05-20,274.21,274.21
Precio Hecho,2025-05-20,Trigo,2025-05-21,198.42,199.39
Precio Hecho,2025-05-19,Maiz,2025-06-18,181.315,171.97500000000002
Precio Hecho,2025-05-20,Soja,2025-05-20,274.21,274.21
Precio Hecho,2025-05-20,Soja,2025-05-20,274.21,274.21
Precio Hecho,2025-05-19,Soja,2025-05-19,273.06,273.06
Precio Hecho,2025-05-19,Soja,2025-05-19,273.06,273.06
Precio a Fijar,2025-04-09,Maiz,2025-05-09,207.47500000000002,180.39499999999998
Precio a Fijar,2025-05-20,Soja,2025-05-31,274.21,
Precio a Fijar,2025-05-20,Soja,2025-05-27,274.21,269.765
Precio a Fijar,2025-05-20,Trigo,2025-12-31,198.42,
Precio a Fijar,2025-05-20,Maiz,2025-06-18,183.815,171.97500000000002
Precio Hecho,2025-05-19,Trigo,2025-05-31,197.2,
Precio Hecho,2025-05-20,Trigo,2025-05-20,198.42,198.42
Precio Hecho,2025-05-19,Maiz,2025-06-18,181.315,171.97500000000002
Precio Hecho,2025-05-19,Maiz,2025-06-18,181.315,171.97500000000002
Precio a Fijar,2025-05-20,Soja,2025-05-21,274.21,273.605
Precio a Fijar,2025-03-25,Soja,2025-04-30,308.37,251.94
Precio a Fijar,2025-05-20,Soja,2025-05-31,274.21,
Precio Hecho,2025-05-20,Soja,2025-06-20,274.21,
Precio Hecho,2025-05-19,Maiz,2025-06-18,181.315,171.97500000000002
Precio Hecho,2025-05-19,Maiz,2025-06-30,181.315,168.39333333333332
Precio Hecho,2025-05-19,Soja,2025-06-18,273.06,277.93333333333334
Precio Hecho,2025-05-19,Trigo,2025-06-18,197.2,198.42
Precio Hecho,2025-05-20,Soja,2025-06-20,274.21,
Precio Hecho,2025-05-02,Maiz,2025-05-09,,180.39499999999998
Precio Hecho,2025-04-30,Maiz,2025-05-07,194.185,186.27666666666667
Precio Hecho,2025-05-02,Maiz,2025-05-09,,180.39499999999998
Precio Hecho,2025-05-20,Soja,2025-05-20,274.21,274.21
Precio a Fijar,2025-05-20,Soja,2025-05-21,274.21,273.605
Precio Hecho,2025-05-20,Soja,2025-06-20,274.21,
Precio Hecho,2025-05-20,Soja,2025-06-20,274.21,
Precio a Fijar,2025-04-24,Trigo,2025-05-30,194.615,198.48
Precio Hecho,2025-05-20,Soja,2025-06-20,274.21,
Precio a Fijar,2025-05-20,Soja,2025-05-31,274.21,
Precio Hecho,2025-05-20,Soja,2025-06-20,274.21,
Precio a Fijar,2025-05-14,Soja,2025-05-31,271.12,
Precio a Fijar,2024-05-23,Soja,2025-05-31,321.72,
Precio a Fijar,2025-01-28,Maiz,2025-03-31,204.57,202.515
Precio a Fijar,2025-03-17,Maiz,2025-04-17,197.00666666666666,
Precio a Fijar,2025-03-25,Soja,2025-04-30,308.37,251.94
Precio a Fijar,2025-03-25,Soja,2025-05-31,308.37,
Precio a Fijar,2025-03-25,Soja,2025-04-25,308.37,266.495
Precio a Fijar,2025-03-25,Soja,2025-04-25,308.37,266.495
Precio a Fijar,2025-05-16,Soja,2025-05-31,270.32,
Precio a Fijar,2025-05-15,Soja,2025-05-31,269.255,
Precio a Fijar,2025-05-14,Soja,2025-05-31,271.12,
Precio a Fijar,2025-05-14,Soja,2025-05-31,271.12,
Precio a Fijar,2024-10-29,Trigo,2024-11-28,,185.37
Precio Hecho,2025-05-20,ARROZ C.L.F,2025-05-20,,
Precio a Fijar,2025-03-18,Soja,2025-04-30,304.02,251.94
Precio a Fijar,2025-05-20,Soja,2025-05-31,274.21,
Precio a Fijar,2025-05-20,Soja,2025-05-31,274.21,
Precio a Fijar,2025-05-20,Maiz,2025-06-30,183.815,168.39333333333332
Precio a Fijar,2025-05-20,Soja,2025-06-18,274.21,277.93333333333334
Precio Hecho,2025-05-20,Soja,2025-05-21,274.21,273.605
Precio Hecho,2025-05-20,Soja,2025-05-21,274.21,273.605
Precio a Fijar,2025-05-19,Soja,2025-06-18,273.06,277.93333333333334
Precio Hecho,2025-05-20,Soja,2025-05-20,274.21,274.21
Precio Hecho,2025-05-20,Soja,2025-05-20,274.21,274.21
Precio a Fijar,2025-05-20,Trigo,2025-05-31,198.42,
Precio a Fijar,2025-01-09,Soja,2025-04-20,,
Precio a Fijar,2025-05-03,Maiz,2025-05-07,,186.27666666666667
Precio a Fijar,2024-12-19,Maiz,2025-04-30,180.10500000000002,194.185
Precio Hecho,2025-05-20,Soja,2025-06-30,274.21,269.66999999999996
Precio Hecho,2025-05-20,Soja,2025-05-20,274.21,274.21
Precio Hecho,2025-05-20,Soja,2025-05-21,274.21,273.605
Precio Hecho,2025-05-20,Soja,2025-06-30,274.21,269.66999999999996
Precio Hecho,2025-05-20,Soja,2025-05-21,274.21,273.605
Precio Hecho,2025-05-20,Maiz,2025-05-21,183.815,185.86
Precio a Fijar,2025-05-19,Soja,2025-06-18,273.06,277.93333333333334
Precio a Fijar,2025-05-19,Soja,2025-06-18,273.06,277.93333333333334
Precio a Fijar,2025-04-29,CEBADA CERV.,2025-11-30,,
Precio a Fijar,2024-11-15,CEBADA CERV.,2025-11-30,,
Precio Hecho,2025-05-19,Soja,2025-05-19,273.06,273.06
Precio Hecho,2025-05-19,Soja,2025-05-19,273.06,273.06
Precio Hecho,2025-05-12,Maiz,2025-05-20,181.32333333333335,183.815
Precio Hecho,2025-05-20,Soja,2025-05-20,274.21,274.21
Precio Hecho,2025-05-20,Soja,2025-05-20,274.21,274.21
Precio Hecho,2025-05-20,Soja,2025-05-20,274.21,274.21
Precio Hecho,2025-05-20,Soja,2025-05-31,274.21,
Precio a Fijar,2025-05-19,Soja,2025-06-19,273.06,274.87
Precio a Fijar,2025-05-19,Soja,2025-06-19,273.06,274.87
Precio a Fijar,2025-05-19,Soja,2025-06-19,273.06,274.87
Precio a Fijar,2025-05-19,Soja,2025-06-19,273.06,274.87
Precio a Fijar,2025-05-19,Soja,2025-06-19,273.06,274.87
Precio a Fijar,2025-05-19,Soja,2025-06-19,273.06,274.87
Precio a Fijar,2025-05-19,Soja,2025-06-19,273.06,274.87
Precio a Fijar,2025-05-19,Soja,2025-06-19,273.06,274.87
Precio a Fijar,2025-05-19,Soja,2025-05-19,273.06,273.06
Precio a Fijar,2025-05-19,Soja,2025-06-19,273.06,274.87
Precio a Fijar,2025-05-19,Soja,2025-06-19,273.06,274.87
Precio a Fijar,2025-05-19,Soja,2025-06-19,273.06,274.87
Precio a Fijar,2025-05-19,Soja,2025-06-18,273.06,277.93333333333334
Precio a Fijar,2025-05-19,Soja,2025-06-19,273.06,274.87
Precio a Fijar,2025-05-19,Soja,2025-11-30,273.06,
Precio a Fijar,2025-05-19,Soja,2025-06-18,273.06,277.93333333333334
Precio a Fijar,2025-05-19,CEBADA FORR.,2026-01-15,,
Precio a Fijar,2025-05-19,CEBADA FORR.,2026-01-15,,
Precio a Fijar,2025-05-19,Soja,2025-06-18,273.06,277.93333333333334
Precio a Fijar,2025-05-19,Soja,2025-06-18,273.06,277.93333333333334
Precio a Fijar,2025-05-19,Soja,2025-06-18,273.06,277.93333333333334
Precio a Fijar,2025-05-19,Soja,2025-06-18,273.06,277.93333333333334
Precio a Fijar,2025-05-19,Soja,2025-06-18,273.06,277.93333333333334
Precio a Fijar,2025-05-16,Soja,2025-06-16,270.32,
Precio a Fijar,2025-04-08,Soja,2025-05-08,297.33,268.56
Precio a Fijar,2025-04-08,Soja,2025-05-08,297.33,268.56
Precio a Fijar,2025-02-05,Soja,2025-05-15,303.46,269.255
Precio a Fijar,2025-01-28,Soja,2025-04-30,294.96,251.94
Precio a Fijar,2025-01-09,Soja,2025-04-20,,
Precio a Fijar,2025-01-09,Soja,2025-02-09,,
Precio a Fijar,2025-01-07,Soja,2025-04-30,277.99,251.94
Precio a Fijar,2024-11-04,Soja,2025-04-30,309.91,251.94
Precio a Fijar,2024-03-13,Soja,2025-02-28,,
Precio a Fijar,2025-03-14,Soja,2025-05-15,299.49,269.255
Precio a Fijar,2024-12-19,Soja,2025-05-31,273.7,
Precio a Fijar,2024-12-12,Soja,2025-04-30,289.5,251.94
Precio a Fijar,2024-12-12,Soja,2025-04-30,289.5,251.94
Precio a Fijar,2024-08-14,Soja,2024-09-14,279.8433333333333,
Precio a Fijar,2025-05-19,Soja,2025-06-19,273.06,274.87
Precio a Fijar,2025-05-19,Soja,2025-06-19,273.06,274.87
Precio a Fijar,2025-05-19,Soja,2025-06-19,273.06,274.87
Precio a Fijar,2025-05-19,Soja,2025-05-31,273.06,
Precio a Fijar,2025-05-19,Soja,2025-05-31,273.06,
Precio a Fijar,2025-05-19,Soja,2025-05-31,273.06,
Precio a Fijar,2025-05-19,Soja,2025-06-19,273.06,274.87
Precio a Fijar,2025-05-19,Soja,2025-06-19,273.06,274.87
Precio a Fijar,2025-05-19,Soja,2025-06-19,273.06,274.87
Precio a Fijar,2025-05-19,Soja,2025-05-20,273.06,274.21
Precio a Fijar,2025-05-19,Soja,2025-06-19,273.06,274.87
Precio a Fijar,2025-05-19,Soja,2025-06-19,273.06,274.87
Precio a Fijar,2025-05-19,Soja,2025-05-31,273.06,
Precio a Fijar,2025-05-19,Soja,2025-05-31,273.06,
Precio a Fijar,2025-05-19,Soja,2025-05-31,273.06,
Precio a Fijar,2025-05-19,Soja,2025-06-19,273.06,274.87
Precio a Fijar,2025-05-19,Soja,2025-05-31,273.06,
Precio a Fijar,2025-05-19,Soja,2025-05-31,273.06,
Precio a Fijar,2025-05-19,Soja,2025-05-31,273.06,
Precio a Fijar,2025-05-19,Soja,2025-05-31,273.06,
Precio a Fijar,2025-03-25,Soja,2025-04-25,308.37,266.495
Precio a Fijar,2025-03-25,Soja,2025-04-25,308.37,266.495
Precio a Fijar,2025-03-25,Soja,2025-04-25,308.37,266.495
Precio a Fijar,2025-03-25,Soja,2025-04-25,308.37,266.495
Precio a Fijar,2025-03-25,Soja,2025-04-25,308.37,266.495
Precio a Fijar,2025-03-25,Soja,2025-04-25,308.37,266.495
Precio a Fijar,2025-05-19,Soja,2025-06-19,273.06,274.87
Precio a Fijar,2025-05-19,Soja,2025-05-20,273.06,274.21
Precio a Fijar,2025-05-19,Soja,2025-06-19,273.06,274.87
Precio a Fijar,2025-05-19,Soja,2025-06-19,273.06,274.87
Precio a Fijar,2025-05-09,Soja,2025-05-31,272.855,
Precio a Fijar,2025-05-19,Soja,2025-05-31,273.06,
Precio a Fijar,2025-05-19,Soja,2025-05-31,273.06,
Precio a Fijar,2025-05-19,Soja,2025-05-31,273.06,
Precio a Fijar,2025-05-19,Soja,2025-06-19,273.06,274.87
Precio Hecho,2025-05-19,Girasol,2025-06-15,319.72,
Precio Hecho,2025-05-19,Trigo,2025-05-26,197.2,198.235
Precio a Fijar,2025-04-11,Soja,2025-04-15,306.12,275.0
Precio a Fijar,2025-02-25,Soja,2025-03-05,310.88,299.27
Precio a Fijar,2025-01-09,Soja,2025-04-30,,251.94
Precio a Fijar,2025-01-07,Soja,2025-04-30,277.99,251.94
Precio a Fijar,2025-01-03,Soja,2025-04-30,275.23,251.94
Precio a Fijar,2024-12-17,Soja,2025-04-15,279.0,275.0
Precio a Fijar,2024-12-10,Soja,2025-04-30,292.04,251.94
Precio a Fijar,2024-12-10,Soja,2025-04-30,292.04,251.94
Precio a Fijar,2024-10-08,Soja,2025-04-15,317.79,275.0
Precio a Fijar,2025-03-14,Soja,2025-04-30,299.49,251.94
Precio a Fijar,2025-03-14,Soja,2025-04-30,299.49,251.94
Precio a Fijar,2024-12-23,Soja,2025-05-31,273.21,
Precio a Fijar,2024-10-09,Soja,2024-11-09,,
Precio a Fijar,2024-11-04,Soja,2025-04-30,309.91,251.94
Precio a Fijar,2025-01-13,Trigo,2025-03-31,186.73000000000002,218.81
Precio Hecho,2025-05-19,Soja,2025-05-19,273.06,273.06
Precio Hecho,2025-05-19,Soja,2025-05-19,273.06,273.06
Precio a Fijar,2025-05-19,Soja,2025-05-19,273.06,273.06
Precio a Fijar,2025-05-19,Soja,2025-06-19,273.06,274.87
Precio a Fijar,2025-05-19,Soja,2025-06-19,273.06,274.87
Precio a Fijar,2025-05-19,Soja,2025-05-31,273.06,
Precio a Fijar,2025-05-19,Soja,2025-06-19,273.06,274.87
Precio a Fijar,2025-05-19,Soja,2025-06-19,273.06,274.87
Precio a Fijar,2025-05-19,Soja,2025-06-19,273.06,274.87
Precio a Fijar,2025-05-19,Soja,2025-06-19,273.06,274.87
Precio a Fijar,2025-05-19,Soja,2025-06-19,273.06,274.87
Precio a Fijar,2025-05-19,Soja,2025-06-19,273.06,274.87
Precio a Fijar,2025-05-19,Soja,2025-06-19,273.06,274.87
Precio a Fijar,2025-05-19,Soja,2025-06-19,273.06,274.87
Precio Hecho,2025-05-19,Soja,2025-05-19,273.06,273.06
Precio Hecho,2025-05-19,Maiz,2025-06-18,181.315,171.97500000000002
Precio Hecho,2025-05-19,Trigo,2025-06-19,197.2,197.2
Precio Hecho,2025-05-19,Trigo,2025-06-18,197.2,198.42
Precio a Fijar,2024-08-07,Soja,2024-09-07,293.645,
Precio Hecho,2025-05-19,Trigo,2025-06-18,197.2,198.42
Precio Hecho,2025-05-19,Soja,2025-05-19,273.06,273.06
Precio a Fijar,2025-04-14,Soja,2025-12-31,275.46,
Precio Hecho,2025-05-19,Trigo,2025-06-18,197.2,198.42
Precio Hecho,2025-05-19,Soja,2025-05-19,273.06,273.06
Precio Hecho,2025-05-19,Soja,2025-05-19,273.06,273.06
Precio a Fijar,2024-11-28,Trigo,2024-12-28,185.37,
Precio Hecho,2025-05-19,Soja,2025-05-19,273.06,273.06
Precio Hecho,2025-05-19,Soja,2025-05-19,273.06,273.06
Precio a Fijar,2025-05-16,Trigo,2026-01-31,196.15,
Precio a Fijar,2025-05-16,Trigo,2026-01-15,196.15,
Precio Hecho,2025-05-14,Soja,2025-06-19,271.12,274.87
Precio Hecho,2025-05-19,Soja,2025-05-19,273.06,273.06
Precio Hecho,2025-05-19,Soja,2025-06-18,273.06,277.93333333333334
Precio Hecho,2025-05-19,Maiz,2025-07-31,181.315,
Precio Hecho,2025-05-19,ACEITE SOJA,2025-05-25,,
Precio a Fijar,2024-07-08,Soja,2024-07-31,302.66499999999996,285.05
Precio a Fijar,2024-07-10,Soja,2024-07-31,297.9866666666667,285.05
Precio Hecho,2025-05-19,Soja,2025-05-30,273.06,269.36
Precio a Fijar,2025-03-25,Soja,2025-04-30,308.37,251.94
Precio a Fijar,2025-03-25,Soja,2025-04-30,308.37,251.94
Precio a Fijar,2025-03-25,Soja,2025-05-31,308.37,
Precio a Fijar,2025-03-25,Soja,2025-05-31,308.37,
Precio a Fijar,2025-03-25,Soja,2025-05-31,308.37,
Precio a Fijar,2025-05-19,Soja,2025-06-19,273.06,274.87
Precio a Fijar,2025-05-19,Soja,2025-06-19,273.06,274.87
Precio a Fijar,2025-05-19,Soja,2025-06-19,273.06,274.87
Precio a Fijar,2025-05-19,Soja,2025-06-19,273.06,274.87
Precio a Fijar,2025-05-19,Soja,2025-06-19,273.06,274.87
Precio a Fijar,2025-05-19,Soja,2025-05-19,273.06,273.06
Precio a Fijar,2025-05-19,Soja,2025-06-19,273.06,274.87
Precio a Fijar,2025-05-19,Soja,2025-06-19,273.06,274.87
Precio a Fijar,2025-05-19,Soja,2025-05-31,273.06,
Precio a Fijar,2025-05-19,Soja,2025-06-19,273.06,274.87
Precio a Fijar,2025-05-19,Soja,2025-05-31,273.06,
Precio a Fijar,2025-05-19,Soja,2025-06-19,273.06,274.87
Precio a Fijar,2025-05-19,Soja,2025-06-19,273.06,274.87
Precio Hecho,2025-05-19,Soja,2025-06-20,273.06,
Precio a Fijar,2025-05-19,Soja,2025-06-19,273.06,274.87
Precio a Fijar,2025-05-19,Soja,2025-06-19,273.06,274.87
Precio a Fijar,2025-05-19,Soja,2025-05-19,273.06,273.06
Precio Hecho,2025-05-19,Soja,2025-06-20,273.06,
Precio Hecho,2025-05-19,Girasol,2025-06-18,319.72,297.64
Precio Hecho,2025-05-19,Soja,2025-06-18,273.06,277.93333333333334
Precio Hecho,2025-05-19,Soja,2025-06-18,273.06,277.93333333333334
Precio Hecho,2025-05-15,Soja,2025-05-15,269.255,269.255
Precio Hecho,2025-05-12,Soja,2025-05-12,275.315,275.315
Precio Hecho,2025-05-14,Soja,2025-05-14,271.12,271.12
Precio Hecho,2025-05-06,Soja,2025-05-06,264.45,264.45
Precio Hecho,2025-05-15,Soja,2025-05-15,269.255,269.255
Precio Hecho,2025-05-06,Soja,2025-05-06,264.45,264.45
Precio Hecho,2025-05-13,Soja,2025-05-13,272.245,272.245
Precio Hecho,2025-05-12,Soja,2025-05-12,275.315,275.315
Precio Hecho,2025-05-16,Soja,2025-05-16,270.32,270.32
Precio Hecho,2025-04-29,Soja,2025-04-29,259.605,259.605
Precio Hecho,2025-05-16,Soja,2025-05-16,270.32,270.32
Precio Hecho,2025-05-16,Soja,2025-05-16,270.32,270.32
Precio Hecho,2025-05-15,Soja,2025-05-15,269.255,269.255
Precio Hecho,2025-05-09,Soja,2025-05-09,272.855,272.855
Precio Hecho,2025-05-16,Soja,2025-05-16,270.32,270.32
Precio Hecho,2025-05-16,Soja,2025-05-16,270.32,270.32
Precio Hecho,2025-05-15,Soja,2025-05-15,269.255,269.255
Precio Hecho,2025-05-07,Soja,2025-05-07,268.21000000000004,268.21000000000004
Precio Hecho,2025-05-14,Trigo,2025-05-14,197.88,197.88
Precio Hecho,2025-05-19,Soja,2025-05-19,273.06,273.06
Precio Hecho,2025-05-19,Trigo,2025-05-26,197.2,198.235
Precio a Fijar,2025-04-15,Trigo,2025-04-30,206.67,
Precio a Fijar,2025-05-16,Soja,2025-06-16,270.32,
Precio a Fijar,2025-05-16,Soja,2025-06-16,270.32,
Precio a Fijar,2025-05-19,Soja,2025-06-19,273.06,274.87
Precio a Fijar,2025-05-19,Soja,2025-06-19,273.06,274.87
Precio a Fijar,2025-05-19,Soja,2025-06-15,273.06,
Precio a Fijar,2025-05-19,Soja,2025-06-15,273.06,
Precio a Fijar,2025-05-19,Soja,2025-06-19,273.06,274.87
Precio a Fijar,2025-05-19,Soja,2025-06-19,273.06,274.87
Precio a Fijar,2025-05-19,Soja,2025-06-19,273.06,274.87
Precio a Fijar,2025-05-19,Soja,2025-06-19,273.06,274.87
Precio a Fijar,2025-05-19,Soja,2025-06-19,273.06,274.87
Precio a Fijar,2025-05-19,Soja,2025-06-19,273.06,274.87
Precio a Fijar,2025-05-19,Soja,2025-06-19,273.06,274.87
Precio a Fijar,2025-05-19,Soja,2025-06-19,273.06,274.87
Precio Hecho,2025-05-19,Trigo,2025-06-18,197.2,198.42
Precio a Fijar,2025-05-19,Soja,2025-06-18,273.06,277.93333333333334
Precio a Fijar,2025-05-19,Soja,2025-06-18,273.06,277.93333333333334
Precio a Fijar,2023-06-09,Maiz,2024-08-31,,
Precio a Fijar,2025-05-19,Soja,2025-06-18,273.06,277.93333333333334
Precio a Fijar,2025-05-19,Soja,2025-06-18,273.06,277.93333333333334
Precio a Fijar,2025-05-19,Soja,2025-06-18,273.06,277.93333333333334
Precio a Fijar,2025-05-19,Soja,2025-06-18,273.06,277.93333333333334
Precio a Fijar,2025-05-19,Soja,2025-06-18,273.06,277.93333333333334
Precio a Fijar,2025-05-19,Soja,2025-06-18,273.06,277.93333333333334
Precio a Fijar,2025-05-19,Soja,2025-06-18,273.06,277.93333333333334
Precio a Fijar,2025-05-19,Soja,2025-06-18,273.06,277.93333333333334
Precio Hecho,2025-05-19,Trigo,2025-05-24,197.2,
Precio a Fijar,2025-05-19,Soja,2025-06-18,273.06,277.93333333333334
Precio a Fijar,2024-01-18,Maiz,2024-07-31,190.02333333333334,166.66666666666666
Precio a Fijar,2025-05-16,Trigo,2025-12-31,196.15,
Precio a Fijar,2025-05-16,Maiz,2025-05-23,184.035,181.645
Precio a Fijar,2025-05-16,Maiz,2025-07-31,184.035,
Precio Hecho,2025-05-19,Soja,2025-05-19,273.06,273.06
Precio a Fijar,2025-01-06,Maiz,2025-06-30,185.32,168.39333333333332
Precio a Fijar,2025-01-06,Maiz,2025-06-30,185.32,168.39333333333332
Precio a Fijar,2025-01-06,Maiz,2025-06-30,185.32,168.39333333333332
Precio Hecho,2025-05-19,Soja,2025-05-19,273.06,273.06
Precio Hecho,2025-05-19,Maiz,2025-05-31,181.315,
Precio Hecho,2025-05-19,Maiz,2025-05-27,181.315,182.35
Precio a Fijar,2025-05-19,Soja,2025-06-19,273.06,274.87
Precio a Fijar,2025-05-19,Soja,2025-06-19,273.06,274.87
Precio a Fijar,2025-05-19,Soja,2025-06-19,273.06,274.87
Precio a Fijar,2025-05-19,Soja,2025-06-19,273.06,274.87
Precio a Fijar,2025-05-19,Soja,2025-06-15,273.06,
Precio a Fijar,2025-05-19,Soja,2025-06-19,273.06,274.87
Precio a Fijar,2025-05-19,Soja,2025-06-19,273.06,274.87
Precio Hecho,2025-05-19,Maiz,2025-05-23,181.315,181.645
Precio a Fijar,2025-05-19,Soja,2025-06-19,273.06,274.87
Precio Hecho,2025-05-19,Maiz,2025-05-19,181.315,181.315
Precio a Fijar,2025-05-19,Soja,2025-05-19,273.06,273.06
Precio Hecho,2025-05-19,Soja,2025-05-30,273.06,269.36
Precio a Fijar,2024-12-03,Trigo,2025-01-02,184.9375,187.73333333333335
Precio a Fijar,2024-01-18,Maiz,2024-07-31,190.02333333333334,166.66666666666666
Precio a Fijar,2025-04-22,Soja,2025-05-22,275.82,274.77
Precio a Fijar,2025-05-19,Soja,2025-06-19,273.06,274.87
Precio a Fijar,2025-05-19,Soja,2025-06-19,273.06,274.87
Precio a Fijar,2025-05-19,Soja,2025-06-30,273.06,269.66999999999996
Precio a Fijar,2024-01-18,Maiz,2024-07-31,190.02333333333334,166.66666666666666
Precio a Fijar,2023-06-28,Maiz,2024-07-31,,166.66666666666666
Precio a Fijar,2025-05-19,Soja,2025-05-19,273.06,273.06
Precio Hecho,2025-05-19,ACEITE SOJA,2025-06-19,,
Precio a Fijar,2024-05-13,Soja,2025-04-30,,251.94
Precio Hecho,2025-05-17,ACEITE SOJA,2025-06-17,,
Precio Hecho,2025-05-19,Soja,2025-05-19,273.06,273.06
Precio Hecho,2025-05-19,Soja,2025-05-19,273.06,273.06
Precio a Fijar,2025-05-19,Soja,2025-05-21,273.06,273.605
Precio a Fijar,2025-05-10,Soja,2025-05-10,,
Precio Hecho,2025-05-17,Soja,2025-05-31,,
Precio a Fijar,2025-05-10,Soja,2025-05-10,,
Precio a Fijar,2025-05-10,Soja,2025-05-10,,
Precio Hecho,2025-05-19,Maiz,2025-05-19,181.315,181.315
Precio Hecho,2025-05-19,Soja,2025-05-19,273.06,273.06
Precio Hecho,2025-05-19,Trigo,2025-06-08,197.2,
Precio a Fijar,2025-05-16,Trigo,2025-06-08,196.15,
Precio a Fijar,2025-05-19,Trigo,2025-06-19,197.2,197.2
Precio a Fijar,2024-12-05,Trigo,2024-12-31,185.82666666666668,
Precio a Fijar,2024-12-05,Trigo,2024-12-31,185.82666666666668,
Precio a Fijar,2025-05-19,Soja,2025-06-18,273.06,277.93333333333334
Precio a Fijar,2025-05-19,Soja,2025-06-18,273.06,277.93333333333334
Precio a Fijar,2025-05-19,Soja,2025-06-18,273.06,277.93333333333334
Precio a Fijar,2025-05-19,Soja,2025-06-18,273.06,277.93333333333334
Precio a Fijar,2025-05-19,Soja,2025-06-18,273.06,277.93333333333334
Precio a Fijar,2025-05-19,Soja,2025-06-18,273.06,277.93333333333334
Precio a Fijar,2025-05-19,Soja,2025-06-18,273.06,277.93333333333334
Precio a Fijar,2025-05-19,Soja,2025-06-18,273.06,277.93333333333334
Precio a Fijar,2025-05-19,Soja,2025-06-18,273.06,277.93333333333334
Precio Hecho,2025-05-19,CEBADA CERV.,2025-06-18,,
Precio Hecho,2025-05-19,Trigo,2025-05-19,197.2,197.2
Precio Hecho,2025-05-19,Trigo,2025-05-19,197.2,197.2
Precio a Fijar,2025-04-04,Trigo,2025-04-04,218.4,218.4
Precio a Fijar,2025-04-04,Trigo,2025-04-04,218.4,218.4
Precio Hecho,2025-05-19,Trigo,2025-05-19,197.2,197.2
Precio Hecho,2025-05-16,Soja,2025-06-15,270.32,
Precio Hecho,2025-05-19,Trigo,2025-05-20,197.2,198.42
Precio Hecho,2025-05-16,Maiz,2025-06-15,184.035,
Precio Hecho,2025-05-17,Soja,2025-06-16,,
Precio Hecho,2025-04-30,Soja,2025-05-19,251.94,273.06
Precio Hecho,2025-04-30,Soja,2025-05-19,251.94,273.06
Precio Hecho,2025-05-19,Soja,2025-05-19,273.06,273.06
Precio Hecho,2025-05-19,Soja,2025-05-19,273.06,273.06
Precio Hecho,2025-05-19,Soja,2025-05-19,273.06,273.06
Precio Hecho,2025-05-19,Soja,2025-05-19,273.06,273.06
Precio Hecho,2025-05-19,Soja,2025-05-19,273.06,273.06
Precio Hecho,2025-05-19,Soja,2025-05-19,273.06,273.06
Precio Hecho,2025-05-19,Soja,2025-05-19,273.06,273.06
Precio a Fijar,2024-11-01,Girasol,2025-03-17,359.89000000000004,316.61
Precio a Fijar,2025-02-17,Soja,2025-04-30,311.54,251.94
Precio a Fijar,2025-03-12,Soja,2025-03-22,308.41,
Precio a Fijar,2025-05-16,Soja,2025-05-31,270.32,
Precio a Fijar,2025-04-24,Girasol,2025-05-24,273.1,
Precio a Fijar,2025-03-25,Maiz,2025-04-25,195.01,199.23
Precio a Fijar,2025-03-25,Maiz,2025-04-25,195.01,199.23
Precio a Fijar,2025-03-17,Maiz,2025-04-17,197.00666666666666,
Precio a Fijar,2025-01-28,Maiz,2025-03-31,204.57,202.515
Precio a Fijar,2024-12-11,Maiz,2025-04-30,181.82,194.185
Precio a Fijar,2024-12-11,Maiz,2025-03-30,181.82,
Precio a Fijar,2024-11-29,Trigo,2024-11-30,188.335,
Precio a Fijar,2024-10-29,Maiz,2024-11-28,,180.70666666666668
Precio a Fijar,2024-10-24,Maiz,2024-11-14,184.25,183.42333333333332
Precio a Fijar,2024-10-16,Girasol,2025-03-15,,
Precio a Fijar,2024-10-16,Girasol,2025-03-15,,
Precio Hecho,2025-05-19,Maiz,2025-06-19,181.315,172.12
Precio Hecho,2025-05-19,Girasol,2025-06-18,319.72,297.64
Precio a Fijar,2025-05-07,Maiz,2025-06-07,186.27666666666667,
Precio a Fijar,2025-05-07,Maiz,2025-06-07,186.27666666666667,
Precio Hecho,2025-05-19,Soja,2025-05-29,273.06,267.955
Precio a Fijar,2025-01-22,Soja,2025-01-31,281.49,299.0
Precio a Fijar,2024-12-17,Girasol,2025-01-17,,338.12
Precio Hecho,2025-05-19,Trigo,2025-05-19,197.2,197.2
Precio a Fijar,2025-05-19,Soja,2025-06-18,273.06,277.93333333333334
Precio a Fijar,2025-05-19,Soja,2025-06-18,273.06,277.93333333333334
Precio a Fijar,2024-11-21,Trigo,2025-01-31,186.88333333333335,201.2025
Precio Hecho,2025-05-19,Trigo,2025-05-24,197.2,
Precio Hecho,2025-05-15,CEBADA FORR.,2025-05-31,,
Precio Hecho,2025-05-19,CEBADA CERV.,2025-06-18,,
Precio a Fijar,2025-05-15,CEBADA CERV.,2025-06-06,,
Precio Hecho,2025-05-14,CEBADA CERV.,2025-06-30,,
Precio a Fijar,2025-05-13,CEBADA CERV.,2025-06-13,,
Precio Hecho,2025-05-16,Girasol,2025-06-15,317.47,
Precio Hecho,2025-05-12,CEBADA FORR.,2025-06-12,,
Precio a Fijar,2025-05-12,CEBADA FORR.,2025-06-12,,
Precio Hecho,2025-05-19,Trigo,2025-06-19,197.2,197.2
Precio Hecho,2025-05-19,Girasol,2025-05-19,319.72,319.72
Precio Hecho,2025-05-19,Soja,2025-05-19,273.06,273.06
Precio Hecho,2025-05-19,Soja,2025-05-19,273.06,273.06
Precio Hecho,2025-05-19,Trigo,2025-05-29,197.2,198.48
Precio Hecho,2025-05-16,Trigo,2025-05-26,196.15,198.235
Precio a Fijar,2024-12-11,Maiz,2025-04-14,181.82,191.99
Precio Hecho,2025-05-19,Soja,2025-05-19,273.06,273.06
Precio a Fijar,2025-05-16,Maiz,2025-06-15,184.035,
Precio a Fijar,2025-01-06,Maiz,2025-04-30,185.32,194.185
Precio Hecho,2025-05-19,Soja,2025-05-19,273.06,273.06
Precio Hecho,2025-05-19,Soja,2025-05-19,273.06,273.06
Precio a Fijar,2025-05-12,Soja,2025-06-12,275.315,273.08000000000004
Precio Hecho,2025-05-16,Maiz,2025-05-24,184.035,
Precio Hecho,2025-05-19,Soja,2025-05-19,273.06,273.06
Precio Hecho,2025-05-19,Sorgo,2025-05-23,178.53,176.53
Precio Hecho,2025-05-17,Soja,2025-05-31,,
Precio a Fijar,2025-05-14,Soja,2025-06-13,271.12,276.65
Precio a Fijar,2025-05-13,Soja,2025-06-12,272.245,273.08000000000004
Precio a Fijar,2025-04-29,Soja,2025-05-29,259.605,267.955
Precio a Fijar,2025-04-28,Soja,2025-05-31,285.395,
Precio a Fijar,2025-04-22,Soja,2025-05-22,275.82,274.77
Precio a Fijar,2025-03-25,Maiz,2025-04-24,195.01,189.415
Precio a Fijar,2024-12-30,Maiz,2025-05-31,185.08,
Precio a Fijar,2024-12-30,Maiz,2025-04-30,185.08,194.185
Precio a Fijar,2024-12-27,Maiz,2025-06-30,185.17,168.39333333333332
Precio a Fijar,2024-08-21,Soja,2024-09-19,310.05,
Precio a Fijar,2025-05-08,Soja,2025-05-12,268.56,275.315
Precio a Fijar,2025-04-09,Soja,2025-04-20,300.77,
Precio a Fijar,2025-04-09,Soja,2025-04-20,300.77,
Precio Hecho,2025-05-19,Girasol,2025-05-19,319.72,319.72
Precio Hecho,2025-04-08,Soja,2025-05-19,297.33,273.06
Precio Hecho,2025-05-19,Soja,2025-05-19,273.06,273.06
Precio a Fijar,2025-02-13,Maiz,2025-05-15,206.1,183.48000000000002
Precio a Fijar,2025-01-29,Maiz,2025-05-15,208.11333333333334,183.48000000000002
Precio a Fijar,2025-01-29,Maiz,2025-05-15,208.11333333333334,183.48000000000002
Precio a Fijar,2025-01-29,Maiz,2025-05-15,208.11333333333334,183.48000000000002
Precio Hecho,2025-05-19,Sorgo,2025-05-23,178.53,176.53
Precio Hecho,2025-05-16,Maiz,2025-06-15,184.035,
Precio Hecho,2025-05-16,Trigo,2025-06-06,196.15,198.48
Precio a Fijar,2025-05-16,Maiz,2025-06-18,184.035,171.97500000000002
Precio a Fijar,2025-01-06,Girasol,2025-03-15,349.59,
Precio a Fijar,2024-10-29,Trigo,2024-11-30,,
Precio Hecho,2025-05-16,Trigo,2025-06-15,196.15,
Precio Hecho,2025-05-16,Soja,2025-06-15,270.32,
Precio Hecho,2025-05-16,Trigo,2025-05-23,196.15,198.5
Precio Hecho,2025-05-19,Soja,2025-05-19,273.06,273.06
Precio Hecho,2025-05-15,Trigo,2025-12-31,192.89,
Precio Hecho,2025-05-15,Trigo,2025-12-31,192.89,
Precio Hecho,2025-05-15,Trigo,2025-12-31,192.89,
Precio a Fijar,2025-05-16,Soja,2025-11-30,270.32,
Precio a Fijar,2025-05-13,Soja,2025-05-13,272.245,272.245
Precio a Fijar,2025-05-16,Girasol,2025-06-15,317.47,
Precio Hecho,2025-05-19,Soja,2025-05-30,273.06,269.36
Precio Hecho,2025-05-19,Trigo,2025-05-19,197.2,197.2
Precio a Fijar,2025-05-05,Soja,2025-06-06,257.5,268.9733333333333
Precio a Fijar,2025-05-19,Soja,2025-06-17,273.06,278.82666666666665
Precio a Fijar,2025-05-19,Soja,2025-06-16,273.06,
Precio Hecho,2025-05-19,Soja,2025-05-30,273.06,269.36
Precio a Fijar,2025-02-05,Maiz,2025-03-31,212.89499999999998,202.515
Precio Hecho,2025-05-19,Soja,2025-05-19,273.06,273.06
Precio Hecho,2025-05-17,Soja,2025-05-31,,
Precio Hecho,2025-05-19,Soja,2025-05-19,273.06,273.06
Precio Hecho,2025-05-19,Soja,2025-05-19,273.06,273.06
Precio Hecho,2025-05-19,Soja,2025-06-04,273.06,
Precio Hecho,2025-05-19,Soja,2025-05-19,273.06,273.06
Precio a Fijar,2025-02-05,Maiz,2025-03-31,212.89499999999998,202.515
Precio Hecho,2025-05-19,Soja,2025-05-20,273.06,274.21
Precio Hecho,2025-05-19,Soja,2025-06-02,273.06,267.41999999999996
Precio Hecho,2025-05-19,Soja,2025-05-19,273.06,273.06
Precio Hecho,2025-05-19,Soja,2025-05-19,273.06,273.06
Precio Hecho,2025-05-19,Soja,2025-06-02,273.06,267.41999999999996
Precio Hecho,2025-05-19,Maiz,2025-06-04,181.315,
Precio a Fijar,2025-03-26,Trigo,2025-04-25,217.77,204.75
Precio a Fijar,2025-02-05,Maiz,2025-03-31,212.89499999999998,202.515
Precio a Fijar,2025-05-16,Soja,2025-05-31,270.32,
Precio Hecho,2025-05-17,Soja,2025-05-31,,
Precio Hecho,2025-05-17,Trigo,2025-05-24,,
Precio a Fijar,2025-05-16,Maiz,2025-07-31,184.035,
Precio a Fijar,2025-05-15,Trigo,2026-01-31,192.89,
Precio a Fijar,2025-05-15,Trigo,2025-12-31,192.89,
Precio Hecho,2025-05-17,Trigo,2025-05-24,,
Precio a Fijar,2025-05-19,Trigo,2025-12-31,197.2,
Precio Hecho,2025-05-16,Soja,2025-06-15,270.32,
Precio Hecho,2025-05-19,Maiz,2025-05-30,181.315,175.93
Precio Hecho,2025-05-19,Maiz,2025-05-30,181.315,175.93
Precio a Fijar,2025-05-13,Soja,2025-06-14,272.245,
Precio a Fijar,2025-05-18,Soja,2025-06-17,,278.82666666666665
Precio a Fijar,2025-05-18,Soja,2025-06-17,,278.82666666666665
Precio a Fijar,2025-05-31,Soja,2025-06-30,,269.66999999999996
Precio Hecho,2025-05-31,Soja,2025-05-31,,
Precio Hecho,2025-05-31,Soja,2025-05-31,,
Precio Hecho,2025-05-30,Soja,2025-05-30,269.36,269.36
Precio Hecho,2025-05-31,Soja,2025-05-31,,
Precio Hecho,2025-05-31,Soja,2025-05-31,,
Precio Hecho,2025-05-31,Soja,2025-05-31,,
Precio Hecho,2025-05-31,Soja,2025-05-31,,
Precio Hecho,2025-05-31,Soja,2025-05-31,,
Precio Hecho,2025-05-31,Soja,2025-05-31,,
Precio Hecho,2025-05-31,Soja,2025-05-31,,
Precio Hecho,2025-05-31,Soja,2025-05-31,,
Precio a Fijar,2025-05-31,Maiz,2025-06-30,,168.39333333333332
Precio Hecho,2025-05-31,ACEITE SOJA,2025-05-31,,
Precio Hecho,2025-05-30,ACEITE SOJA,2025-05-30,,
Precio Hecho,2025-05-31,Maiz,2025-05-31,,
Precio Hecho,2025-05-30,Maiz,2025-05-31,175.93,
Precio a Fijar,2025-05-31,Soja,2025-05-31,,
Precio Hecho,2025-05-31,Soja,2025-06-01,,
Precio Hecho,2025-05-31,Trigo,2025-06-13,,197.58999999999997
Precio Hecho,2025-05-31,Soja,2025-06-01,,
Precio Hecho,2025-05-31,Soja,2025-06-01,,
Precio Hecho,2025-05-30,Maiz,2025-05-31,175.93,
Precio Hecho,2025-05-31,Soja,2025-06-01,,
Precio Hecho,2025-05-31,Soja,2025-06-01,,
Precio Hecho,2025-05-31,Trigo,2025-06-01,,
Precio Hecho,2025-05-31,Trigo,2025-07-31,,
Precio Hecho,2025-05-31,Trigo,2025-06-01,,
Precio Hecho,2025-05-31,Maiz,2025-06-06,,172.06333333333336
Precio Hecho,2025-05-31,Maiz,2025-06-07,,
Precio Hecho,2025-05-04,Soja,2025-05-06,,264.45
Precio Hecho,2025-05-30,ARROZ C.L.F,2025-05-30,,
Precio Hecho,2025-05-30,ARROZ C.L.A,2025-05-30,,
Precio Hecho,2025-05-31,Soja,2025-05-31,,
Precio Hecho,2025-05-31,Maiz,2025-06-30,,168.39333333333332
Precio Hecho,2025-05-31,Soja,2025-05-31,,
Precio Hecho,2025-05-31,Soja,2025-05-31,,
Precio Hecho,2025-05-31,Soja,2025-05-31,,
Precio Hecho,2025-05-31,Trigo,2025-06-28,,
Precio Hecho,2025-05-31,Soja,2025-05-31,,
Precio Hecho,2025-05-31,Soja,2025-05-31,,
Precio Hecho,2025-05-31,Trigo,2025-05-31,,
Precio Hecho,2025-05-31,ARROZ C.L.A,2025-05-31,,
Precio Hecho,2025-05-31,Soja,2025-05-31,,
Precio Hecho,2025-05-31,Soja,2025-05-31,,
Precio Hecho,2025-05-31,Trigo,2025-05-31,,
Precio a Fijar,2025-05-30,Maiz,2025-06-06,175.93,172.06333333333336
Precio Hecho,2025-05-30,Soja,2025-06-03,269.36,267.7733333333333
Precio a Fijar,2025-05-21,Soja,2025-06-21,273.605,
Precio a Fijar,2025-04-21,Soja,2025-05-21,273.08,273.605
Precio a Fijar,2025-03-11,Soja,2025-04-30,,251.94
Precio a Fijar,2025-03-11,Soja,2025-05-15,,269.255
Precio a Fijar,2025-02-06,Soja,2025-03-06,303.39,309.07
Precio a Fijar,2025-02-05,Soja,2025-05-15,303.46,269.255
Precio a Fijar,2025-01-28,Soja,2025-04-30,294.96,251.94
Precio a Fijar,2024-12-13,Soja,2025-04-30,285.15,251.94
Precio a Fijar,2023-12-06,Soja,2024-01-06,,
Precio a Fijar,2024-12-18,Soja,2025-04-30,273.84,251.94
Precio a Fijar,2024-10-17,Soja,2024-11-17,311.56,
Precio a Fijar,2025-04-01,Soja,2025-04-07,293.09,288.1
Precio a Fijar,2025-03-19,Soja,2025-03-31,306.15,319.37
Precio a Fijar,2025-03-19,Soja,2025-03-31,306.15,319.37
Precio a Fijar,2025-02-25,Soja,2025-03-05,310.88,299.27
Precio a Fijar,2025-02-18,Soja,2025-03-05,312.94,299.27
Precio a Fijar,2025-01-09,Soja,2025-05-15,,269.255
Precio a Fijar,2025-01-09,Soja,2025-04-20,,
Precio a Fijar,2025-01-09,Soja,2025-04-30,,251.94
Precio a Fijar,2025-01-06,Soja,2025-04-30,279.09,251.94
Precio a Fijar,2024-12-19,Soja,2025-01-19,273.7,
Precio a Fijar,2024-12-18,Soja,2025-04-30,273.84,251.94
Precio a Fijar,2024-12-11,Soja,2025-05-31,,
Precio a Fijar,2024-12-11,Soja,2025-04-30,,251.94
Precio a Fijar,2024-12-11,Soja,2025-05-31,,
Precio a Fijar,2024-10-08,Soja,2025-05-30,317.79,269.36
Precio Hecho,2025-05-28,Soja,2025-05-28,267.24,267.24
Precio Hecho,2025-05-28,Soja,2025-05-28,267.24,267.24
Precio Hecho,2025-05-28,Soja,2025-05-28,267.24,267.24
Precio Hecho,2025-05-29,Soja,2025-05-29,267.955,267.955
Precio Hecho,2025-05-29,Soja,2025-05-29,267.955,267.955
Precio Hecho,2025-05-29,Soja,2025-05-29,267.955,267.955
Precio Hecho,2025-05-30,Soja,2025-05-30,269.36,269.36
Precio Hecho,2025-05-30,Soja,2025-05-30,269.36,269.36
Precio a Fijar,2025-05-30,Soja,2025-06-28,269.36,
Precio a Fijar,2025-05-30,Soja,2025-06-28,269.36,
Precio a Fijar,2025-05-30,Soja,2025-06-20,269.36,
Precio a Fijar,2025-05-30,Soja,2025-06-20,269.36,
Precio a Fijar,2025-05-30,Soja,2025-06-28,269.36,
Precio a Fijar,2025-05-30,Soja,2025-06-30,269.36,269.66999999999996
Precio a Fijar,2025-05-30,Soja,2025-06-20,269.36,
Precio a Fijar,2025-05-30,Soja,2025-06-30,269.36,269.66999999999996
Precio a Fijar,2025-05-30,Soja,2025-06-28,269.36,
Precio a Fijar,2025-05-30,Soja,2025-06-28,269.36,
Precio a Fijar,2025-05-30,Soja,2025-06-20,269.36,
Precio a Fijar,2025-05-30,Soja,2025-06-20,269.36,
Precio a Fijar,2025-05-30,Soja,2025-05-30,269.36,269.36
Precio a Fijar,2025-05-30,Soja,2025-06-28,269.36,
Precio a Fijar,2025-05-30,Soja,2025-06-30,269.36,269.66999999999996
Precio a Fijar,2025-05-30,Soja,2025-06-30,269.36,269.66999999999996
Precio a Fijar,2025-05-30,Soja,2025-06-28,269.36,
Precio a Fijar,2025-05-30,Soja,2025-06-20,269.36,
Precio a Fijar,2025-05-30,Soja,2025-06-28,269.36,
Precio a Fijar,2025-05-30,Soja,2025-06-28,269.36,
Precio a Fijar,2025-05-30,Soja,2025-06-30,269.36,269.66999999999996
Precio a Fijar,2025-05-30,Soja,2025-06-20,269.36,
Precio a Fijar,2025-05-30,Soja,2025-06-20,269.36,
Precio a Fijar,2025-05-30,Soja,2025-06-30,269.36,269.66999999999996
Precio a Fijar,2024-10-23,Soja,2025-05-31,317.1,
Precio Hecho,2025-05-29,Soja,2025-07-31,267.955,
Precio a Fijar,2025-05-30,Soja,2025-06-20,269.36,
Precio a Fijar,2025-05-30,Soja,2025-06-28,269.36,
Precio a Fijar,2025-05-30,Soja,2025-06-20,269.36,
Precio a Fijar,2025-05-30,Soja,2025-06-28,269.36,
Precio a Fijar,2025-05-30,Soja,2025-06-28,269.36,
Precio a Fijar,2025-05-30,Soja,2025-06-28,269.36,
Precio a Fijar,2025-05-30,Soja,2025-06-30,269.36,269.66999999999996
Precio a Fijar,2025-05-30,Soja,2025-06-28,269.36,
Precio a Fijar,2025-05-30,Soja,2025-06-20,269.36,
Precio a Fijar,2025-05-30,Soja,2025-06-28,269.36,
Precio a Fijar,2025-05-30,Soja,2025-06-28,269.36,
Precio a Fijar,2025-05-30,Maiz,2025-06-03,175.93,174.98000000000002
Precio Hecho,2025-05-30,Soja,2025-06-30,269.36,269.66999999999996
Precio a Fijar,2025-05-30,Soja,2025-06-29,269.36,
Precio a Fijar,2025-05-30,Soja,2025-06-30,269.36,269.66999999999996
Precio a Fijar,2025-05-30,Soja,2025-06-15,269.36,
Precio a Fijar,2025-05-30,Soja,2025-06-28,269.36,
Precio a Fijar,2025-05-30,Soja,2025-06-28,269.36,
Precio a Fijar,2025-05-30,Soja,2025-06-20,269.36,
Precio a Fijar,2025-05-30,Soja,2025-06-28,269.36,
Precio a Fijar,2025-05-30,Soja,2025-06-20,269.36,
Precio a Fijar,2025-02-13,Soja,2025-03-13,307.26,
Precio a Fijar,2025-01-08,Soja,2025-02-08,277.76,
Precio a Fijar,2025-01-08,Soja,2025-02-08,277.76,
Precio a Fijar,2025-01-07,Soja,2025-04-30,277.99,251.94
Precio a Fijar,2025-01-03,Soja,2025-04-15,275.23,275.0
Precio a Fijar,2024-11-21,Trigo,2025-10-31,186.88333333333335,189.79999999999998
Precio a Fijar,2025-01-03,Soja,2025-04-15,275.23,275.0
Precio a Fijar,2025-01-03,Soja,2025-05-15,275.23,269.255
Precio a Fijar,2024-12-17,Soja,2025-04-30,279.0,251.94
Precio a Fijar,2024-12-11,Soja,2025-04-30,,251.94
Precio a Fijar,2024-12-10,Soja,2025-05-31,292.04,
Precio a Fijar,2024-12-04,Soja,2025-04-30,291.21,251.94
Precio a Fijar,2025-03-14,Soja,2025-05-15,299.49,269.255
Precio a Fijar,2025-02-25,Soja,2025-04-30,310.88,251.94
Precio a Fijar,2025-03-14,Soja,2025-04-30,299.49,251.94
Precio Hecho,2025-05-29,Soja,2025-05-29,267.955,267.955
Precio Hecho,2025-05-27,Soja,2025-05-27,269.765,269.765
Precio Hecho,2025-05-27,Soja,2025-05-27,269.765,269.765
Precio Hecho,2025-05-28,Soja,2025-05-28,267.24,267.24
Precio Hecho,2025-05-28,Soja,2025-05-28,267.24,267.24
Precio Hecho,2025-05-28,Soja,2025-05-28,267.24,267.24
Precio Hecho,2025-05-28,Soja,2025-05-28,267.24,267.24
Precio Hecho,2025-05-29,Soja,2025-05-29,267.955,267.955
Precio Hecho,2025-05-29,Soja,2025-05-29,267.955,267.955
Precio Hecho,2025-05-27,Soja,2025-05-27,269.765,269.765
Precio Hecho,2025-05-29,Soja,2025-05-29,267.955,267.955
Precio Hecho,2025-05-29,Soja,2025-05-29,267.955,267.955
Precio Hecho,2025-05-30,Soja,2025-05-30,269.36,269.36
Precio Hecho,2025-05-30,Soja,2025-05-30,269.36,269.36
Precio Hecho,2025-05-26,Soja,2025-05-26,269.98,269.98
Precio Hecho,2025-05-29,Soja,2025-05-29,267.955,267.955
Precio Hecho,2025-05-21,Soja,2025-05-21,273.605,273.605
Precio Hecho,2025-05-20,Soja,2025-05-20,274.21,274.21
Precio Hecho,2025-05-29,Soja,2025-05-29,267.955,267.955
Precio Hecho,2025-05-27,Soja,2025-05-27,269.765,269.765
Precio Hecho,2025-05-20,Soja,2025-05-20,274.21,274.21
Precio Hecho,2025-05-26,Soja,2025-05-26,269.98,269.98
Precio Hecho,2025-05-26,Soja,2025-05-26,269.98,269.98
Precio Hecho,2025-05-21,Soja,2025-05-21,273.605,273.605
Precio Hecho,2025-05-27,Soja,2025-05-27,269.765,269.765
Precio Hecho,2025-05-23,Soja,2025-05-23,269.57,269.57
Precio Hecho,2025-05-16,Soja,2025-05-16,270.32,270.32
Precio Hecho,2025-05-26,Soja,2025-05-26,269.98,269.98
Precio Hecho,2025-05-21,Soja,2025-05-21,273.605,273.605
Precio Hecho,2025-05-29,Maiz,2025-05-29,177.26,177.26
Precio Hecho,2025-05-29,Maiz,2025-05-29,177.26,177.26
Precio Hecho,2025-05-29,Maiz,2025-05-29,177.26,177.26
Precio Hecho,2025-05-30,Maiz,2025-05-30,175.93,175.93
Precio a Fijar,2025-05-30,Soja,2025-06-29,269.36,
Precio a Fijar,2025-05-21,Soja,2025-05-31,273.605,
Precio a Fijar,2024-10-16,Soja,2025-05-31,,
Precio a Fijar,2025-05-30,Soja,2025-06-15,269.36,
Precio Hecho,2025-05-30,Maiz,2025-05-30,175.93,175.93
Precio Hecho,2025-05-30,Soja,2025-06-29,269.36,
Precio Hecho,2025-05-30,Soja,2025-05-30,269.36,269.36
Precio Hecho,2025-05-30,Soja,2025-05-30,269.36,269.36
Precio Hecho,2025-05-30,Trigo,2025-06-06,198.48,198.48
Precio Hecho,2025-05-30,Trigo,2025-06-06,198.48,198.48
Precio Hecho,2025-05-30,Soja,2025-05-30,269.36,269.36
Precio Hecho,2025-05-30,Soja,2025-06-29,269.36,
Precio a Fijar,2025-05-30,Soja,2025-06-28,269.36,
Precio a Fijar,2025-05-30,Soja,2025-06-28,269.36,
Precio a Fijar,2025-05-30,Soja,2025-06-30,269.36,269.66999999999996
Precio a Fijar,2025-05-30,Soja,2025-06-30,269.36,269.66999999999996
Precio a Fijar,2024-11-12,Soja,2025-05-31,305.46,
Precio a Fijar,2025-05-21,Soja,2025-06-21,273.605,
Precio a Fijar,2025-05-30,Soja,2025-06-29,269.36,
Precio a Fijar,2025-05-30,Soja,2025-06-30,269.36,269.66999999999996
Precio a Fijar,2025-05-30,Maiz,2025-06-30,175.93,168.39333333333332
Precio a Fijar,2025-05-30,Girasol,2025-06-30,297.73,297.76
Precio Hecho,2025-05-30,Maiz,2025-05-30,175.93,175.93
Precio Hecho,2025-05-30,Soja,2025-07-31,269.36,
Precio Hecho,2025-05-30,Maiz,2025-08-31,175.93,
Precio a Fijar,2025-05-14,Maiz,2025-06-14,182.65,
Precio Hecho,2025-05-30,Maiz,2025-09-30,175.93,178.83
Precio Hecho,2025-05-30,Maiz,2025-10-31,175.93,177.10666666666665
Precio Hecho,2025-05-30,Maiz,2025-12-31,175.93,
Precio Hecho,2025-05-30,Maiz,2025-11-30,175.93,
Precio Hecho,2025-05-30,Maiz,2025-06-30,175.93,168.39333333333332
Precio Hecho,2025-05-30,Soja,2026-06-29,269.36,
Precio Hecho,2025-05-30,Maiz,2025-06-30,175.93,168.39333333333332
Precio a Fijar,2025-05-30,Maiz,2025-07-31,175.93,
Precio a Fijar,2025-05-30,Maiz,2025-07-31,175.93,
Precio a Fijar,2025-05-30,Soja,2025-06-29,269.36,
Precio Hecho,2025-05-30,Trigo,2025-06-29,198.48,
Precio a Fijar,2025-05-30,Soja,2025-06-29,269.36,
Precio a Fijar,2025-05-28,Soja,2025-06-27,267.24,271.44500000000005
Precio a Fijar,2025-05-29,Soja,2025-06-10,267.955,239.8
Precio a Fijar,2025-05-28,Soja,2025-06-28,267.24,
Precio a Fijar,2025-05-28,Soja,2025-06-26,267.24,270.24666666666667
Precio a Fijar,2025-05-27,Soja,2025-05-31,269.765,
Precio Hecho,2025-05-30,Soja,2025-05-30,269.36,269.36
Precio Hecho,2025-05-30,Trigo,2025-06-06,198.48,198.48
Precio Hecho,2025-05-30,ARROZ C.L.F,2025-05-30,,
Precio Hecho,2025-05-30,ARROZ C.L.F,2025-05-30,,
Precio Hecho,2025-05-30,ARROZ C.L.F,2025-05-30,,
Precio Hecho,2025-05-30,ARROZ C.L.F,2025-05-30,,
Precio Hecho,2025-05-30,Soja,2025-06-10,269.36,239.8
Precio Hecho,2025-05-30,Trigo,2025-06-06,198.48,198.48
Precio a Fijar,2025-05-26,Soja,2025-06-16,269.98,
Precio a Fijar,2025-05-30,Soja,2025-06-28,269.36,
Precio a Fijar,2025-05-30,Girasol,2025-06-30,297.73,297.76
Precio a Fijar,2025-05-30,Soja,2025-06-30,269.36,269.66999999999996
Precio a Fijar,2025-05-30,Soja,2025-06-30,269.36,269.66999999999996
Precio a Fijar,2024-07-23,Trigo,2024-12-31,239.26333333333332,
Precio Hecho,2025-05-30,Maiz,2025-06-06,175.93,172.06333333333336
Precio Hecho,2025-05-30,Trigo,2025-06-06,198.48,198.48
Precio a Fijar,2024-10-15,Soja,2025-04-30,,251.94
Precio a Fijar,2024-10-15,Soja,2025-04-30,,251.94
Precio a Fijar,2024-10-15,Soja,2025-04-30,,251.94
Precio Hecho,2025-05-30,Trigo,2025-06-29,198.48,
Precio a Fijar,2025-05-07,Soja,2025-05-31,268.21000000000004,
Precio a Fijar,2025-05-30,Soja,2025-06-30,269.36,269.66999999999996
Precio a Fijar,2025-05-30,Soja,2025-06-30,269.36,269.66999999999996
Precio a Fijar,2025-05-30,Soja,2025-06-30,269.36,269.66999999999996
Precio Hecho,2025-05-30,ARROZ C.L.F,2025-05-30,,
Precio a Fijar,2025-04-25,Soja,2025-05-25,266.495,
Precio Hecho,2025-05-30,Maiz,2025-05-30,175.93,175.93
Precio a Fijar,2025-04-08,Soja,2025-05-08,297.33,268.56
Precio Hecho,2025-05-30,Maiz,2025-05-30,175.93,175.93
Precio Hecho,2025-05-30,Soja,2025-05-30,269.36,269.36
Precio Hecho,2025-05-30,Soja,2025-05-30,269.36,269.36
Precio Hecho,2025-05-30,Soja,2025-05-30,269.36,269.36
Precio Hecho,2025-05-30,Soja,2025-05-30,269.36,269.36
Precio Hecho,2025-05-30,Soja,2025-05-30,269.36,269.36
Precio a Fijar,2025-02-17,Girasol,2025-03-30,339.04499999999996,
Precio a Fijar,2023-12-14,Trigo,2023-12-25,,
Precio a Fijar,2024-01-30,Trigo,2024-02-11,217.9675,
Precio a Fijar,2024-01-12,Trigo,2024-01-21,213.84500000000003,
Precio a Fijar,2025-02-04,Trigo,2025-02-23,200.03750000000002,
Precio a Fijar,2025-01-31,Trigo,2025-02-16,201.2025,
Precio a Fijar,2024-12-20,Trigo,2025-01-12,190.24666666666667,
Precio a Fijar,2024-12-16,Trigo,2025-01-18,187.98250000000002,
Precio Hecho,2025-05-30,Soja,2025-05-30,269.36,269.36
Precio Hecho,2025-05-30,Soja,2025-05-30,269.36,269.36
Precio Hecho,2025-05-30,ARROZ C.L.F,2025-05-30,,
Precio Hecho,2025-05-30,ARROZ C.L.F,2025-05-30,,
Precio a Fijar,2024-12-19,Maiz,2025-04-30,180.10500000000002,194.185
Precio a Fijar,2024-12-03,Trigo,2025-01-03,184.9375,187.5175
Precio a Fijar,2024-11-21,Trigo,2024-12-30,186.88333333333335,188.30666666666664
Precio Hecho,2025-05-30,Soja,2025-05-30,269.36,269.36
Precio Hecho,2025-05-30,Maiz,2025-05-30,175.93,175.93
Precio Hecho,2025-05-30,ARROZ C.L.F,2025-05-30,,
Precio Hecho,2025-05-30,ARROZ C.L.F,2025-05-30,,
Precio Hecho,2025-05-30,Soja,2025-05-30,269.36,269.36
Precio Hecho,2025-05-30,Soja,2025-05-30,269.36,269.36
Precio Hecho,2025-05-30,Soja,2025-05-30,269.36,269.36
Precio Hecho,2025-05-30,Soja,2025-05-30,269.36,269.36
Precio Hecho,2025-05-30,Soja,2025-05-30,269.36,269.36
Precio Hecho,2025-05-30,Trigo,2025-06-30,198.48,198.26
Precio a Fijar,2025-02-07,Soja,2025-04-30,305.0,251.94
Precio a Fijar,2025-02-07,Soja,2025-04-30,305.0,251.94
Precio a Fijar,2025-02-07,Soja,2025-04-30,305.0,251.94
Precio a Fijar,2025-02-07,Soja,2025-04-30,305.0,251.94
Precio a Fijar,2025-02-07,Soja,2025-04-30,305.0,251.94
Precio a Fijar,2025-02-07,Soja,2025-04-30,305.0,251.94
Precio a Fijar,2025-02-07,Soja,2025-04-30,305.0,251.94
Precio Hecho,2025-05-30,Trigo,2025-06-27,198.48,198.49
Precio Hecho,2025-05-30,Soja,2025-05-30,269.36,269.36
Precio Hecho,2025-05-30,Girasol,2025-05-30,297.73,297.73
Precio Hecho,2025-05-30,Soja,2025-05-30,269.36,269.36
Precio Hecho,2025-05-30,Maiz,2025-06-06,175.93,172.06333333333336
Precio Hecho,2025-05-30,Girasol,2025-05-30,297.73,297.73
Precio Hecho,2025-05-30,Girasol,2025-05-30,297.73,297.73
Precio Hecho,2025-05-30,Soja,2025-05-30,269.36,269.36
Precio Hecho,2025-05-30,Soja,2025-05-30,269.36,269.36
Precio Hecho,2025-05-30,Soja,2025-05-30,269.36,269.36
Precio Hecho,2025-05-30,Soja,2025-05-30,269.36,269.36
Precio Hecho,2025-05-30,Trigo,2025-06-29,198.48,
Precio Hecho,2025-05-30,Soja,2025-05-30,269.36,269.36
Precio Hecho,2025-05-30,Soja,2025-05-30,269.36,269.36
Precio a Fijar,2025-01-15,Soja,2025-05-31,283.11,
Precio Hecho,2025-05-30,Soja,2025-05-30,269.36,269.36
Precio Hecho,2025-05-30,Soja,2025-05-30,269.36,269.36
Precio Hecho,2025-05-30,Soja,2025-05-30,269.36,269.36
Precio Hecho,2025-05-30,Soja,2025-05-30,269.36,269.36
Precio Hecho,2025-05-30,Soja,2025-05-30,269.36,269.36
Precio Hecho,2025-05-30,Soja,2025-05-30,269.36,269.36
Precio Hecho,2025-05-30,Soja,2025-05-30,269.36,269.36
Precio Hecho,2025-05-30,Soja,2025-05-30,269.36,269.36
Precio Hecho,2025-05-30,Soja,2025-05-30,269.36,269.36
Precio a Fijar,2025-05-30,Soja,2025-06-30,269.36,269.66999999999996
Precio Hecho,2025-05-30,Girasol,2025-05-30,297.73,297.73
Precio Hecho,2025-05-30,Soja,2025-05-30,269.36,269.36
Precio Hecho,2025-05-30,Girasol,2025-05-30,297.73,297.73
Precio a Fijar,2025-04-14,Soja,2025-05-14,275.46,271.12
Precio a Fijar,2025-04-08,Soja,2025-05-07,297.33,268.21000000000004
Precio a Fijar,2025-03-26,Soja,2025-04-04,317.24,288.1
Precio a Fijar,2025-03-25,Soja,2025-04-30,308.37,251.94
Precio a Fijar,2025-03-18,Soja,2025-04-30,304.02,251.94
Precio a Fijar,2025-03-18,Soja,2025-04-30,304.02,251.94
Precio a Fijar,2025-03-18,Soja,2025-05-15,304.02,269.255
Precio a Fijar,2025-03-18,Soja,2025-05-15,304.02,269.255
Precio a Fijar,2025-03-18,Soja,2025-05-15,304.02,269.255
Precio a Fijar,2025-02-07,Soja,2025-05-01,305.0,
Precio Hecho,2025-05-29,Soja,2025-05-29,267.955,267.955
Precio Hecho,2025-05-29,Soja,2025-05-29,267.955,267.955
Precio Hecho,2025-05-30,Soja,2025-05-30,269.36,269.36
Precio Hecho,2025-05-30,Soja,2025-05-30,269.36,269.36
Precio Hecho,2025-05-30,Soja,2025-05-30,269.36,269.36
Precio Hecho,2025-05-29,Trigo,2025-06-08,198.48,
Precio Hecho,2025-05-30,Trigo,2025-05-30,198.48,198.48
Precio Hecho,2025-04-30,Soja,2025-06-03,251.94,267.7733333333333
Precio Hecho,2025-05-30,Soja,2025-05-30,269.36,269.36
Precio Hecho,2025-05-30,Soja,2025-05-30,269.36,269.36
Precio Hecho,2025-05-30,Soja,2025-05-30,269.36,269.36
Precio Hecho,2025-05-30,Soja,2025-05-30,269.36,269.36
Precio Hecho,2025-05-30,Trigo,2025-06-29,198.48,
Precio a Fijar,2025-05-30,Soja,2025-06-29,269.36,
Precio a Fijar,2025-05-30,Soja,2025-06-29,269.36,
Precio a Fijar,2025-05-30,Soja,2025-06-29,269.36,
Precio Hecho,2025-05-30,Soja,2025-05-30,269.36,269.36
Precio Hecho,2025-05-28,Maiz,2025-06-03,181.03,174.98000000000002
Precio Hecho,2025-05-30,Trigo,2025-06-29,198.48,
Precio a Fijar,2024-11-20,Trigo,2025-01-31,184.32333333333335,201.2025
Precio a Fijar,2024-11-20,Trigo,2025-01-31,184.32333333333335,201.2025
Precio Hecho,2025-05-30,Soja,2025-05-30,269.36,269.36
Precio Hecho,2025-05-30,Soja,2025-05-30,269.36,269.36
Precio Hecho,2025-05-30,Soja,2025-05-30,269.36,269.36
Precio Hecho,2025-05-28,Soja,2025-06-03,267.24,267.7733333333333
Precio Hecho,2025-05-30,Girasol,2025-06-15,297.73,
Precio Hecho,2025-05-30,Maiz,2025-05-30,175.93,175.93
Precio Hecho,2025-05-30,Trigo,2025-05-30,198.48,198.48
Precio a Fijar,2025-05-09,Soja,2025-06-09,272.855,271.79
Precio Hecho,2025-05-30,Maiz,2025-05-30,175.93,175.93
Precio Hecho,2025-05-30,Soja,2025-06-30,269.36,269.66999999999996
Precio a Fijar,2025-04-25,Soja,2025-05-25,266.495,
Precio Hecho,2025-05-30,Maiz,2025-05-30,175.93,175.93
Precio a Fijar,2025-05-30,Trigo,2025-06-30,198.48,198.26
Precio Hecho,2025-05-30,Trigo,2025-06-29,198.48,
Precio Hecho,2025-05-30,Maiz,2025-06-22,175.93,
Precio Hecho,2025-05-30,Soja,2025-05-30,269.36,269.36
Precio a Fijar,2025-05-29,Maiz,2025-05-30,177.26,175.93
Precio a Fijar,2025-03-31,Maiz,2025-04-10,202.515,208.68
Precio a Fijar,2025-01-08,Trigo,2025-02-08,187.215,
Precio Hecho,2025-05-30,Soja,2025-07-31,269.36,
Precio Hecho,2025-05-29,Sorgo,2025-06-28,178.36,
Precio Hecho,2025-05-30,Trigo,2025-06-06,198.48,198.48
Precio Hecho,2025-05-29,Soja,2025-07-31,267.955,
Precio Hecho,2025-05-27,Soja,2025-05-27,269.765,269.765
Precio Hecho,2025-05-29,Soja,2025-07-31,267.955,
Precio Hecho,2025-05-29,Soja,2025-07-31,267.955,
Precio Hecho,2025-05-29,Maiz,2025-06-28,177.26,
Precio Hecho,2025-05-30,Soja,2025-06-30,269.36,269.66999999999996
Precio Hecho,2025-05-30,Trigo,2025-06-05,198.48,
Precio Hecho,2025-05-30,Trigo,2025-07-31,198.48,
Precio Hecho,2025-05-29,Soja,2025-06-28,267.955,
Precio Hecho,2025-05-29,Girasol,2025-06-29,322.15,
Precio Hecho,2025-05-30,Soja,2025-05-30,269.36,269.36
Precio Hecho,2025-05-30,Trigo,2025-06-30,198.48,198.26
Precio Hecho,2025-05-30,Soja,2025-05-30,269.36,269.36
Precio Hecho,2025-05-29,Trigo,2025-06-15,198.48,
Precio Hecho,2025-05-30,Soja,2025-05-30,269.36,269.36
Precio Hecho,2025-05-30,Soja,2025-05-30,269.36,269.36
Precio Hecho,2025-05-30,Soja,2025-06-29,269.36,
Precio Hecho,2025-05-30,Trigo,2025-06-30,198.48,198.26
Precio Hecho,2025-05-30,Soja,2025-05-30,269.36,269.36
Precio Hecho,2025-05-30,Soja,2025-05-30,269.36,269.36
Precio Hecho,2025-05-30,Trigo,2025-06-30,198.48,198.26
Precio Hecho,2025-05-30,Soja,2025-05-30,269.36,269.36
Precio a Fijar,2024-08-12,Trigo,2024-12-15,226.77666666666664,
Precio Hecho,2025-05-30,Maiz,2025-05-30,175.93,175.93
Precio Hecho,2025-05-30,Maiz,2025-06-29,175.93,
Precio Hecho,2025-05-30,Maiz,2025-06-30,175.93,168.39333333333332
Precio Hecho,2025-05-30,Maiz,2025-05-30,175.93,175.93
Precio a Fijar,2025-05-30,Soja,2025-06-29,269.36,
Precio a Fijar,2025-05-30,Soja,2025-06-29,269.36,
Precio Hecho,2025-05-30,Soja,2025-06-30,269.36,269.66999999999996
Precio Hecho,2025-05-30,Maiz,2025-05-30,175.93,175.93
Precio Hecho,2025-05-30,Maiz,2025-05-30,175.93,175.93
Precio a Fijar,2025-03-20,Maiz,2025-05-31,196.35,
Precio Hecho,2025-05-30,Maiz,2025-05-30,175.93,175.93
Precio a Fijar,2025-03-20,Maiz,2025-05-31,196.35,
Precio Hecho,2025-05-30,Maiz,2025-06-30,175.93,168.39333333333332
Precio Hecho,2025-05-30,Maiz,2025-05-30,175.93,175.93
Precio Hecho,2025-05-30,Trigo,2025-06-30,198.48,198.26
Precio a Fijar,2025-05-23,Maiz,2025-05-30,181.645,175.93
Precio a Fijar,2025-03-10,Soja,2025-05-10,308.16,
Precio Hecho,2025-05-30,Soja,2025-05-30,269.36,269.36
Precio a Fijar,2025-05-29,Soja,2025-06-28,267.955,
Precio a Fijar,2025-05-24,Maiz,2025-06-22,,
Precio a Fijar,2025-05-23,Maiz,2025-06-21,181.645,
Precio a Fijar,2025-05-21,Soja,2025-06-20,273.605,
Precio a Fijar,2025-05-21,Soja,2025-06-20,273.605,
Precio a Fijar,2025-05-20,Soja,2025-06-19,274.21,274.87
Precio a Fijar,2025-05-20,Trigo,2025-06-19,198.42,197.2
Precio a Fijar,2025-05-19,Soja,2025-06-18,273.06,277.93333333333334
Precio a Fijar,2025-05-19,Soja,2025-06-18,273.06,277.93333333333334
Precio a Fijar,2025-05-19,Soja,2025-06-18,273.06,277.93333333333334
Precio a Fijar,2025-05-16,Soja,2025-06-15,270.32,
Precio a Fijar,2025-05-16,Soja,2025-06-15,270.32,
Precio a Fijar,2025-05-13,Soja,2025-06-12,272.245,273.08000000000004
Precio a Fijar,2025-05-08,Soja,2025-05-31,268.56,
Precio a Fijar,2025-04-21,Soja,2025-05-21,273.08,273.605
Precio a Fijar,2025-02-21,Soja,2025-05-31,311.1,
Precio a Fijar,2025-05-08,Soja,2025-06-07,268.56,
Precio a Fijar,2025-05-07,Soja,2025-06-06,268.21000000000004,268.9733333333333
Precio a Fijar,2025-05-07,Soja,2025-06-06,268.21000000000004,268.9733333333333
Precio a Fijar,2025-05-07,Soja,2025-05-31,268.21000000000004,
Precio a Fijar,2025-05-06,Soja,2025-06-05,264.45,
Precio a Fijar,2025-05-06,Soja,2025-06-05,264.45,
Precio a Fijar,2025-05-06,Soja,2025-06-05,264.45,
Precio a Fijar,2025-05-05,Soja,2025-06-04,257.5,
Precio a Fijar,2025-04-28,Soja,2025-05-28,285.395,267.24
Precio a Fijar,2025-04-23,Soja,2025-05-23,,269.57
Precio a Fijar,2025-04-22,Soja,2025-05-22,275.82,274.77
Precio a Fijar,2025-04-21,Soja,2025-05-21,273.08,273.605
Precio a Fijar,2025-04-16,Soja,2025-05-15,279.74,269.255
Precio a Fijar,2025-04-15,Maiz,2025-05-14,197.92,182.65
Precio a Fijar,2025-04-08,Maiz,2025-05-08,205.81,183.12
Precio a Fijar,2025-04-05,Soja,2025-05-05,,257.5
Precio a Fijar,2025-03-26,Soja,2025-05-31,317.24,
Precio a Fijar,2025-03-12,Soja,2025-04-30,308.41,251.94
Precio a Fijar,2025-02-21,Soja,2025-05-31,311.1,
Precio a Fijar,2025-02-21,Soja,2025-04-30,311.1,251.94
Precio a Fijar,2025-02-14,Maiz,2025-04-30,208.84,194.185
Precio a Fijar,2025-02-14,Maiz,2025-05-15,208.84,183.48000000000002
Precio a Fijar,2025-02-11,Soja,2025-03-13,307.62,
Precio a Fijar,2025-01-27,Maiz,2025-03-31,,202.515
Precio a Fijar,2025-01-22,Soja,2025-04-30,281.49,251.94
Precio a Fijar,2024-12-30,Maiz,2025-05-31,185.08,
Precio a Fijar,2024-12-27,Maiz,2025-04-30,185.17,194.185
Precio a Fijar,2024-12-27,Maiz,2025-04-15,185.17,197.92
Precio a Fijar,2024-12-27,Maiz,2025-03-15,185.17,
Precio a Fijar,2024-12-27,Maiz,2025-04-15,185.17,197.92
Precio a Fijar,2024-12-27,Soja,2025-05-31,276.3,
Precio a Fijar,2024-12-27,Maiz,2025-05-31,185.17,
Precio a Fijar,2024-12-27,Soja,2025-01-26,276.3,
Precio a Fijar,2024-12-19,Soja,2025-05-15,273.7,269.255
Precio a Fijar,2024-12-13,Soja,2025-06-15,285.15,
Precio a Fijar,2024-12-10,Soja,2025-05-15,292.04,269.255
Precio a Fijar,2024-12-06,Trigo,2025-01-05,187.69333333333336,
Precio a Fijar,2024-11-13,Maiz,2025-04-15,185.25333333333333,197.92
Precio a Fijar,2024-11-13,Trigo,2024-12-13,187.44,187.85500000000002
Precio a Fijar,2024-11-10,Trigo,2024-12-10,,187.87333333333333
Precio a Fijar,2024-10-31,Soja,2025-05-31,306.37,
Precio a Fijar,2024-10-30,Soja,2025-05-31,,
Precio a Fijar,2024-10-28,Soja,2025-05-31,308.55,
Precio a Fijar,2024-10-22,Soja,2025-05-31,292.025,
Precio a Fijar,2024-10-16,Soja,2025-05-31,,
Precio a Fijar,2024-10-16,Soja,2025-05-31,,
Precio a Fijar,2024-08-21,Soja,2024-09-19,310.05,
Precio a Fijar,2024-08-02,Soja,2025-04-30,289.04,251.94
Precio a Fijar,2024-07-10,Maiz,2024-08-09,169.65666666666667,171.45499999999998
Precio a Fijar,2024-05-21,Soja,2025-05-31,,
Precio Hecho,2025-05-29,ACEITE SOJA,2025-05-29,,
Precio Hecho,2025-05-30,Soja,2025-05-30,269.36,269.36
Precio a Fijar,2025-05-19,Soja,2025-06-18,273.06,277.93333333333334
Precio a Fijar,2025-05-23,Maiz,2025-06-22,181.645,
Precio a Fijar,2025-05-23,Maiz,2025-06-22,181.645,
Precio a Fijar,2025-05-23,Soja,2025-06-22,269.57,
Precio a Fijar,2025-05-20,Soja,2025-06-19,274.21,274.87
Precio a Fijar,2025-05-19,Soja,2025-06-18,273.06,277.93333333333334
Precio a Fijar,2025-05-16,Maiz,2025-05-31,184.035,
Precio a Fijar,2025-05-15,Soja,2025-06-15,269.255,
Precio a Fijar,2025-05-13,Soja,2025-06-12,272.245,273.08000000000004
Precio a Fijar,2025-05-08,Soja,2025-05-31,268.56,
Precio a Fijar,2025-05-07,Soja,2025-06-06,268.21000000000004,268.9733333333333
Precio a Fijar,2025-05-06,Soja,2025-06-05,264.45,
Precio a Fijar,2025-04-29,Soja,2025-05-29,259.605,267.955
Precio a Fijar,2025-04-24,Soja,2025-05-24,268.31,
Precio a Fijar,2025-04-23,Soja,2025-05-23,,269.57
Precio a Fijar,2025-04-19,Soja,2025-05-18,,
Precio a Fijar,2025-04-15,Soja,2025-05-15,275.0,269.255
Precio a Fijar,2025-03-05,Maiz,2025-04-04,199.04333333333332,199.35
Precio a Fijar,2025-02-21,Maiz,2025-03-23,207.4,
Precio a Fijar,2025-02-21,Maiz,2025-03-23,207.4,
Precio a Fijar,2024-12-30,Maiz,2025-05-31,185.08,
Precio a Fijar,2024-12-27,Maiz,2025-04-15,185.17,197.92
Precio a Fijar,2024-12-27,Maiz,2025-04-30,185.17,194.185
Precio a Fijar,2024-12-27,Soja,2025-05-31,276.3,
Precio a Fijar,2024-12-27,Maiz,2025-04-30,185.17,194.185
Precio a Fijar,2024-12-26,CEBADA FORR.,2025-01-25,,
Precio a Fijar,2024-12-02,Soja,2025-05-31,286.42,
Precio a Fijar,2024-11-14,Soja,2025-05-31,300.15,
Precio a Fijar,2024-11-13,Trigo,2024-12-13,187.44,187.85500000000002
Precio a Fijar,2024-11-08,Maiz,2025-04-15,183.88666666666666,197.92
Precio a Fijar,2025-05-19,Soja,2025-06-18,273.06,277.93333333333334
Precio Hecho,2025-05-30,Soja,2025-05-30,269.36,269.36
Precio a Fijar,2025-05-29,Trigo,2025-06-28,198.48,
Precio Hecho,2025-05-30,Soja,2025-05-30,269.36,269.36
Precio a Fijar,2025-05-19,Soja,2025-06-18,273.06,277.93333333333334
Precio a Fijar,2024-08-06,Soja,2025-05-31,296.045,
Precio a Fijar,2025-05-27,Soja,2025-06-26,269.765,270.24666666666667
Precio a Fijar,2025-05-26,Soja,2025-06-25,269.98,268.685
Precio a Fijar,2025-05-21,Soja,2025-06-20,273.605,
Precio a Fijar,2025-05-21,Soja,2025-06-20,273.605,
Precio a Fijar,2025-05-19,Soja,2025-06-18,273.06,277.93333333333334
Precio a Fijar,2025-05-19,Soja,2025-06-18,273.06,277.93333333333334
Precio a Fijar,2025-05-19,Soja,2025-06-18,273.06,277.93333333333334
Precio a Fijar,2025-05-19,Soja,2025-06-18,273.06,277.93333333333334
Precio a Fijar,2025-05-16,Soja,2025-06-15,270.32,
Precio a Fijar,2025-05-14,Soja,2025-06-13,271.12,276.65
Precio a Fijar,2025-05-14,Soja,2025-06-13,271.12,276.65
Precio a Fijar,2025-05-14,Soja,2025-06-13,271.12,276.65
Precio a Fijar,2025-05-06,Soja,2025-06-05,264.45,
Precio a Fijar,2025-04-28,Soja,2025-05-05,285.395,257.5
Precio a Fijar,2025-04-25,Soja,2025-05-31,266.495,
Precio a Fijar,2025-04-23,Maiz,2025-05-23,,181.645
Precio a Fijar,2025-04-22,Maiz,2025-05-22,198.825,184.235
Precio a Fijar,2025-04-22,Soja,2025-05-22,275.82,274.77
Precio a Fijar,2025-04-21,Soja,2025-05-21,273.08,273.605
Precio a Fijar,2025-04-07,Soja,2025-04-30,288.1,251.94
Precio a Fijar,2025-04-07,Soja,2025-04-30,288.1,251.94
Precio a Fijar,2025-04-07,Soja,2025-04-30,288.1,251.94
Precio a Fijar,2025-03-12,Soja,2025-04-11,308.41,306.12
Precio a Fijar,2025-02-07,Soja,2025-02-21,305.0,311.1
Precio a Fijar,2025-01-23,Trigo,2025-02-22,189.81,
Precio a Fijar,2025-01-22,Soja,2025-04-30,281.49,251.94
Precio a Fijar,2025-01-21,Soja,2025-05-15,279.85,269.255
Precio a Fijar,2024-12-28,Maiz,2025-05-31,,
Precio a Fijar,2024-12-27,Maiz,2025-04-30,185.17,194.185
Precio a Fijar,2024-12-27,Maiz,2025-05-31,185.17,
Precio a Fijar,2024-12-27,Maiz,2025-04-15,185.17,197.92
Precio a Fijar,2024-12-27,Soja,2025-05-31,276.3,
Precio a Fijar,2024-12-27,Maiz,2025-03-15,185.17,
Precio a Fijar,2024-12-23,Maiz,2025-01-22,180.845,198.31333333333336
Precio a Fijar,2024-11-22,Trigo,2024-12-22,187.02333333333334,
Precio a Fijar,2024-10-24,Maiz,2025-04-30,184.25,194.185
Precio a Fijar,2024-10-16,Soja,2024-12-15,,
Precio a Fijar,2024-08-26,Maiz,2025-05-31,172.13666666666668,
Precio a Fijar,2024-08-21,Soja,2025-05-31,310.05,
Precio a Fijar,2024-08-21,Soja,2024-09-19,310.05,
Precio a Fijar,2024-08-06,Soja,2025-05-31,296.045,
Precio a Fijar,2024-05-02,Soja,2024-06-01,288.72333333333336,
Precio a Fijar,2024-02-29,Maiz,2024-03-31,172.375,
Precio a Fijar,2025-05-23,Soja,2025-06-22,269.57,
Precio a Fijar,2025-05-15,Soja,2025-06-15,269.255,
Precio a Fijar,2025-05-06,Soja,2025-06-05,264.45,
Precio a Fijar,2025-04-28,Soja,2025-05-28,285.395,267.24
Precio a Fijar,2025-02-07,Soja,2025-02-21,305.0,311.1
Precio a Fijar,2025-05-23,Maiz,2025-06-22,181.645,
Precio a Fijar,2025-05-23,Soja,2025-06-22,269.57,
Precio a Fijar,2025-05-22,Soja,2025-06-21,274.77,
Precio a Fijar,2025-05-20,Soja,2025-06-10,274.21,239.8
Precio a Fijar,2025-05-19,Soja,2025-06-18,273.06,277.93333333333334
Precio a Fijar,2025-05-15,Soja,2025-06-15,269.255,
Precio a Fijar,2025-05-13,Soja,2025-06-12,272.245,273.08000000000004
Precio a Fijar,2025-05-12,Soja,2025-06-11,275.315,274.3333333333333
Precio a Fijar,2025-05-08,Soja,2025-05-31,268.56,
Precio a Fijar,2025-05-07,Soja,2025-06-06,268.21000000000004,268.9733333333333
Precio a Fijar,2025-05-06,Soja,2025-06-05,264.45,
Precio a Fijar,2025-04-28,Soja,2025-05-28,285.395,267.24
Precio a Fijar,2025-04-13,Soja,2025-05-13,,272.245
Precio a Fijar,2025-04-12,Soja,2025-05-12,,275.315
Precio a Fijar,2025-04-07,Soja,2025-05-07,288.1,268.21000000000004
Precio a Fijar,2025-03-12,Soja,2025-04-11,308.41,306.12
Precio a Fijar,2025-02-07,Soja,2025-02-21,305.0,311.1
Precio a Fijar,2025-01-21,Soja,2025-05-15,279.85,269.255
Precio a Fijar,2024-12-27,Maiz,2025-04-15,185.17,197.92
Precio a Fijar,2024-12-27,Maiz,2025-04-30,185.17,194.185
Precio a Fijar,2024-12-27,Maiz,2025-05-31,185.17,
Precio a Fijar,2024-12-27,Maiz,2025-04-30,185.17,194.185
Precio a Fijar,2024-11-12,Soja,2025-04-30,305.46,251.94
Precio a Fijar,2024-10-28,Soja,2024-11-24,308.55,
Precio a Fijar,2024-10-23,Soja,2024-11-22,317.1,289.97
Precio a Fijar,2024-09-03,Soja,2024-10-03,304.14,
Precio a Fijar,2024-09-03,Soja,2024-10-03,304.14,
Precio a Fijar,2024-05-02,Soja,2024-06-01,288.72333333333336,
Precio Hecho,2025-05-30,Soja,2025-05-30,269.36,269.36
Precio a Fijar,2025-03-06,Maiz,2025-04-06,199.15,
Precio a Fijar,2021-05-08,Soja,2021-06-07,,
Precio Hecho,2025-05-30,ARROZ C.L.F,2025-05-30,,
Precio Hecho,2025-05-29,Soja,2025-05-29,267.955,267.955
Precio Hecho,2025-05-30,Trigo,2025-05-30,198.48,198.48
Precio Hecho,2025-05-30,Maiz,2025-05-30,175.93,175.93
Precio Hecho,2025-05-30,Soja,2025-05-30,269.36,269.36
Precio a Fijar,2025-02-14,Soja,2025-05-31,311.84,
Precio a Fijar,2024-09-25,Soja,2024-10-25,294.12,292.51
Precio Hecho,2025-05-30,Soja,2025-05-30,269.36,269.36
Precio Hecho,2025-05-30,Soja,2025-05-30,269.36,269.36
Precio a Fijar,2025-04-25,Soja,2025-05-31,266.495,
Precio a Fijar,2025-04-25,Soja,2025-05-31,266.495,
Precio a Fijar,2025-05-30,Soja,2025-06-29,269.36,
Precio a Fijar,2025-05-30,Maiz,2025-06-29,175.93,
Precio a Fijar,2025-05-29,Maiz,2025-06-28,177.26,
Precio Hecho,2025-05-30,ARROZ C.L.F,2025-05-30,,
Precio Hecho,2025-05-30,ARROZ C.L.F,2025-05-30,,
Precio Hecho,2025-05-30,ARROZ C.L.F,2025-05-30,,
Precio Hecho,2025-05-30,ARROZ C.L.F,2025-05-30,,
Precio Hecho,2025-05-30,ARROZ C.L.F,2025-05-30,,
Precio Hecho,2025-05-30,ARROZ C.L.F,2025-05-30,,
Precio a Fijar,2025-05-29,Soja,2025-06-28,267.955,
Precio Hecho,2025-05-30,ARROZ C.L.F,2025-05-30,,
Precio Hecho,2025-05-30,ARROZ C.L.F,2025-05-30,,
Precio Hecho,2025-05-30,ARROZ C.L.F,2025-05-30,,
Precio Hecho,2025-05-29,Maiz,2025-06-29,177.26,
Precio Hecho,2025-05-30,ARROZ C.L.F,2025-05-30,,
Precio Hecho,2025-05-30,ARROZ C.L.F,2025-05-30,,
Precio Hecho,2025-05-30,ARROZ C.L.F,2025-05-30,,
Precio Hecho,2025-05-30,ARROZ C.L.F,2025-05-30,,
Precio Hecho,2025-05-30,ARROZ C.L.F,2025-05-30,,
Precio Hecho,2025-05-30,ARROZ C.L.F,2025-05-30,,
Precio Hecho,2025-05-29,ARROZ C.L.A,2025-05-29,,
Precio Hecho,2025-05-28,ARROZ C.L.F,2025-05-28,,
Precio Hecho,2025-05-26,ARROZ C.L.F,2025-05-26,,
Precio Hecho,2025-05-30,Soja,2025-05-30,269.36,269.36
Precio a Fijar,2025-05-29,Soja,2025-06-28,267.955,
Precio Hecho,2025-05-30,Trigo,2025-05-31,198.48,
Precio a Fijar,2025-03-26,Soja,2025-04-04,317.24,288.1
Precio a Fijar,2025-03-26,Soja,2025-04-04,317.24,288.1
Precio a Fijar,2024-06-06,Soja,2024-07-03,,308.74
Precio a Fijar,2025-05-30,Maiz,2025-06-10,175.93,171.08666666666667
Precio Hecho,2025-05-30,Trigo,2025-05-31,198.48,
Precio Hecho,2025-05-29,Soja,2025-07-31,267.955,
Precio Hecho,2025-05-29,Soja,2025-07-31,267.955,
Precio Hecho,2025-05-30,Trigo,2025-06-13,198.48,197.58999999999997
Precio Hecho,2025-05-30,Trigo,2025-05-31,198.48,
Precio Hecho,2025-05-30,Maiz,2025-05-30,175.93,175.93
Precio Hecho,2025-05-30,Trigo,2025-05-31,198.48,
Precio Hecho,2025-05-30,Maiz,2025-05-30,175.93,175.93
Precio a Fijar,2025-05-19,Soja,2025-06-19,273.06,274.87
Precio a Fijar,2025-05-20,Soja,2025-06-20,274.21,
Precio Hecho,2025-05-30,Trigo,2025-05-31,198.48,
Precio Hecho,2025-05-30,Maiz,2025-05-30,175.93,175.93
Precio a Fijar,2025-05-29,Maiz,2025-05-31,177.26,
Precio a Fijar,2025-05-29,Maiz,2025-05-31,177.26,
Precio Hecho,2025-05-30,Maiz,2025-05-30,175.93,175.93
Precio Hecho,2025-05-30,Maiz,2025-05-30,175.93,175.93
Precio a Fijar,2025-05-30,Maiz,2025-07-31,175.93,
Precio a Fijar,2025-05-30,Maiz,2025-06-10,175.93,171.08666666666667
Precio a Fijar,2025-05-30,Soja,2025-06-30,269.36,269.66999999999996
Precio a Fijar,2025-05-30,Soja,2025-06-30,269.36,269.66999999999996
Precio Hecho,2025-05-30,Maiz,2025-05-30,175.93,175.93
Precio Hecho,2025-05-30,Maiz,2025-05-30,175.93,175.93
Precio Hecho,2025-05-30,Soja,2025-05-30,269.36,269.36
Precio Hecho,2025-05-30,Maiz,2025-05-30,175.93,175.93
Precio a Fijar,2024-10-17,Trigo,2025-10-31,205.3,189.79999999999998
Precio Hecho,2025-05-30,ARROZ C.L.F,2025-05-30,,
Precio a Fijar,2024-10-30,Maiz,2025-12-31,,
Precio a Fijar,2024-10-30,Maiz,2025-12-31,,
Precio Hecho,2025-05-30,Maiz,2025-05-30,175.93,175.93
Precio a Fijar,2025-05-29,Maiz,2025-07-11,177.26,166.865
Precio a Fijar,2025-05-29,Maiz,2025-07-11,177.26,166.865
Precio a Fijar,2025-05-30,Soja,2025-06-30,269.36,269.66999999999996
Precio a Fijar,2025-05-30,Soja,2025-06-30,269.36,269.66999999999996
Precio a Fijar,2024-07-01,CEBADA CERV.,2025-07-31,,
Precio Hecho,2025-05-28,Soja,2025-06-03,267.24,267.7733333333333
Precio a Fijar,2024-11-15,Trigo,2024-12-15,182.21,
Precio a Fijar,2024-11-15,Trigo,2024-12-20,182.21,190.24666666666667
Precio a Fijar,2025-03-28,Maiz,2025-04-27,193.76,
Precio Hecho,2025-05-29,Maiz,2025-06-28,177.26,
Precio Hecho,2025-05-29,Maiz,2025-06-28,177.26,
Precio Hecho,2025-05-29,Maiz,2025-07-01,177.26,166.12
Precio Hecho,2025-05-29,Maiz,2025-06-28,177.26,
Precio a Fijar,2025-05-29,Maiz,2025-06-28,177.26,
Precio a Fijar,2025-05-29,Maiz,2025-06-28,177.26,
Precio Hecho,2025-05-30,Soja,2025-05-30,269.36,269.36
Precio Hecho,2025-05-30,Soja,2025-05-30,269.36,269.36
Precio Hecho,2025-05-30,Soja,2025-05-30,269.36,269.36
Precio Hecho,2025-05-30,Soja,2025-05-30,269.36,269.36
Precio a Fijar,2025-05-28,Soja,2025-05-31,267.24,
Precio a Fijar,2025-03-28,Soja,2025-05-31,,
Precio Hecho,2025-05-30,Soja,2025-05-30,269.36,269.36
Precio Hecho,2025-05-30,Soja,2025-05-30,269.36,269.36
Precio Hecho,2025-05-30,Maiz,2025-05-30,175.93,175.93
Precio Hecho,2025-05-30,Maiz,2025-05-30,175.93,175.93
Precio Hecho,2025-05-30,Soja,2025-05-30,269.36,269.36
Precio Hecho,2025-05-30,Trigo,2025-05-30,198.48,198.48
Precio Hecho,2025-05-30,Soja,2025-05-30,269.36,269.36
Precio Hecho,2025-05-30,Soja,2025-05-30,269.36,269.36
Precio Hecho,2025-05-29,Trigo,2025-06-29,198.48,
Precio a Fijar,2025-05-29,Maiz,2025-05-31,177.26,
Precio a Fijar,2025-05-29,Soja,2025-06-29,267.955,
Precio a Fijar,2025-05-29,Soja,2025-06-29,267.955,
Precio a Fijar,2025-05-29,Soja,2025-06-29,267.955,
Precio a Fijar,2025-05-29,Soja,2025-06-28,267.955,
Precio a Fijar,2025-05-29,Soja,2025-06-28,267.955,
Precio a Fijar,2025-05-29,Maiz,2025-06-28,177.26,
Precio a Fijar,2025-05-29,Soja,2025-06-28,267.955,
Precio a Fijar,2025-05-22,Soja,2025-06-22,274.77,
Precio a Fijar,2025-05-20,Soja,2025-06-20,274.21,
Precio a Fijar,2025-04-15,Soja,2025-05-16,275.0,270.32
Precio a Fijar,2025-04-09,Soja,2025-05-09,300.77,272.855
Precio a Fijar,2025-03-14,Soja,2025-05-15,299.49,269.255
Precio a Fijar,2025-03-14,Soja,2025-05-15,299.49,269.255
Precio a Fijar,2025-03-11,Soja,2025-04-30,,251.94
Precio a Fijar,2025-02-05,Soja,2025-05-15,303.46,269.255
Precio a Fijar,2025-01-17,Soja,2025-05-31,277.78,
Precio a Fijar,2025-01-03,Soja,2025-02-03,275.23,298.79
Precio a Fijar,2025-01-03,Soja,2025-05-15,275.23,269.255
Precio a Fijar,2024-10-07,Soja,2024-11-07,312.66,311.56
Precio a Fijar,2024-05-14,Soja,2024-05-21,293.22333333333336,
Precio a Fijar,2024-03-13,Soja,2025-02-28,,
Precio a Fijar,2023-12-06,Soja,2024-01-06,,
Precio a Fijar,2025-02-25,Soja,2025-04-30,310.88,251.94
Precio a Fijar,2025-01-29,Soja,2025-04-30,299.57,251.94
Precio a Fijar,2025-05-16,Soja,2025-05-31,270.32,
Precio a Fijar,2025-05-12,Soja,2025-05-30,275.315,269.36
Precio a Fijar,2025-02-25,Soja,2025-03-05,310.88,299.27
Precio a Fijar,2025-01-09,Soja,2025-05-15,,269.255
Precio a Fijar,2025-01-09,Soja,2025-02-09,,
Precio a Fijar,2025-01-09,Soja,2025-04-30,,251.94
Precio a Fijar,2025-01-08,Soja,2025-02-08,277.76,
Precio a Fijar,2024-12-18,Soja,2025-04-30,273.84,251.94
Precio a Fijar,2024-12-18,Soja,2025-04-30,273.84,251.94
Precio a Fijar,2024-12-17,Soja,2025-04-15,279.0,275.0
Precio a Fijar,2024-12-11,Soja,2025-05-31,,
Precio a Fijar,2024-12-11,Soja,2025-04-30,,251.94
Precio a Fijar,2024-12-11,Soja,2025-04-30,,251.94
Precio a Fijar,2024-12-10,Soja,2025-05-31,292.04,
Precio a Fijar,2024-12-10,Soja,2025-05-31,292.04,
Precio a Fijar,2024-12-03,Soja,2025-01-03,291.36,275.23
Precio a Fijar,2024-10-17,Soja,2024-11-17,311.56,
Precio a Fijar,2024-10-08,Soja,2025-04-30,317.79,251.94
Precio a Fijar,2025-05-29,Soja,2025-05-29,267.955,267.955
Precio a Fijar,2025-05-29,Soja,2025-05-29,267.955,267.955
Precio a Fijar,2025-05-29,Soja,2025-05-29,267.955,267.955
Precio a Fijar,2025-05-29,Soja,2025-05-29,267.955,267.955
Precio a Fijar,2025-05-29,Soja,2025-05-29,267.955,267.955
Precio a Fijar,2025-05-29,Soja,2025-05-29,267.955,267.955
Precio a Fijar,2025-05-29,Soja,2025-06-20,267.955,
Precio Hecho,2025-05-29,Maiz,2025-06-28,177.26,
Precio a Fijar,2025-05-29,Soja,2025-06-20,267.955,
Precio a Fijar,2025-05-29,Soja,2025-06-20,267.955,
Precio a Fijar,2025-05-29,Soja,2025-06-20,267.955,
Precio a Fijar,2025-05-29,Soja,2025-06-06,267.955,268.9733333333333
Precio a Fijar,2025-05-29,Soja,2025-06-06,267.955,268.9733333333333
Precio a Fijar,2025-05-29,Soja,2025-06-20,267.955,
Precio Hecho,2025-05-29,Soja,2025-11-30,267.955,
Precio Hecho,2025-05-29,Soja,2025-07-31,267.955,
Precio Hecho,2025-05-29,Soja,2025-05-29,267.955,267.955
Precio a Fijar,2025-05-29,Soja,2025-06-20,267.955,
Precio a Fijar,2025-05-29,Soja,2025-06-06,267.955,268.9733333333333
Precio a Fijar,2025-05-29,Soja,2025-06-06,267.955,268.9733333333333
Precio Hecho,2025-05-29,Maiz,2025-05-29,177.26,177.26
Precio a Fijar,2025-03-11,Soja,2025-05-15,,269.255
Precio a Fijar,2025-01-03,Soja,2025-03-15,275.23,
Precio a Fijar,2024-12-30,Soja,2025-04-15,276.16,275.0
Precio a Fijar,2024-12-18,Soja,2025-04-30,273.84,251.94
Precio a Fijar,2024-12-18,Soja,2025-04-30,273.84,251.94
Precio a Fijar,2024-12-09,Soja,2025-05-31,290.31,
Precio a Fijar,2025-03-11,Soja,2025-05-15,,269.255
Precio a Fijar,2025-01-29,Soja,2025-05-15,299.57,269.255
Precio a Fijar,2025-01-29,Soja,2025-05-15,299.57,269.255
Precio Hecho,2025-05-29,Soja,2025-05-29,267.955,267.955
Precio a Fijar,2024-05-17,Soja,2025-05-31,304.75333333333333,
Precio a Fijar,2025-02-07,Soja,2025-05-01,305.0,
Precio a Fijar,2025-02-07,Soja,2025-05-01,305.0,
Precio a Fijar,2025-02-07,Soja,2025-05-01,305.0,
Precio a Fijar,2025-03-25,Soja,2025-04-30,308.37,251.94
Precio a Fijar,2025-03-25,Soja,2025-04-30,308.37,251.94
Precio a Fijar,2025-03-25,Soja,2025-05-31,308.37,
Precio a Fijar,2025-03-25,Soja,2025-05-31,308.37,
Precio a Fijar,2025-05-23,Soja,2025-06-22,269.57,
Precio a Fijar,2025-05-29,Soja,2025-06-05,267.955,
Precio a Fijar,2025-05-29,Soja,2025-06-20,267.955,
Precio a Fijar,2025-05-29,Soja,2025-06-28,267.955,
Precio Hecho,2025-05-29,Soja,2025-05-29,267.955,267.955
Precio Hecho,2025-05-29,Maiz,2025-06-05,177.26,
Precio Hecho,2025-05-29,Soja,2025-11-30,267.955,
Precio Hecho,2025-05-26,Maiz,2025-06-25,181.1,170.19
Precio Hecho,2025-05-29,Soja,2025-11-30,267.955,
Precio Hecho,2025-05-29,Soja,2025-07-15,267.955,261.9
Precio Hecho,2025-05-29,Maiz,2025-05-29,177.26,177.26
Precio Hecho,2025-05-29,Trigo,2025-06-05,198.48,
Precio a Fijar,2025-05-29,Maiz,2025-07-31,177.26,
Precio Hecho,2025-05-29,Maiz,2025-06-30,177.26,168.39333333333332
Precio a Fijar,2025-05-29,Soja,2025-06-05,267.955,
Precio Hecho,2025-05-29,Maiz,2025-06-30,177.26,168.39333333333332
Precio Hecho,2025-05-29,Maiz,2025-06-30,177.26,168.39333333333332
Precio a Fijar,2025-05-29,Soja,2025-06-29,267.955,
Precio a Fijar,2025-05-29,Soja,2025-06-29,267.955,
Precio a Fijar,2025-05-29,Soja,2025-06-28,267.955,
Precio a Fijar,2025-05-29,Soja,2025-06-28,267.955,
Precio a Fijar,2025-05-29,Soja,2026-05-31,267.955,
Precio Hecho,2025-05-29,ACEITE SOJA,2025-06-05,,
Precio a Fijar,2025-05-29,Soja,2025-06-20,267.955,
Precio a Fijar,2025-05-29,Soja,2025-06-28,267.955,
Precio a Fijar,2024-10-10,Soja,2025-04-30,306.44,251.94
Precio a Fijar,2024-10-15,Soja,2025-04-30,,251.94
Precio a Fijar,2024-10-15,Soja,2025-04-30,,251.94
Precio Hecho,2025-05-29,ACEITE SOJA,2025-06-19,,
Precio Hecho,2025-05-29,Soja,2025-06-28,267.955,
Precio Hecho,2025-05-29,Soja,2025-06-28,267.955,
Precio Hecho,2025-05-29,ACEITE SOJA,2025-06-06,,
Precio Hecho,2025-05-29,Soja,2025-06-06,267.955,268.9733333333333
Precio a Fijar,2025-05-29,Maiz,2025-08-31,177.26,
Precio a Fijar,2025-05-29,Maiz,2025-08-31,177.26,
Precio Hecho,2025-05-29,Trigo,2025-06-28,198.48,
Precio Hecho,2025-05-20,Soja,2025-05-20,274.21,274.21
Precio Hecho,2025-05-15,Soja,2025-05-15,269.255,269.255
Precio Hecho,2025-05-16,Soja,2025-05-16,270.32,270.32
Precio Hecho,2025-05-15,Soja,2025-05-15,269.255,269.255
Precio Hecho,2025-05-15,Soja,2025-05-15,269.255,269.255
Precio Hecho,2025-05-29,Trigo,2025-06-04,198.48,
Precio Hecho,2025-05-29,Soja,2025-06-28,267.955,
Precio a Fijar,2025-05-29,Soja,2025-06-29,267.955,
Precio a Fijar,2025-05-29,Soja,2025-06-29,267.955,
Precio a Fijar,2025-05-29,Soja,2025-06-29,267.955,
Precio a Fijar,2024-09-06,Soja,2025-05-31,304.8,
Precio a Fijar,2025-05-29,Soja,2025-06-28,267.955,
Precio a Fijar,2025-05-29,Soja,2025-06-28,267.955,
Precio a Fijar,2025-05-29,Soja,2025-06-29,267.955,
Precio a Fijar,2025-05-29,Maiz,2025-05-30,177.26,175.93
Precio a Fijar,2025-05-29,Soja,2025-06-29,267.955,
Precio a Fijar,2025-05-29,Soja,2025-06-05,267.955,
Precio Hecho,2025-05-29,Soja,2025-05-29,267.955,267.955
Precio a Fijar,2025-05-29,Soja,2025-06-28,267.955,
Precio a Fijar,2025-05-29,Maiz,2025-07-31,177.26,
Precio a Fijar,2025-04-08,Soja,2025-05-08,297.33,268.56
Precio Hecho,2025-05-29,Soja,2025-05-29,267.955,267.955
Precio a Fijar,2025-05-29,Soja,2025-05-31,267.955,
Precio a Fijar,2025-05-29,Trigo,2025-06-06,198.48,198.48
Precio Hecho,2025-05-29,Soja,2025-09-30,267.955,346.1366666666666
Precio Hecho,2025-05-29,Soja,2025-05-29,267.955,267.955
Precio Hecho,2025-05-29,Soja,2025-05-29,267.955,267.955
Precio Hecho,2025-05-29,Soja,2025-06-28,267.955,
Precio Hecho,2025-05-29,Soja,2025-05-29,267.955,267.955
Precio Hecho,2025-05-29,Soja,2025-05-29,267.955,267.955
Precio Hecho,2025-05-29,Trigo,2025-06-28,198.48,
Precio Hecho,2025-05-29,Soja,2025-05-29,267.955,267.955
Precio Hecho,2025-05-29,Trigo,2025-05-29,198.48,198.48
Precio a Fijar,2023-12-03,Trigo,2023-12-03,,
Precio Hecho,2025-05-29,Trigo,2025-06-13,198.48,197.58999999999997
Precio a Fijar,2025-05-29,Soja,2025-05-29,267.955,267.955
Precio a Fijar,2025-05-29,Soja,2025-06-29,267.955,
Precio a Fijar,2025-05-29,Soja,2025-06-29,267.955,
Precio a Fijar,2024-12-07,Trigo,2024-12-07,,
Precio a Fijar,2025-05-29,Soja,2025-06-29,267.955,
Precio Hecho,2025-05-29,Soja,2025-05-29,267.955,267.955
Precio Hecho,2025-05-29,Soja,2025-05-29,267.955,267.955
Precio Hecho,2025-05-29,Soja,2025-05-29,267.955,267.955
Precio Hecho,2025-05-29,Soja,2025-05-29,267.955,267.955
Precio Hecho,2025-05-29,Trigo,2025-05-30,198.48,198.48
Precio Hecho,2025-05-29,Sorgo,2025-05-29,178.36,178.36
Precio Hecho,2025-05-29,Soja,2025-06-19,267.955,274.87
Precio Hecho,2025-05-29,Soja,2025-06-05,267.955,
Precio Hecho,2025-05-29,Trigo,2025-06-29,198.48,
Precio Hecho,2025-05-29,Soja,2025-05-29,267.955,267.955
Precio Hecho,2025-05-29,Maiz,2025-05-29,177.26,177.26
Precio a Fijar,2025-05-29,Soja,2025-05-29,267.955,267.955
Precio a Fijar,2025-05-29,Soja,2025-05-29,267.955,267.955
Precio Hecho,2025-05-29,Soja,2025-05-29,267.955,267.955
Precio Hecho,2025-05-29,Soja,2025-05-29,267.955,267.955
Precio a Fijar,2025-02-03,Soja,2025-03-03,298.79,
Precio Hecho,2025-05-29,Soja,2025-05-29,267.955,267.955
Precio Hecho,2025-05-29,Soja,2025-05-29,267.955,267.955
Precio Hecho,2025-05-29,Soja,2025-05-29,267.955,267.955
Precio a Fijar,2025-05-29,Trigo,2025-06-29,198.48,
Precio Hecho,2025-05-29,Soja,2025-06-30,267.955,269.66999999999996
Precio Hecho,2025-05-29,Trigo,2025-06-29,198.48,
Precio Hecho,2025-05-29,Soja,2025-05-29,267.955,267.955
Precio Hecho,2025-05-29,Soja,2025-05-29,267.955,267.955
Precio Hecho,2025-05-29,Soja,2025-05-29,267.955,267.955
Precio Hecho,2025-05-29,Soja,2025-05-29,267.955,267.955
Precio Hecho,2025-05-29,Soja,2025-05-29,267.955,267.955
Precio Hecho,2025-05-29,Soja,2025-05-29,267.955,267.955
Precio Hecho,2025-05-29,Soja,2025-05-29,267.955,267.955
Precio Hecho,2025-05-27,Trigo,2025-06-26,197.66,195.84333333333333
Precio Hecho,2025-05-29,Soja,2025-05-29,267.955,267.955
Precio Hecho,2025-05-29,Soja,2025-05-29,267.955,267.955
Precio a Fijar,2025-05-29,Soja,2025-05-29,267.955,267.955
Precio Hecho,2025-05-29,Soja,2025-05-29,267.955,267.955
Precio Hecho,2025-05-29,Soja,2025-05-29,267.955,267.955
Precio a Fijar,2025-03-20,Maiz,2025-05-31,196.35,
Precio a Fijar,2025-03-20,Maiz,2025-05-31,196.35,
Precio Hecho,2025-05-29,Soja,2025-05-29,267.955,267.955
Precio Hecho,2025-05-27,Trigo,2025-05-31,197.66,
Precio Hecho,2025-05-29,Soja,2025-05-29,267.955,267.955
Precio Hecho,2025-05-28,Soja,2025-06-27,267.24,271.44500000000005
Precio Hecho,2025-05-06,Trigo,2025-06-05,196.39999999999998,
Precio Hecho,2025-05-29,Maiz,2025-06-28,177.26,
Precio a Fijar,2025-05-29,Soja,2025-06-28,267.955,
Precio Hecho,2025-05-29,Soja,2025-05-29,267.955,267.955
Precio Hecho,2025-05-29,Soja,2025-05-29,267.955,267.955
Precio a Fijar,2025-05-29,Soja,2025-06-30,267.955,269.66999999999996
Precio Hecho,2025-05-29,Maiz,2025-05-29,177.26,177.26
Precio Hecho,2025-05-29,Maiz,2025-05-29,177.26,177.26
Precio a Fijar,2025-05-08,Soja,2025-06-08,268.56,
Precio a Fijar,2025-05-26,Soja,2025-05-28,269.98,267.24
Precio a Fijar,2025-05-26,Soja,2025-05-28,269.98,267.24
Precio a Fijar,2025-05-08,Soja,2025-06-08,268.56,
Precio a Fijar,2025-03-27,Soja,2025-05-10,319.89,
Precio a Fijar,2025-05-26,Soja,2025-05-31,269.98,
Precio Hecho,2025-05-29,Soja,2025-05-29,267.955,267.955
Precio a Fijar,2025-05-26,Soja,2025-05-31,269.98,
Precio Hecho,2025-05-29,Soja,2025-05-29,267.955,267.955
Precio a Fijar,2025-05-28,Maiz,2025-06-28,181.03,
Precio a Fijar,2025-05-28,Maiz,2025-06-28,181.03,
Precio a Fijar,2025-05-28,Maiz,2025-06-28,181.03,
Precio a Fijar,2025-04-08,Girasol,2025-04-30,306.62,297.69
Precio a Fijar,2025-03-25,Maiz,2025-04-30,195.01,194.185
Precio a Fijar,2025-03-21,Maiz,2025-04-23,202.99,
Precio a Fijar,2025-03-17,Maiz,2025-04-30,197.00666666666666,194.185
Precio a Fijar,2025-02-26,Maiz,2025-04-30,202.34,194.185
Precio a Fijar,2025-02-26,Maiz,2025-04-30,202.34,194.185
Precio a Fijar,2024-12-27,Maiz,2025-01-31,185.17,211.68
Precio a Fijar,2024-11-28,Girasol,2025-03-15,348.96,
Precio a Fijar,2024-11-21,Girasol,2025-02-28,348.96,
Precio a Fijar,2024-10-18,Trigo,2024-10-31,213.84,196.98
Precio Hecho,2025-05-29,Soja,2025-05-29,267.955,267.955
Precio Hecho,2025-05-28,Soja,2025-05-28,267.24,267.24
Precio a Fijar,2025-05-29,Maiz,2025-05-31,177.26,
Precio Hecho,2025-05-29,Trigo,2025-05-29,198.48,198.48
Precio Hecho,2025-05-29,Trigo,2025-06-28,198.48,
Precio a Fijar,2024-06-06,Soja,2024-07-06,,
Precio Hecho,2025-05-29,Soja,2025-05-29,267.955,267.955
Precio a Fijar,2025-05-09,Maiz,2025-05-20,180.39499999999998,183.815
Precio a Fijar,2025-02-25,Soja,2025-04-30,310.88,251.94
Precio a Fijar,2024-03-07,Girasol,2024-04-07,295.51,
Precio a Fijar,2024-06-06,Soja,2024-07-06,,
Precio Hecho,2025-05-29,Trigo,2025-05-29,198.48,198.48
Precio Hecho,2025-05-29,Trigo,2025-05-30,198.48,198.48
Precio Hecho,2025-05-29,Trigo,2025-06-28,198.48,
Precio Hecho,2025-05-29,Trigo,2025-05-30,198.48,198.48
Precio Hecho,2025-05-29,Soja,2025-06-29,267.955,
Precio a Fijar,2024-12-04,Trigo,2025-01-03,187.56,187.5175
Precio Hecho,2025-05-29,Soja,2025-06-29,267.955,
Precio Hecho,2025-05-29,Maiz,2025-06-28,177.26,
Precio Hecho,2025-05-29,Soja,2025-06-29,267.955,
Precio Hecho,2025-05-29,Trigo,2025-06-13,198.48,197.58999999999997
Precio Hecho,2025-05-29,Soja,2025-06-28,267.955,
Precio a Fijar,2025-05-29,Soja,2025-06-28,267.955,
Precio a Fijar,2025-05-29,Soja,2025-06-28,267.955,
Precio a Fijar,2025-05-29,Maiz,2025-06-06,177.26,172.06333333333336
Precio a Fijar,2025-05-29,Soja,2025-06-28,267.955,
Precio a Fijar,2025-05-20,Maiz,2025-06-19,183.815,172.12
Precio a Fijar,2024-02-20,Trigo,2024-03-21,204.6525,201.41
Precio a Fijar,2025-05-29,Trigo,2025-05-29,198.48,198.48
Precio Hecho,2025-05-29,Maiz,2025-06-28,177.26,
Precio Hecho,2025-05-28,ACEITE SOJA,2025-05-28,,
Precio a Fijar,2025-05-28,Soja,2025-06-20,267.24,
Precio a Fijar,2025-04-08,Soja,2025-05-08,297.33,268.56
Precio a Fijar,2024-12-16,Trigo,2024-12-31,187.98250000000002,
Precio a Fijar,2024-12-23,Maiz,2025-01-22,180.845,198.31333333333336
Precio a Fijar,2025-01-16,Trigo,2025-02-15,187.54749999999999,
Precio a Fijar,2025-05-20,Girasol,2025-06-19,320.745,300.0
Precio a Fijar,2024-12-26,Maiz,2025-05-31,185.53,
Precio a Fijar,2025-01-20,Soja,2025-04-30,277.11,251.94
Precio a Fijar,2025-05-28,Trigo,2025-06-27,198.28,198.49
Precio Hecho,2025-05-28,Trigo,2025-06-27,198.28,198.49
Precio a Fijar,2024-05-31,Trigo,2024-12-31,279.885,
Precio Hecho,2025-05-29,Trigo,2025-05-29,198.48,198.48
Precio a Fijar,2025-04-17,Soja,2025-05-17,,
Precio a Fijar,2024-05-31,Trigo,2024-12-31,279.885,
Precio a Fijar,2025-05-29,Soja,2025-06-30,267.955,269.66999999999996
Precio Hecho,2025-05-29,Trigo,2025-05-30,198.48,198.48
Precio Hecho,2025-05-27,Soja,2025-06-28,269.765,
Precio Hecho,2025-05-27,Soja,2025-06-28,269.765,
Precio a Fijar,2025-05-08,Soja,2025-05-31,268.56,
Precio Hecho,2025-05-29,Soja,2025-06-06,267.955,268.9733333333333
Precio Hecho,2025-05-28,Trigo,2025-06-28,198.28,
Precio Hecho,2025-05-28,Trigo,2025-06-28,198.28,
Precio a Fijar,2025-05-29,Soja,2025-06-28,267.955,
Precio a Fijar,2025-05-29,Soja,2025-06-28,267.955,
Precio a Fijar,2025-05-29,Soja,2025-06-28,267.955,
Precio a Fijar,2025-05-29,Soja,2025-06-28,267.955,
Precio a Fijar,2025-05-29,Soja,2025-06-28,267.955,
Precio a Fijar,2025-05-29,Soja,2025-06-28,267.955,
Precio a Fijar,2025-05-29,Trigo,2026-01-15,198.48,
Precio Hecho,2025-05-29,Soja,2025-06-06,267.955,268.9733333333333
Precio a Fijar,2025-02-19,Girasol,2025-03-20,,309.13
Precio Hecho,2025-05-29,Trigo,2025-06-29,198.48,
Precio Hecho,2025-05-29,Soja,2025-05-29,267.955,267.955
Precio Hecho,2025-05-28,Soja,2025-05-28,267.24,267.24
Precio Hecho,2025-05-29,Soja,2025-05-29,267.955,267.955
Precio Hecho,2025-05-28,ARROZ C.L.F,2025-05-28,,
Precio Hecho,2025-05-28,Soja,2025-06-27,267.24,271.44500000000005
Precio Hecho,2025-05-29,Girasol,2025-05-29,322.15,322.15
Precio a Fijar,2025-05-27,Soja,2025-06-26,269.765,270.24666666666667
Precio a Fijar,2024-12-14,Soja,2025-01-31,,299.0
Precio a Fijar,2025-01-29,Maiz,2025-05-15,208.11333333333334,183.48000000000002
Precio a Fijar,2025-03-26,Soja,2025-05-31,317.24,
Precio a Fijar,2025-01-29,Maiz,2025-05-15,208.11333333333334,183.48000000000002
Precio a Fijar,2025-04-01,Maiz,2025-04-30,201.44,194.185
Precio a Fijar,2025-01-29,Maiz,2025-05-15,208.11333333333334,183.48000000000002
Precio a Fijar,2025-01-29,Maiz,2025-05-15,208.11333333333334,183.48000000000002
Precio a Fijar,2025-05-28,Soja,2025-06-27,267.24,271.44500000000005
Precio a Fijar,2024-11-11,CEBADA CERV.,2025-11-30,,
Precio a Fijar,2024-11-15,Trigo,2024-12-15,182.21,
Precio a Fijar,2025-05-28,Soja,2025-06-06,267.24,268.9733333333333
Precio Hecho,2025-05-28,Trigo,2025-05-28,198.28,198.28
Precio a Fijar,2024-11-15,Trigo,2024-12-20,182.21,190.24666666666667
Precio Hecho,2025-05-28,Trigo,2025-05-28,198.28,198.28
Precio a Fijar,2025-03-19,Maiz,2025-04-18,197.945,
Precio Hecho,2025-05-29,Soja,2025-06-08,267.955,
Precio Hecho,2025-05-29,Soja,2025-06-08,267.955,
Precio a Fijar,2025-05-28,Maiz,2025-06-27,181.03,169.09
Precio a Fijar,2025-03-28,Maiz,2025-04-27,193.76,
Precio Hecho,2025-05-28,Maiz,2025-07-02,181.03,167.17
Precio Hecho,2025-05-28,Maiz,2025-07-02,181.03,167.17
Precio Hecho,2025-05-28,Maiz,2025-07-02,181.03,167.17
Precio Hecho,2025-05-28,Maiz,2025-07-20,181.03,
Precio Hecho,2025-05-28,Soja,2025-06-27,267.24,271.44500000000005
Precio a Fijar,2025-05-28,Soja,2025-06-06,267.24,268.9733333333333
Precio Hecho,2025-05-28,Trigo,2025-05-28,198.28,198.28
Precio a Fijar,2025-05-29,Soja,2025-06-28,267.955,
Precio Hecho,2025-05-28,Trigo,2025-05-28,198.28,198.28
Precio Hecho,2025-05-28,Trigo,2025-05-28,198.28,198.28
Precio Hecho,2025-05-29,Maiz,2025-05-30,177.26,175.93
Precio Hecho,2025-05-28,Soja,2025-06-27,267.24,271.44500000000005
Precio Hecho,2025-05-28,Soja,2025-06-27,267.24,271.44500000000005
Precio Hecho,2025-05-28,Soja,2025-06-27,267.24,271.44500000000005
Precio Hecho,2025-05-28,Soja,2025-06-27,267.24,271.44500000000005
Precio Hecho,2025-05-28,Soja,2025-06-27,267.24,271.44500000000005
Precio Hecho,2025-05-28,Soja,2025-06-27,267.24,271.44500000000005
Precio Hecho,2025-05-28,Soja,2025-06-27,267.24,271.44500000000005
Precio Hecho,2025-05-29,Maiz,2025-05-30,177.26,175.93
Precio Hecho,2025-05-29,Soja,2025-05-30,267.955,269.36
Precio Hecho,2025-05-19,Maiz,2025-05-19,181.315,181.315
Precio Hecho,2025-05-29,Soja,2025-05-30,267.955,269.36
Precio Hecho,2025-05-29,Soja,2025-05-30,267.955,269.36
Precio Hecho,2025-05-15,Maiz,2025-05-15,183.48000000000002,183.48000000000002
Precio Hecho,2025-05-29,Soja,2025-05-30,267.955,269.36
Precio Hecho,2025-05-29,Soja,2025-05-30,267.955,269.36
Precio Hecho,2025-05-29,Soja,2025-05-29,267.955,267.955
Precio Hecho,2025-05-14,Maiz,2025-05-14,182.65,182.65
Precio Hecho,2025-05-28,CEBADA FORR.,2025-06-30,,
Precio Hecho,2025-05-29,Soja,2025-05-29,267.955,267.955
Precio Hecho,2025-05-13,Maiz,2025-05-13,181.315,181.315
Precio Hecho,2025-05-29,Soja,2025-05-29,267.955,267.955
Precio Hecho,2025-05-26,Maiz,2025-05-26,181.1,181.1
Precio Hecho,2025-05-29,Soja,2025-05-29,267.955,267.955
Precio Hecho,2025-05-22,Maiz,2025-05-22,184.235,184.235
Precio Hecho,2025-05-21,Maiz,2025-05-21,185.86,185.86
Precio Hecho,2025-05-29,Trigo,2025-06-06,198.48,198.48
Precio a Fijar,2025-02-03,Soja,2025-03-03,298.79,
Precio a Fijar,2025-02-03,Soja,2025-03-03,298.79,
Precio a Fijar,2024-12-05,Trigo,2025-01-05,185.82666666666668,
Precio a Fijar,2024-12-11,Soja,2025-04-30,,251.94
Precio a Fijar,2025-04-28,Soja,2025-05-28,285.395,267.24
Precio Hecho,2025-05-29,Soja,2025-05-29,267.955,267.955
Precio Hecho,2025-05-29,Soja,2025-05-29,267.955,267.955
Precio Hecho,2025-05-29,Soja,2025-05-29,267.955,267.955
Precio a Fijar,2024-12-11,Soja,2025-04-30,,251.94
Precio a Fijar,2025-05-28,Soja,2025-08-31,267.24,
Precio a Fijar,2025-05-28,Soja,2025-09-30,267.24,346.1366666666666
Precio a Fijar,2025-05-28,Soja,2025-10-31,267.24,264.705
Precio a Fijar,2025-05-28,Soja,2025-11-30,267.24,
Precio Hecho,2025-05-28,Maiz,2025-06-27,181.03,169.09
Precio a Fijar,2025-05-07,Soja,2025-06-07,268.21000000000004,
Precio a Fijar,2025-05-06,Soja,2025-06-06,264.45,268.9733333333333
Precio a Fijar,2025-01-17,Soja,2025-04-30,277.78,251.94
Precio a Fijar,2024-12-18,Soja,2025-04-30,273.84,251.94
Precio a Fijar,2024-12-11,Soja,2025-04-30,,251.94
Precio a Fijar,2025-05-28,Soja,2025-06-28,267.24,
Precio Hecho,2024-10-31,Soja,2024-11-30,306.37,
Precio a Fijar,2025-05-28,Soja,2025-06-20,267.24,
Precio a Fijar,2025-05-28,Soja,2025-06-28,267.24,
Precio a Fijar,2025-05-28,Soja,2025-05-28,267.24,267.24
Precio a Fijar,2025-05-28,Soja,2025-05-28,267.24,267.24
Precio a Fijar,2025-05-28,Soja,2025-06-20,267.24,
Precio a Fijar,2025-05-28,Soja,2025-05-28,267.24,267.24
Precio a Fijar,2025-05-28,Soja,2025-05-28,267.24,267.24
Precio Hecho,2025-05-28,Maiz,2025-05-28,181.03,181.03
Precio Hecho,2025-05-28,Maiz,2025-05-28,181.03,181.03
Precio Hecho,2025-05-28,Maiz,2025-05-28,181.03,181.03
Precio Hecho,2025-05-28,Soja,2025-05-28,267.24,267.24
Precio Hecho,2025-05-28,Soja,2025-05-28,267.24,267.24
Precio Hecho,2025-05-28,Soja,2025-05-28,267.24,267.24
Precio Hecho,2025-05-28,Soja,2025-05-28,267.24,267.24
Precio Hecho,2025-05-28,Soja,2025-05-28,267.24,267.24
Precio Hecho,2025-05-28,Soja,2025-05-28,267.24,267.24
Precio Hecho,2025-05-28,Soja,2025-05-28,267.24,267.24
Precio Hecho,2025-05-28,Maiz,2025-05-28,181.03,181.03
Precio Hecho,2025-05-28,Soja,2025-05-28,267.24,267.24
Precio Hecho,2025-05-28,Soja,2025-05-28,267.24,267.24
Precio a Fijar,2025-05-28,Soja,2025-06-28,267.24,
Precio Hecho,2025-05-28,Soja,2025-05-28,267.24,267.24
Precio a Fijar,2025-01-29,Soja,2025-05-15,299.57,269.255
Precio a Fijar,2025-01-29,Soja,2025-05-15,299.57,269.255
Precio a Fijar,2025-03-06,Soja,2025-03-11,309.07,
Precio Hecho,2025-05-28,Maiz,2025-06-27,181.03,169.09
Precio Hecho,2025-05-28,Soja,2025-05-28,267.24,267.24
Precio a Fijar,2025-03-26,Girasol,2025-06-30,309.13,297.76
Precio a Fijar,2025-05-28,Soja,2025-06-28,267.24,
Precio Hecho,2025-05-28,Girasol,2025-06-27,347.24,297.73
Precio Hecho,2025-05-28,Trigo,2025-06-27,198.28,198.49
Precio Hecho,2025-05-28,Trigo,2025-06-04,198.28,
Precio a Fijar,2025-05-20,Soja,2025-06-20,274.21,
Precio a Fijar,2025-05-20,Soja,2025-06-20,274.21,
Precio a Fijar,2024-03-08,Soja,2025-05-31,,
Precio a Fijar,2025-05-28,CEBADA FORR.,2025-06-15,,
Precio Hecho,2025-05-28,Trigo,2025-06-04,198.28,
Precio Hecho,2025-05-28,Soja,2025-06-26,267.24,270.24666666666667
Precio Hecho,2025-05-28,Maiz,2025-06-28,181.03,
Precio Hecho,2025-05-28,ACEITE SOJA,2025-06-28,,
Precio Hecho,2025-05-28,Trigo,2025-06-28,198.28,
Precio a Fijar,2025-04-25,Soja,2025-05-25,266.495,
Precio Hecho,2025-05-28,Trigo,2025-06-28,198.28,
Precio Hecho,2025-05-28,Trigo,2025-06-28,198.28,
Precio Hecho,2025-05-28,Soja,2025-05-28,267.24,267.24
Precio a Fijar,2024-07-23,Trigo,2025-01-31,239.26333333333332,201.2025
Precio a Fijar,2024-10-10,Soja,2025-04-30,306.44,251.94
Precio a Fijar,2025-05-28,Maiz,2025-06-28,181.03,
Precio Hecho,2025-05-28,Trigo,2025-06-27,198.28,198.49
Precio a Fijar,2025-05-28,Maiz,2025-06-28,181.03,
Precio a Fijar,2025-05-28,Maiz,2025-06-28,181.03,
Precio Hecho,2025-04-29,Soja,2025-05-09,259.605,272.855
Precio a Fijar,2025-05-28,Trigo,2025-06-27,198.28,198.49
Precio a Fijar,2025-05-28,Soja,2025-05-31,267.24,
Precio a Fijar,2025-05-28,Soja,2025-05-31,267.24,
Precio a Fijar,2025-05-28,Soja,2025-05-31,267.24,
Precio a Fijar,2025-05-28,Soja,2026-04-30,267.24,
Precio a Fijar,2025-05-28,Girasol,2025-12-31,347.24,
Precio Hecho,2025-05-28,Maiz,2025-06-02,181.03,173.66
Precio Hecho,2025-05-28,Maiz,2025-06-02,181.03,173.66
Precio Hecho,2025-05-28,Trigo,2025-05-28,198.28,198.28
Precio Hecho,2025-05-27,Soja,2025-05-27,269.765,269.765
Precio Hecho,2025-05-27,Soja,2025-05-27,269.765,269.765
Precio Hecho,2025-05-27,Soja,2025-05-27,269.765,269.765
Precio Hecho,2025-05-27,Soja,2025-05-27,269.765,269.765
Precio Hecho,2025-05-27,Soja,2025-05-27,269.765,269.765
Precio Hecho,2025-05-27,Soja,2025-05-27,269.765,269.765
Precio Hecho,2025-05-27,Soja,2025-05-27,269.765,269.765
Precio Hecho,2025-05-27,Soja,2025-05-27,269.765,269.765
Precio Hecho,2025-05-27,Soja,2025-05-27,269.765,269.765
Precio Hecho,2025-05-27,Soja,2025-05-27,269.765,269.765
Precio Hecho,2025-05-28,Soja,2025-05-28,267.24,267.24
Precio Hecho,2025-05-26,Soja,2025-05-26,269.98,269.98
Precio Hecho,2025-05-23,Soja,2025-05-23,269.57,269.57
Precio Hecho,2025-05-27,Maiz,2025-05-27,182.35,182.35
Precio Hecho,2025-05-27,Maiz,2025-05-27,182.35,182.35
Precio Hecho,2025-05-27,Maiz,2025-05-27,182.35,182.35
Precio Hecho,2025-05-27,Trigo,2025-05-27,197.66,197.66
Precio Hecho,2025-05-27,Trigo,2025-05-27,197.66,197.66
Precio a Fijar,2024-04-23,CEBADA CERV.,2025-01-31,,
Precio a Fijar,2025-05-28,Trigo,2025-06-27,198.28,198.49
Precio a Fijar,2025-05-28,Trigo,2025-06-27,198.28,198.49
Precio a Fijar,2025-05-28,Trigo,2025-06-26,198.28,195.84333333333333
Precio a Fijar,2025-05-28,Maiz,2025-09-30,181.03,178.83
Precio a Fijar,2025-05-28,Maiz,2025-09-30,181.03,178.83
Precio Hecho,2025-05-28,Maiz,2025-06-06,181.03,172.06333333333336
Precio Hecho,2025-05-28,Soja,2025-06-13,267.24,276.65
Precio Hecho,2025-05-28,Soja,2025-06-19,267.24,274.87
Precio Hecho,2025-05-28,Trigo,2025-06-27,198.28,198.49
Precio Hecho,2025-05-28,Girasol,2025-06-27,347.24,297.73
Precio Hecho,2025-05-28,Soja,2025-05-28,267.24,267.24
Precio Hecho,2025-05-28,Soja,2025-06-17,267.24,278.82666666666665
Precio Hecho,2025-05-28,Soja,2025-06-17,267.24,278.82666666666665
Precio Hecho,2025-05-28,Trigo,2025-05-28,198.28,198.28
Precio Hecho,2025-05-28,Soja,2025-06-13,267.24,276.65
Precio Hecho,2025-05-28,Soja,2025-06-13,267.24,276.65
Precio Hecho,2025-05-28,Trigo,2025-06-04,198.28,
Precio Hecho,2025-05-28,Trigo,2025-06-28,198.28,
Precio Hecho,2025-05-28,Trigo,2025-05-28,198.28,198.28
Precio Hecho,2025-05-28,Soja,2025-06-27,267.24,271.44500000000005
Precio Hecho,2025-05-28,Soja,2025-05-28,267.24,267.24
Precio Hecho,2025-05-28,Soja,2025-05-28,267.24,267.24
Precio Hecho,2025-05-28,Soja,2025-05-28,267.24,267.24
Precio Hecho,2025-05-27,ARROZ C.L.F,2025-05-27,,
Precio Hecho,2025-05-28,Trigo,2025-06-15,198.28,
Precio a Fijar,2024-12-12,Soja,2025-05-31,289.5,
Precio Hecho,2025-05-28,ARROZ C.L.F,2025-05-28,,
Precio Hecho,2025-05-28,Soja,2025-05-28,267.24,267.24
Precio Hecho,2025-05-28,Soja,2025-05-29,267.24,267.955
Precio Hecho,2025-05-28,Soja,2025-05-28,267.24,267.24
Precio Hecho,2025-05-28,Trigo,2025-06-07,198.28,
Precio Hecho,2025-05-28,Trigo,2025-06-07,198.28,
Precio Hecho,2025-05-26,Trigo,2025-06-05,198.235,
Precio Hecho,2025-05-28,Soja,2025-06-17,267.24,278.82666666666665
Precio Hecho,2025-05-28,Soja,2025-05-28,267.24,267.24
Precio Hecho,2025-05-28,Soja,2025-05-28,267.24,267.24
Precio Hecho,2025-05-27,Girasol,2025-06-29,347.23,
Precio Hecho,2025-05-28,Soja,2025-06-17,267.24,278.82666666666665
Precio Hecho,2025-05-28,Trigo,2025-05-28,198.28,198.28
Precio Hecho,2025-05-28,Soja,2025-05-28,267.24,267.24
Precio Hecho,2025-05-28,Soja,2025-05-28,267.24,267.24
Precio Hecho,2025-05-28,Soja,2025-05-28,267.24,267.24
Precio Hecho,2025-05-28,Soja,2025-05-28,267.24,267.24
Precio Hecho,2025-05-28,Girasol,2025-06-28,347.24,
Precio Hecho,2025-05-28,Soja,2025-05-28,267.24,267.24
Precio Hecho,2025-05-28,Soja,2025-05-28,267.24,267.24
Precio a Fijar,2024-05-07,Soja,2024-06-06,302.48,
Precio a Fijar,2024-05-07,Soja,2024-06-06,302.48,
Precio Hecho,2025-05-28,Maiz,2025-05-29,181.03,177.26
Precio a Fijar,2025-05-28,Soja,2025-06-27,267.24,271.44500000000005
Precio a Fijar,2025-05-28,Soja,2025-06-27,267.24,271.44500000000005
Precio a Fijar,2025-05-28,Soja,2025-06-27,267.24,271.44500000000005
Precio a Fijar,2025-05-28,Soja,2025-06-27,267.24,271.44500000000005
Precio Hecho,2025-05-28,Soja,2025-06-04,267.24,
Precio a Fijar,2025-05-28,Soja,2025-06-27,267.24,271.44500000000005
Precio a Fijar,2025-05-28,Maiz,2025-06-27,181.03,169.09
Precio Hecho,2025-05-28,Soja,2025-06-04,267.24,
Precio a Fijar,2025-05-26,Maiz,2025-05-28,181.1,181.03
Precio Hecho,2025-05-28,Trigo,2025-06-27,198.28,198.49
Precio a Fijar,2025-01-29,Maiz,2025-03-31,208.11333333333334,202.515
Precio Hecho,2025-05-28,Maiz,2025-05-28,181.03,181.03
Precio a Fijar,2024-06-06,Soja,2024-07-06,,
Precio a Fijar,2025-04-24,Trigo,2025-04-24,194.615,194.615
Precio a Fijar,2025-05-28,Soja,2025-06-27,267.24,271.44500000000005
Precio a Fijar,2025-05-28,Soja,2025-06-27,267.24,271.44500000000005
Precio Hecho,2025-05-28,Trigo,2025-06-27,198.28,198.49
Precio Hecho,2025-05-28,Trigo,2025-06-27,198.28,198.49
Precio Hecho,2025-05-28,Soja,2025-05-28,267.24,267.24
Precio Hecho,2025-05-28,Trigo,2025-06-28,198.28,
Precio Hecho,2025-05-28,Soja,2025-05-28,267.24,267.24
Precio Hecho,2025-05-28,Soja,2025-05-28,267.24,267.24
Precio Hecho,2025-05-28,Trigo,2025-06-28,198.28,
Precio Hecho,2024-05-21,Soja,2024-06-20,,
Precio Hecho,2025-05-28,Soja,2025-05-28,267.24,267.24
Precio a Fijar,2025-05-09,Soja,2025-06-09,272.855,271.79
Precio a Fijar,2025-04-29,Soja,2025-05-03,259.605,
Precio Hecho,2025-05-28,Soja,2025-05-28,267.24,267.24
Precio Hecho,2025-05-28,Soja,2025-05-28,267.24,267.24
Precio Hecho,2025-05-28,Trigo,2025-06-20,198.28,
Precio Hecho,2025-05-28,Soja,2025-06-28,267.24,
Precio a Fijar,2024-11-09,Trigo,2024-11-30,,
Precio Hecho,2025-05-28,Soja,2025-06-28,267.24,
Precio Hecho,2025-05-28,Soja,2025-06-28,267.24,
Precio Hecho,2025-05-28,Soja,2025-06-28,267.24,
Precio Hecho,2025-05-28,Soja,2025-05-28,267.24,267.24
Precio Hecho,2025-05-28,Maiz,2025-05-28,181.03,181.03
Precio a Fijar,2025-02-25,Soja,2025-04-30,310.88,251.94
Precio a Fijar,2025-02-25,Soja,2025-04-30,310.88,251.94
Precio a Fijar,2025-02-25,Soja,2025-04-15,310.88,275.0
Precio a Fijar,2025-02-25,Soja,2025-04-15,310.88,275.0
Precio a Fijar,2024-09-25,Trigo,2025-01-31,201.24,201.2025
Precio a Fijar,2024-09-03,Trigo,2025-01-31,230.73,201.2025
Precio a Fijar,2024-07-05,Maiz,2024-07-31,172.765,166.66666666666666
Precio Hecho,2025-05-28,Trigo,2025-06-28,198.28,
Precio a Fijar,2025-03-21,Trigo,2025-04-21,216.29,205.79000000000002
Precio Hecho,2025-05-28,Sorgo,2025-05-31,176.72,
Precio Hecho,2025-05-28,Soja,2025-06-27,267.24,271.44500000000005
Precio Hecho,2025-05-28,Maiz,2025-05-28,181.03,181.03
Precio Hecho,2025-05-28,Soja,2025-06-27,267.24,271.44500000000005
Precio Hecho,2025-05-28,Soja,2025-05-28,267.24,267.24
Precio a Fijar,2024-11-09,Trigo,2024-11-30,,
Precio a Fijar,2024-08-29,Maiz,2024-09-29,174.85,
Precio a Fijar,2024-11-28,Girasol,2025-03-15,348.96,
Precio a Fijar,2024-11-28,Girasol,2025-03-15,348.96,
Precio a Fijar,2024-12-10,Trigo,2024-12-30,187.87333333333333,188.30666666666664
Precio a Fijar,2024-12-10,Trigo,2024-12-30,187.87333333333333,188.30666666666664
Precio a Fijar,2024-12-13,Maiz,2025-04-01,176.38,201.44
Precio a Fijar,2025-02-18,Girasol,2025-02-28,349.1,
Precio a Fijar,2025-02-20,Girasol,2025-03-20,351.97,309.13
Precio a Fijar,2025-02-25,Girasol,2025-02-28,338.2,
Precio a Fijar,2025-03-21,Maiz,2025-04-23,202.99,
Precio a Fijar,2025-03-21,Maiz,2025-04-23,202.99,
Precio a Fijar,2025-05-27,Girasol,2025-05-30,347.23,297.73
Precio a Fijar,2025-05-27,Girasol,2025-05-31,347.23,
Precio a Fijar,2025-05-27,Maiz,2025-06-20,182.35,
Precio a Fijar,2025-05-27,Maiz,2025-06-27,182.35,169.09
Precio a Fijar,2025-01-28,Soja,2025-02-10,294.96,304.78
Precio a Fijar,2024-12-11,Soja,2024-12-20,,273.17
Precio a Fijar,2025-05-20,Maiz,2025-06-19,183.815,172.12
Precio Hecho,2025-05-27,Soja,2025-07-31,269.765,
Precio Hecho,2025-05-28,Soja,2025-06-27,267.24,271.44500000000005
Precio Hecho,2025-05-28,Trigo,2025-06-26,198.28,195.84333333333333
Precio a Fijar,2025-05-28,Soja,2025-06-27,267.24,271.44500000000005
Precio a Fijar,2025-05-28,Soja,2025-06-27,267.24,271.44500000000005
Precio a Fijar,2025-05-28,Soja,2025-06-27,267.24,271.44500000000005
Precio a Fijar,2025-05-27,Trigo,2025-06-26,197.66,195.84333333333333
Precio a Fijar,2025-05-28,Trigo,2025-06-26,198.28,195.84333333333333
Precio Hecho,2025-05-27,ACEITE SOJA,2025-06-27,,
Precio Hecho,2025-05-28,Maiz,2025-05-28,181.03,181.03
Precio a Fijar,2024-08-08,Trigo,2025-01-31,258.805,201.2025
Precio a Fijar,2025-01-06,Trigo,2025-01-08,603.9575,187.215
Precio Hecho,2025-05-22,Maiz,2025-06-22,184.235,
Precio Hecho,2025-05-28,Soja,2025-05-28,267.24,267.24
Precio Hecho,2025-04-24,Trigo,2025-04-25,194.615,204.75
Precio a Fijar,2024-12-26,Maiz,2025-05-31,185.53,
Precio a Fijar,2024-12-26,Maiz,2025-05-31,185.53,
Precio a Fijar,2025-03-26,Girasol,2025-06-30,309.13,297.76
Precio Hecho,2025-05-28,Maiz,2025-06-15,181.03,
Precio Hecho,2025-05-28,Maiz,2025-06-15,181.03,
Precio a Fijar,2025-01-06,Trigo,2025-01-08,603.9575,187.215
Precio a Fijar,2025-04-09,Maiz,2025-05-09,207.47500000000002,180.39499999999998
Precio a Fijar,2024-08-12,Trigo,2024-12-15,226.77666666666664,
Precio a Fijar,2025-01-06,Trigo,2025-01-08,603.9575,187.215
Precio Hecho,2025-05-28,Maiz,2025-06-15,181.03,
Precio a Fijar,2025-01-06,Trigo,2025-01-08,603.9575,187.215
Precio a Fijar,2024-06-04,CEBADA CERV.,2024-12-31,,
Precio Hecho,2025-05-05,Soja,2025-05-05,257.5,257.5
Precio Hecho,2025-03-28,Soja,2025-03-28,,
Precio a Fijar,2025-02-24,Maiz,2025-03-31,201.69666666666663,202.515
Precio Hecho,2025-05-28,Trigo,2025-06-04,198.28,
Precio Hecho,2025-03-20,Soja,2025-03-20,306.69,306.69
Precio Hecho,2025-05-28,Maiz,2025-06-28,181.03,
Precio Hecho,2025-03-20,Soja,2025-03-20,306.69,306.69
Precio Hecho,2025-05-27,Soja,2025-06-27,269.765,271.44500000000005
Precio Hecho,2025-05-28,Soja,2025-05-28,267.24,267.24
Precio a Fijar,2025-05-21,Soja,2025-07-31,273.605,
Precio Hecho,2025-05-26,Soja,2025-05-26,269.98,269.98
Precio a Fijar,2024-11-05,Girasol,2025-03-17,,316.61
Precio a Fijar,2025-03-06,Soja,2025-05-31,309.07,
Precio a Fijar,2025-04-08,Soja,2025-05-08,297.33,268.56
Precio a Fijar,2025-05-07,Soja,2025-06-30,268.21000000000004,269.66999999999996
Precio a Fijar,2025-05-22,Soja,2025-06-22,274.77,
Precio a Fijar,2025-05-07,Soja,2025-06-30,268.21000000000004,269.66999999999996
Precio a Fijar,2025-03-11,Maiz,2025-05-30,,175.93
Precio a Fijar,2025-05-22,Soja,2025-06-22,274.77,
Precio a Fijar,2025-05-22,Soja,2025-06-22,274.77,
Precio a Fijar,2025-05-01,Soja,2025-07-31,,
Precio a Fijar,2025-05-22,Soja,2025-06-22,274.77,
Precio Hecho,2025-05-27,Soja,2025-06-27,269.765,271.44500000000005
Precio Hecho,2025-05-27,Soja,2025-06-27,269.765,271.44500000000005
Precio Hecho,2025-05-27,Soja,2025-06-27,269.765,271.44500000000005
Precio Hecho,2025-05-27,Soja,2025-06-27,269.765,271.44500000000005
Precio Hecho,2025-05-28,Maiz,2025-05-29,181.03,177.26
Precio Hecho,2025-05-27,Soja,2025-06-27,269.765,271.44500000000005
Precio a Fijar,2025-05-22,Soja,2025-06-22,274.77,
Precio a Fijar,2025-01-17,Trigo,2025-03-15,187.625,
Precio a Fijar,2025-05-22,Soja,2025-06-22,274.77,
Precio a Fijar,2025-01-17,Trigo,2025-03-15,187.625,
Precio Hecho,2025-05-28,Soja,2025-05-29,267.24,267.955
Precio Hecho,2025-05-28,Soja,2025-05-29,267.24,267.955
Precio a Fijar,2025-05-22,Soja,2025-06-22,274.77,
Precio a Fijar,2025-04-23,Soja,2025-07-31,,
Precio a Fijar,2025-05-22,Soja,2025-06-22,274.77,
Precio a Fijar,2025-05-28,Soja,2025-06-27,267.24,271.44500000000005
Precio Hecho,2025-05-28,Trigo,2025-05-29,198.28,198.48
Precio a Fijar,2025-05-22,Soja,2025-06-22,274.77,
Precio Hecho,2025-05-27,ACEITE SOJA,2025-05-27,,
Precio a Fijar,2025-04-25,Soja,2025-05-25,266.495,
Precio Hecho,2025-05-28,Soja,2025-05-31,267.24,
Precio Hecho,2025-05-26,Soja,2025-05-26,269.98,269.98
Precio Hecho,2025-05-27,Soja,2025-06-26,269.765,270.24666666666667
Precio Hecho,2025-05-27,Soja,2025-06-26,269.765,270.24666666666667
Precio Hecho,2025-05-26,Soja,2025-05-26,269.98,269.98
Precio Hecho,2025-05-27,Soja,2025-05-31,269.765,
Precio Hecho,2025-05-23,ACEITE SOJA,2025-05-23,,
Precio Hecho,2025-05-28,Trigo,2025-05-28,198.28,198.28
Precio a Fijar,2025-05-27,Maiz,2025-06-30,182.35,168.39333333333332
Precio a Fijar,2025-05-27,Maiz,2025-06-26,182.35,170.67000000000002
Precio Hecho,2025-05-27,Trigo,2025-06-26,197.66,195.84333333333333
Precio a Fijar,2025-04-07,Maiz,2025-05-16,204.46,184.035
Precio a Fijar,2025-05-27,Maiz,2025-10-31,182.35,177.10666666666665
Precio Hecho,2025-05-28,Soja,2025-05-28,267.24,267.24
Precio a Fijar,2025-05-27,Maiz,2025-06-30,182.35,168.39333333333332
Precio Hecho,2025-05-22,Soja,2025-06-22,274.77,
Precio a Fijar,2025-05-27,Soja,2025-06-26,269.765,270.24666666666667
Precio Hecho,2025-05-28,Soja,2025-05-28,267.24,267.24
Precio Hecho,2025-05-28,Trigo,2025-06-27,198.28,198.49
Precio a Fijar,2025-05-27,Soja,2025-06-26,269.765,270.24666666666667
Precio Hecho,2025-05-28,Soja,2025-05-28,267.24,267.24
Precio a Fijar,2025-05-27,Soja,2025-06-26,269.765,270.24666666666667
Precio Hecho,2025-05-28,ARROZ C.L.F,2025-05-28,,
Precio Hecho,2025-05-27,Girasol,2025-06-26,347.23,297.73
Precio Hecho,2025-05-28,Soja,2025-06-06,267.24,268.9733333333333
Precio Hecho,2025-05-28,Soja,2025-05-28,267.24,267.24
Precio Hecho,2025-05-28,Soja,2025-05-28,267.24,267.24
Precio Hecho,2025-05-28,Trigo,2025-05-28,198.28,198.28
Precio Hecho,2025-05-27,Soja,2025-06-27,269.765,271.44500000000005
Precio a Fijar,2025-05-27,Soja,2025-06-26,269.765,270.24666666666667
Precio Hecho,2025-05-28,Trigo,2025-05-28,198.28,198.28
Precio Hecho,2025-05-26,Soja,2025-06-26,269.98,270.24666666666667
Precio Hecho,2025-05-28,Soja,2025-05-28,267.24,267.24
Precio Hecho,2025-05-26,Soja,2025-06-26,269.98,270.24666666666667
Precio a Fijar,2025-05-28,Soja,2025-05-31,267.24,
Precio Hecho,2025-05-26,Soja,2025-06-26,269.98,270.24666666666667
Precio Hecho,2025-05-28,Trigo,2025-05-28,198.28,198.28
Precio a Fijar,2025-05-28,Soja,2025-06-26,267.24,270.24666666666667
Precio Hecho,2025-05-26,Soja,2025-06-26,269.98,270.24666666666667
Precio Hecho,2025-05-28,Sorgo,2025-05-28,176.72,176.72
Precio Hecho,2025-05-26,Soja,2025-06-26,269.98,270.24666666666667
Precio Hecho,2025-05-28,Trigo,2025-06-25,198.28,196.83666666666667
Precio Hecho,2025-05-26,Soja,2025-06-26,269.98,270.24666666666667
Precio Hecho,2025-05-28,Soja,2025-05-28,267.24,267.24
Precio Hecho,2025-05-28,Soja,2025-06-27,267.24,271.44500000000005
Precio Hecho,2025-05-28,Soja,2025-05-28,267.24,267.24
Precio Hecho,2025-05-28,Soja,2025-05-28,267.24,267.24
Precio a Fijar,2025-05-26,Soja,2025-05-31,269.98,
Precio Hecho,2025-05-28,Soja,2025-06-28,267.24,
Precio Hecho,2025-05-28,Trigo,2025-05-28,198.28,198.28
Precio a Fijar,2025-05-26,Soja,2025-05-31,269.98,
Precio a Fijar,2025-05-26,Soja,2025-05-28,269.98,267.24
Precio Hecho,2025-05-28,Soja,2025-06-28,267.24,
Precio a Fijar,2025-05-26,Soja,2025-05-28,269.98,267.24
Precio Hecho,2025-05-28,Soja,2025-06-28,267.24,
Precio Hecho,2025-05-28,Soja,2025-05-28,267.24,267.24
Precio Hecho,2025-05-28,Soja,2025-05-28,267.24,267.24
Precio Hecho,2025-05-28,Soja,2025-05-28,267.24,267.24
Precio Hecho,2025-05-28,Soja,2025-05-28,267.24,267.24
Precio Hecho,2025-05-28,Sorgo,2025-05-28,176.72,176.72
Precio Hecho,2025-05-28,Soja,2025-05-28,267.24,267.24
Precio Hecho,2025-05-28,Soja,2025-05-28,267.24,267.24
Precio a Fijar,2024-06-04,CEBADA CERV.,2024-12-31,,
Precio a Fijar,2025-05-13,Soja,2025-05-30,272.245,269.36
Precio Hecho,2025-05-28,Soja,2025-05-28,267.24,267.24
Precio a Fijar,2025-05-08,Soja,2025-05-24,268.56,
Precio Hecho,2025-05-26,Trigo,2025-05-31,198.235,
Precio Hecho,2025-05-28,Trigo,2025-05-28,198.28,198.28
Precio a Fijar,2025-05-27,Soja,2025-06-20,269.765,
Precio a Fijar,2025-04-01,Maiz,2025-04-30,201.44,194.185
Precio a Fijar,2025-05-16,Maiz,2025-06-18,184.035,171.97500000000002
Precio a Fijar,2024-11-15,Trigo,2024-12-15,182.21,
Precio a Fijar,2024-11-15,Trigo,2024-12-20,182.21,190.24666666666667
Precio Hecho,2025-05-28,Soja,2025-05-28,267.24,267.24
Precio Hecho,2025-05-28,Soja,2025-05-28,267.24,267.24
Precio a Fijar,2024-09-26,Soja,2024-10-31,314.92,306.37
Precio Hecho,2025-05-27,Maiz,2025-06-30,182.35,168.39333333333332
Precio a Fijar,2025-05-27,Maiz,2025-07-31,182.35,
Precio a Fijar,2025-05-27,Maiz,2025-07-31,182.35,
Precio a Fijar,2025-05-27,Maiz,2025-07-31,182.35,
Precio a Fijar,2025-05-27,Maiz,2025-07-31,182.35,
Precio a Fijar,2025-05-27,Maiz,2025-07-31,182.35,
Precio a Fijar,2025-05-27,Maiz,2025-07-31,182.35,
Precio a Fijar,2025-05-27,Maiz,2025-07-31,182.35,
Precio Hecho,2025-05-27,Trigo,2025-06-26,197.66,195.84333333333333
Precio a Fijar,2025-05-27,Soja,2025-06-26,269.765,270.24666666666667
Precio a Fijar,2024-11-13,Maiz,2025-04-15,185.25333333333333,197.92
Precio a Fijar,2025-05-20,Soja,2025-06-20,274.21,
Precio a Fijar,2025-04-29,Soja,2025-05-31,259.605,
Precio a Fijar,2025-04-08,Soja,2025-05-08,297.33,268.56
Precio a Fijar,2025-04-08,Soja,2025-05-08,297.33,268.56
Precio a Fijar,2025-02-06,Soja,2025-03-06,303.39,309.07
Precio a Fijar,2025-02-05,Soja,2025-05-15,303.46,269.255
Precio a Fijar,2025-02-05,Soja,2025-05-15,303.46,269.255
Precio a Fijar,2025-01-17,Soja,2025-04-30,277.78,251.94
Precio a Fijar,2025-01-06,Soja,2025-04-30,279.09,251.94
Precio a Fijar,2024-12-17,Soja,2025-01-17,279.0,277.78
Precio a Fijar,2024-12-17,Soja,2025-04-30,279.0,251.94
Precio a Fijar,2024-03-13,Soja,2025-02-28,,
Precio a Fijar,2025-05-16,Soja,2025-05-31,270.32,
Precio a Fijar,2025-01-07,Soja,2025-04-30,277.99,251.94
Precio a Fijar,2025-01-03,Soja,2025-04-15,275.23,275.0
Precio a Fijar,2025-01-03,Soja,2025-04-15,275.23,275.0
Precio a Fijar,2024-12-31,Soja,2024-12-31,,
Precio a Fijar,2025-05-27,Soja,2025-06-20,269.765,
Precio a Fijar,2025-05-27,Soja,2025-06-20,269.765,
Precio a Fijar,2025-05-27,Soja,2025-06-20,269.765,
Precio a Fijar,2025-05-27,Soja,2025-06-20,269.765,
Precio a Fijar,2025-05-27,Soja,2025-06-20,269.765,
Precio a Fijar,2025-05-27,Soja,2025-06-20,269.765,
Precio a Fijar,2025-05-27,Soja,2025-06-20,269.765,
Precio a Fijar,2025-05-27,Soja,2025-05-31,269.765,
Precio a Fijar,2025-05-27,Soja,2025-05-31,269.765,
Precio a Fijar,2025-05-27,Soja,2025-06-20,269.765,
Precio Hecho,2025-05-27,Trigo,2025-06-27,197.66,198.49
Precio a Fijar,2025-04-26,Soja,2025-04-26,,
Precio a Fijar,2025-05-27,Soja,2025-06-20,269.765,
Precio a Fijar,2025-05-27,Soja,2025-06-20,269.765,
Precio a Fijar,2025-05-27,Soja,2025-06-20,269.765,
Precio a Fijar,2025-05-27,Soja,2025-06-20,269.765,
Precio a Fijar,2025-05-27,Soja,2025-05-31,269.765,
Precio Hecho,2025-05-27,Soja,2025-05-27,269.765,269.765
Precio Hecho,2025-05-27,Soja,2025-05-27,269.765,269.765
Precio a Fijar,2025-05-27,Soja,2025-06-26,269.765,270.24666666666667
Precio a Fijar,2025-05-27,Soja,2025-06-20,269.765,
Precio a Fijar,2025-05-27,Soja,2025-05-30,269.765,269.36
Precio a Fijar,2025-05-27,Soja,2025-06-30,269.765,269.66999999999996
Precio a Fijar,2025-05-27,Soja,2025-06-20,269.765,
Precio a Fijar,2025-05-27,Soja,2025-06-20,269.765,
Precio Hecho,2025-05-27,Soja,2025-05-27,269.765,269.765
Precio a Fijar,2024-12-26,Soja,2025-04-15,277.8,275.0
Precio a Fijar,2024-12-19,Soja,2025-01-19,273.7,
Precio a Fijar,2024-12-19,Soja,2025-01-19,273.7,
Precio a Fijar,2024-12-17,Soja,2025-04-15,279.0,275.0
Precio a Fijar,2024-12-11,Soja,2025-05-31,,
Precio a Fijar,2024-12-11,Soja,2025-04-30,,251.94
Precio a Fijar,2025-03-11,Soja,2025-04-30,,251.94
Precio a Fijar,2024-10-17,Soja,2024-11-17,311.56,
Precio a Fijar,2024-08-02,Soja,2025-05-31,289.04,
Precio a Fijar,2024-07-12,Soja,2025-05-31,304.125,
Precio a Fijar,2024-08-02,Soja,2025-05-31,289.04,
Precio a Fijar,2024-11-20,Soja,2025-04-30,298.75,251.94
Precio Hecho,2025-05-26,Soja,2025-05-26,269.98,269.98
Precio Hecho,2025-05-15,Soja,2025-05-15,269.255,269.255
Precio Hecho,2025-05-26,Soja,2025-05-26,269.98,269.98
Precio Hecho,2025-05-23,Soja,2025-05-23,269.57,269.57
Precio Hecho,2025-05-22,Soja,2025-05-22,274.77,274.77
Precio Hecho,2025-05-22,Soja,2025-05-22,274.77,274.77
Precio Hecho,2025-05-22,Soja,2025-05-22,274.77,274.77
Precio Hecho,2025-05-15,Soja,2025-05-15,269.255,269.255
Precio Hecho,2025-05-26,Soja,2025-05-26,269.98,269.98
Precio Hecho,2025-05-23,Soja,2025-05-23,269.57,269.57
Precio Hecho,2025-05-23,Soja,2025-05-23,269.57,269.57
Precio Hecho,2025-05-26,Soja,2025-05-26,269.98,269.98
Precio Hecho,2025-05-26,Soja,2025-05-26,269.98,269.98
Precio Hecho,2025-05-23,Soja,2025-05-23,269.57,269.57
Precio Hecho,2025-05-23,Soja,2025-05-23,269.57,269.57
Precio Hecho,2025-05-26,Soja,2025-05-26,269.98,269.98
Precio Hecho,2025-05-26,Maiz,2025-05-26,181.1,181.1
Precio Hecho,2025-05-23,Trigo,2025-05-23,198.5,198.5
Precio Hecho,2025-05-27,Soja,2025-05-27,269.765,269.765
Precio a Fijar,2025-05-27,Soja,2025-06-27,269.765,271.44500000000005
Precio a Fijar,2025-05-27,Soja,2025-06-27,269.765,271.44500000000005
Precio a Fijar,2025-05-27,Soja,2025-06-30,269.765,269.66999999999996
Precio a Fijar,2025-05-27,Soja,2025-05-30,269.765,269.36
Precio a Fijar,2025-05-27,Soja,2025-06-20,269.765,
Precio a Fijar,2025-05-27,Maiz,2025-06-27,182.35,169.09
Precio a Fijar,2025-05-27,Soja,2025-06-26,269.765,270.24666666666667
Precio Hecho,2025-05-27,Maiz,2025-07-31,182.35,
Precio Hecho,2025-05-27,Maiz,2025-06-27,182.35,169.09
Precio Hecho,2025-05-27,Maiz,2025-07-31,182.35,
Precio Hecho,2025-05-27,Maiz,2025-07-31,182.35,
Precio Hecho,2025-05-27,Maiz,2025-06-27,182.35,169.09
Precio Hecho,2025-05-27,ACEITE SOJA,2025-06-27,,
Precio Hecho,2025-05-27,ACEITE SOJA,2025-05-31,,
Precio Hecho,2025-05-27,Maiz,2025-05-31,182.35,
Precio Hecho,2025-05-27,Maiz,2025-06-25,182.35,170.19
Precio Hecho,2025-05-27,Trigo,2025-06-26,197.66,195.84333333333333
Precio Hecho,2025-05-27,Soja,2025-06-30,269.765,269.66999999999996
Precio Hecho,2025-05-27,Soja,2025-06-30,269.765,269.66999999999996
Precio Hecho,2025-05-27,Soja,2025-06-30,269.765,269.66999999999996
Precio Hecho,2025-05-27,Soja,2025-06-30,269.765,269.66999999999996
Precio Hecho,2025-05-27,Soja,2025-06-30,269.765,269.66999999999996
Precio a Fijar,2025-05-27,Trigo,2025-06-26,197.66,195.84333333333333
Precio a Fijar,2024-08-28,Soja,2025-05-31,294.8933333333334,
Precio a Fijar,2024-08-28,Soja,2025-05-31,294.8933333333334,
Precio a Fijar,2024-09-18,Soja,2024-10-18,311.36,314.88
Precio a Fijar,2024-09-18,Soja,2024-10-18,311.36,314.88
Precio a Fijar,2025-03-25,Soja,2025-05-31,308.37,
Precio a Fijar,2025-04-03,Soja,2025-05-03,293.02,
Precio a Fijar,2025-04-03,Soja,2025-05-03,293.02,
Precio a Fijar,2025-05-27,Soja,2025-06-26,269.765,270.24666666666667
Precio a Fijar,2025-05-27,Soja,2025-06-27,269.765,271.44500000000005
Precio a Fijar,2025-05-27,Maiz,2025-06-20,182.35,
Precio a Fijar,2025-05-27,Soja,2025-05-27,269.765,269.765
Precio a Fijar,2025-05-27,Soja,2025-05-27,269.765,269.765
Precio Hecho,2025-05-27,Trigo,2025-06-26,197.66,195.84333333333333
Precio a Fijar,2024-12-05,Trigo,2025-01-05,185.82666666666668,
Precio Hecho,2025-05-27,Soja,2025-06-27,269.765,271.44500000000005
Precio Hecho,2025-05-27,Trigo,2027-06-03,197.66,
Precio Hecho,2025-05-27,Maiz,2025-06-26,182.35,170.67000000000002
Precio Hecho,2025-05-27,Soja,2025-05-27,269.765,269.765
Precio a Fijar,2025-05-27,Soja,2025-05-27,269.765,269.765
Precio Hecho,2025-05-27,Trigo,2025-05-27,197.66,197.66
Precio Hecho,2025-05-27,Soja,2025-05-27,269.765,269.765
Precio Hecho,2025-05-27,Soja,2025-05-27,269.765,269.765
Precio a Fijar,2025-01-09,Trigo,2025-02-09,,
Precio a Fijar,2024-05-02,Soja,2024-06-02,288.72333333333336,
Precio a Fijar,2024-05-02,Soja,2024-06-02,288.72333333333336,
Precio a Fijar,2024-05-02,Soja,2024-06-02,288.72333333333336,
Precio a Fijar,2024-06-06,Soja,2024-07-03,,308.74
Precio a Fijar,2024-06-06,Soja,2024-07-03,,308.74
Precio a Fijar,2025-04-03,Soja,2025-05-31,293.02,
Precio a Fijar,2025-05-21,Soja,2025-05-31,273.605,
Precio a Fijar,2025-05-27,Soja,2025-06-26,269.765,270.24666666666667
Precio a Fijar,2025-05-27,Soja,2025-05-31,269.765,
Precio a Fijar,2025-05-27,Soja,2025-06-26,269.765,270.24666666666667
Precio Hecho,2025-05-27,Soja,2025-05-27,269.765,269.765
Precio Hecho,2025-05-27,Soja,2025-05-27,269.765,269.765
Precio a Fijar,2025-05-27,Soja,2025-05-27,269.765,269.765
Precio Hecho,2025-05-27,Soja,2025-05-27,269.765,269.765
Precio Hecho,2025-05-27,Soja,2025-05-27,269.765,269.765
Precio Hecho,2025-05-27,Soja,2025-05-27,269.765,269.765
Precio Hecho,2025-05-27,Trigo,2025-05-30,197.66,198.48
Precio Hecho,2025-05-27,Trigo,2025-05-29,197.66,198.48
Precio a Fijar,2025-04-21,Maiz,2025-05-21,197.44,185.86
Precio a Fijar,2025-04-16,Maiz,2025-04-21,204.41,197.44
Precio a Fijar,2024-12-10,Soja,2025-05-31,292.04,
Precio a Fijar,2024-12-17,Trigo,2024-12-31,189.59,
Precio a Fijar,2025-03-18,Soja,2025-04-30,304.02,251.94
Precio Hecho,2025-05-27,Trigo,2025-05-27,197.66,197.66
Precio Hecho,2025-05-27,Trigo,2025-05-27,197.66,197.66
Precio Hecho,2025-05-27,Soja,2025-06-10,269.765,239.8
Precio a Fijar,2025-05-27,Maiz,2025-06-30,182.35,168.39333333333332
Precio a Fijar,2025-05-27,Maiz,2025-06-30,182.35,168.39333333333332
Precio Hecho,2025-05-27,Maiz,2025-07-31,182.35,
Precio Hecho,2025-05-20,Maiz,2025-05-20,183.815,183.815
Precio a Fijar,2025-05-27,Trigo,2025-06-26,197.66,195.84333333333333
Precio Hecho,2025-05-27,Trigo,2025-05-27,197.66,197.66
Precio a Fijar,2025-05-20,Trigo,2025-06-20,198.42,
Precio a Fijar,2025-05-20,Trigo,2025-06-20,198.42,
Precio Hecho,2025-05-27,Trigo,2025-05-27,197.66,197.66
Precio Hecho,2025-05-19,Maiz,2025-05-19,181.315,181.315
Precio a Fijar,2024-12-05,Trigo,2025-01-04,185.82666666666668,
Precio Hecho,2025-05-27,Trigo,2025-05-27,197.66,197.66
Precio Hecho,2025-05-27,Trigo,2025-05-27,197.66,197.66
Precio Hecho,2025-05-27,Trigo,2025-06-01,197.66,
Precio Hecho,2025-05-27,Trigo,2025-05-27,197.66,197.66
Precio Hecho,2025-05-16,Maiz,2025-05-16,184.035,184.035
Precio Hecho,2025-05-27,Trigo,2025-05-27,197.66,197.66
Precio Hecho,2025-05-27,Trigo,2025-05-27,197.66,197.66
Precio Hecho,2025-05-27,Trigo,2025-05-30,197.66,198.48
Precio Hecho,2025-05-27,Soja,2025-05-27,269.765,269.765
Precio Hecho,2025-05-27,Trigo,2025-05-27,197.66,197.66
Precio Hecho,2025-05-27,Trigo,2025-05-27,197.66,197.66
Precio Hecho,2025-05-26,ACEITE SOJA,2025-06-16,,
Precio Hecho,2025-05-27,Trigo,2025-05-27,197.66,197.66
Precio a Fijar,2025-05-27,Girasol,2025-05-31,347.23,
Precio Hecho,2025-05-27,Trigo,2025-05-27,197.66,197.66
Precio a Fijar,2024-10-03,Soja,2025-05-31,,
Precio Hecho,2025-05-26,ACEITE SOJA,2025-06-16,,
Precio Hecho,2025-05-27,Soja,2025-06-10,269.765,239.8
Precio Hecho,2025-05-27,Trigo,2025-05-27,197.66,197.66
Precio Hecho,2025-05-27,Trigo,2025-06-27,197.66,198.49
Precio Hecho,2025-05-27,Trigo,2025-05-27,197.66,197.66
Precio Hecho,2025-05-27,Trigo,2025-05-27,197.66,197.66
Precio Hecho,2025-05-27,Trigo,2025-05-27,197.66,197.66
Precio a Fijar,2024-12-11,Soja,2025-05-31,,
Precio Hecho,2025-05-26,ACEITE SOJA,2025-05-29,,
Precio Hecho,2025-05-27,Trigo,2025-05-27,197.66,197.66
Precio Hecho,2025-05-27,Trigo,2025-05-27,197.66,197.66
Precio a Fijar,2024-12-11,Soja,2025-04-30,,251.94
Precio Hecho,2025-05-27,Trigo,2025-05-27,197.66,197.66
Precio Hecho,2025-05-27,Trigo,2025-05-27,197.66,197.66
Precio a Fijar,2025-01-07,Soja,2025-02-07,277.99,305.0
Precio Hecho,2025-05-27,Trigo,2025-05-27,197.66,197.66
Precio a Fijar,2025-04-22,Soja,2025-05-22,275.82,274.77
Precio a Fijar,2025-04-22,Soja,2025-05-22,275.82,274.77
Precio a Fijar,2024-12-11,Soja,2025-04-30,,251.94
Precio Hecho,2025-05-27,Trigo,2025-05-27,197.66,197.66
Precio Hecho,2025-05-26,ACEITE SOJA,2025-06-26,,
Precio Hecho,2025-05-27,Trigo,2025-05-27,197.66,197.66
Precio Hecho,2025-05-27,Trigo,2025-06-16,197.66,
Precio Hecho,2025-05-27,Trigo,2025-05-27,197.66,197.66
Precio Hecho,2025-05-27,Trigo,2025-05-27,197.66,197.66
Precio Hecho,2025-05-27,Trigo,2025-05-27,197.66,197.66
Precio Hecho,2025-05-27,Soja,2025-06-30,269.765,269.66999999999996
Precio Hecho,2025-05-27,Soja,2025-06-30,269.765,269.66999999999996
Precio a Fijar,2024-08-06,Maiz,2025-09-15,170.79500000000002,173.13666666666666
Precio Hecho,2025-05-27,Soja,2025-05-27,269.765,269.765
Precio Hecho,2025-05-27,Trigo,2025-06-10,197.66,164.4275
Precio Hecho,2025-05-27,Trigo,2025-06-26,197.66,195.84333333333333
Precio Hecho,2025-05-27,Soja,2025-05-27,269.765,269.765
Precio a Fijar,2025-05-27,Maiz,2025-06-26,182.35,170.67000000000002
Precio Hecho,2025-05-27,Trigo,2025-06-17,197.66,196.79666666666665
Precio a Fijar,2024-05-27,Soja,2024-05-28,1268.42,315.2366666666667
Precio a Fijar,2025-05-27,Soja,2025-06-26,269.765,270.24666666666667
Precio Hecho,2025-05-27,Soja,2025-05-27,269.765,269.765
Precio a Fijar,2025-05-27,Soja,2025-06-26,269.765,270.24666666666667
Precio a Fijar,2025-05-27,Soja,2025-06-26,269.765,270.24666666666667
Precio Hecho,2025-05-27,Soja,2025-05-27,269.765,269.765
Precio Hecho,2025-05-27,Soja,2025-05-27,269.765,269.765
Precio Hecho,2025-05-27,Soja,2025-05-27,269.765,269.765
Precio Hecho,2025-05-27,Soja,2025-05-27,269.765,269.765
Precio Hecho,2025-05-27,Soja,2025-05-27,269.765,269.765
Precio Hecho,2025-05-27,Trigo,2025-06-17,197.66,196.79666666666665
Precio a Fijar,2025-05-16,Soja,2025-05-30,270.32,269.36
Precio Hecho,2025-05-27,Trigo,2025-06-17,197.66,196.79666666666665
Precio Hecho,2025-05-27,Soja,2025-05-27,269.765,269.765
Precio a Fijar,2024-12-04,Trigo,2025-01-03,187.56,187.5175
Precio Hecho,2025-05-27,Trigo,2025-06-17,197.66,196.79666666666665
Precio Hecho,2025-05-27,Soja,2025-05-27,269.765,269.765
Precio Hecho,2025-05-27,Soja,2025-05-27,269.765,269.765
Precio Hecho,2025-05-27,Trigo,2025-06-17,197.66,196.79666666666665
Precio Hecho,2025-05-27,Soja,2025-06-03,269.765,267.7733333333333
Precio Hecho,2025-05-27,Trigo,2025-06-17,197.66,196.79666666666665
Precio Hecho,2025-05-27,Soja,2025-05-27,269.765,269.765
Precio Hecho,2025-05-27,Trigo,2025-06-17,197.66,196.79666666666665
Precio Hecho,2025-05-23,Maiz,2025-06-22,181.645,
Precio Hecho,2025-05-27,Trigo,2025-06-17,197.66,196.79666666666665
Precio Hecho,2025-05-27,Trigo,2025-06-16,197.66,
Precio Hecho,2025-05-27,Trigo,2025-06-17,197.66,196.79666666666665
Precio Hecho,2025-05-27,Soja,2025-06-03,269.765,267.7733333333333
Precio Hecho,2025-05-27,Soja,2025-05-27,269.765,269.765
Precio Hecho,2025-05-27,Soja,2025-05-27,269.765,269.765
Precio Hecho,2025-05-27,Trigo,2025-05-27,197.66,197.66
Precio Hecho,2025-05-27,Maiz,2025-05-27,182.35,182.35
Precio Hecho,2025-05-27,Trigo,2025-06-10,197.66,164.4275
Precio Hecho,2025-05-26,Trigo,2025-06-15,198.235,
Precio Hecho,2025-05-27,Trigo,2025-06-26,197.66,195.84333333333333
Precio Hecho,2025-05-27,Soja,2025-05-27,269.765,269.765
Precio Hecho,2025-05-27,Soja,2025-05-27,269.765,269.765
Precio a Fijar,2025-05-26,Maiz,2025-05-31,181.1,
Precio a Fijar,2025-05-26,Girasol,2025-05-31,322.44,
Precio a Fijar,2025-05-26,Girasol,2025-05-31,322.44,
Precio a Fijar,2025-03-25,Maiz,2025-04-30,195.01,194.185
Precio a Fijar,2025-03-21,Maiz,2025-04-23,202.99,
Precio a Fijar,2025-01-30,Girasol,2025-01-31,349.0,343.98
Precio Hecho,2025-05-27,Soja,2025-06-27,269.765,271.44500000000005
Precio a Fijar,2025-04-22,Soja,2025-05-22,275.82,274.77
Precio Hecho,2025-05-27,Trigo,2025-06-27,197.66,198.49
Precio Hecho,2025-05-27,Trigo,2025-06-03,197.66,196.775
Precio Hecho,2025-05-27,Trigo,2025-05-27,197.66,197.66
Precio Hecho,2025-05-27,Trigo,2025-05-27,197.66,197.66
Precio Hecho,2025-05-27,Trigo,2025-06-04,197.66,
Precio a Fijar,2025-02-12,Soja,2025-04-30,302.82,251.94
Precio a Fijar,2024-11-22,Maiz,2025-04-30,183.38333333333333,194.185
Precio Hecho,2025-05-26,Girasol,2025-06-25,322.44,297.73
Precio Hecho,2025-05-22,Soja,2025-11-30,274.77,
Precio a Fijar,2025-04-16,Soja,2025-05-15,279.74,269.255
Precio a Fijar,2024-12-13,Soja,2024-12-30,285.15,276.16
Precio a Fijar,2024-08-07,Soja,2024-08-31,293.645,
Precio a Fijar,2025-02-21,Soja,2025-04-30,311.1,251.94
Precio a Fijar,2025-02-21,Soja,2025-04-30,311.1,251.94
Precio a Fijar,2025-02-21,Soja,2025-04-30,311.1,251.94
Precio a Fijar,2025-02-21,Soja,2025-04-30,311.1,251.94
Precio a Fijar,2025-02-25,Soja,2025-04-15,310.88,275.0
Precio a Fijar,2025-02-04,Soja,2025-02-28,303.53,
Precio a Fijar,2025-02-03,Soja,2025-03-04,298.79,302.89
Precio a Fijar,2025-01-30,Trigo,2025-02-28,200.26,
Precio a Fijar,2024-10-15,Soja,2025-04-30,,251.94
Precio a Fijar,2024-10-15,Soja,2025-04-30,,251.94
Precio a Fijar,2024-10-15,Soja,2025-04-30,,251.94
Precio a Fijar,2024-10-15,Soja,2025-04-30,,251.94
Precio a Fijar,2024-10-15,Soja,2025-04-30,,251.94
Precio a Fijar,2024-10-15,Soja,2025-04-30,,251.94
Precio a Fijar,2024-10-15,Soja,2024-12-31,,
Precio a Fijar,2024-09-12,Soja,2025-05-31,309.21,
Precio a Fijar,2024-09-11,Soja,2025-05-31,307.77,
Precio a Fijar,2024-09-03,Trigo,2025-01-31,230.73,201.2025
Precio a Fijar,2024-09-03,Trigo,2025-01-31,230.73,201.2025
Precio a Fijar,2024-09-03,Trigo,2024-12-31,230.73,
Precio a Fijar,2024-08-12,Soja,2025-05-31,290.04499999999996,
Precio a Fijar,2024-04-19,Trigo,2024-05-19,204.245,
Precio a Fijar,2024-02-06,Maiz,2024-03-19,182.84,
Precio Hecho,2025-05-27,Soja,2025-05-27,269.765,269.765
Precio Hecho,2025-05-27,Maiz,2025-05-27,182.35,182.35
Precio Hecho,2025-05-22,Maiz,2025-05-31,184.235,
Precio Hecho,2025-05-23,Trigo,2025-12-31,198.5,
Precio Hecho,2025-05-27,Soja,2025-05-27,269.765,269.765
Precio a Fijar,2025-05-27,Soja,2025-06-26,269.765,270.24666666666667
Precio Hecho,2025-05-27,Soja,2025-05-27,269.765,269.765
Precio Hecho,2025-05-19,Maiz,2025-05-27,181.315,182.35
Precio Hecho,2025-04-21,Soja,2025-04-29,273.08,259.605
Precio Hecho,2025-04-24,Soja,2025-04-24,268.31,268.31
Precio Hecho,2025-05-27,Maiz,2025-05-27,182.35,182.35
Precio Hecho,2025-04-28,Soja,2025-04-28,285.395,285.395
Precio Hecho,2025-05-19,Maiz,2025-05-27,181.315,182.35
Precio Hecho,2025-05-27,Soja,2025-06-26,269.765,270.24666666666667
Precio Hecho,2025-04-30,Soja,2025-04-30,251.94,251.94
Precio Hecho,2025-05-26,ARROZ C.L.F,2025-05-26,,
Precio a Fijar,2025-03-18,Trigo,2025-03-31,211.41333333333333,218.81
Precio Hecho,2025-05-26,Maiz,2025-06-25,181.1,170.19
Precio a Fijar,2025-04-01,Maiz,2025-04-30,201.44,194.185
Precio a Fijar,2025-01-28,Soja,2025-04-30,294.96,251.94
Precio a Fijar,2024-12-05,Soja,2025-01-05,291.07,
Precio a Fijar,2024-12-05,Soja,2025-01-05,291.07,
Precio a Fijar,2025-03-14,Trigo,2025-03-18,211.04500000000002,211.41333333333333
Precio a Fijar,2024-11-01,Girasol,2025-03-17,359.89000000000004,316.61
Precio Hecho,2025-05-19,Soja,2025-05-19,273.06,273.06
Precio Hecho,2025-05-03,Soja,2025-05-03,,
Precio Hecho,2025-05-19,Maiz,2025-05-27,181.315,182.35
Precio a Fijar,2024-11-15,Trigo,2024-12-15,182.21,
Precio Hecho,2023-04-19,Soja,2023-04-19,,
Precio a Fijar,2025-05-26,Maiz,2025-06-25,181.1,170.19
Precio a Fijar,2024-11-15,Trigo,2024-12-20,182.21,190.24666666666667
Precio a Fijar,2025-05-26,Girasol,2025-07-02,322.44,297.8
Precio a Fijar,2025-05-26,Soja,2025-06-25,269.98,268.685
Precio Hecho,2025-05-26,Maiz,2025-06-25,181.1,170.19
Precio a Fijar,2025-05-26,Maiz,2025-06-26,181.1,170.67000000000002
Precio a Fijar,2025-05-26,Maiz,2025-06-25,181.1,170.19
Precio Hecho,2025-05-26,Maiz,2025-06-25,181.1,170.19
Precio Hecho,2025-05-05,Soja,2025-05-05,257.5,257.5
Precio a Fijar,2025-05-23,Soja,2025-06-22,269.57,
Precio Hecho,2025-05-06,Soja,2025-05-06,264.45,264.45
Precio a Fijar,2024-11-05,Soja,2024-12-05,,291.07
Precio a Fijar,2024-11-05,Soja,2024-12-05,,291.07
Precio a Fijar,2024-10-24,Soja,2024-11-24,296.6,
Precio a Fijar,2024-10-24,Soja,2024-11-24,296.6,
Precio a Fijar,2025-05-26,Soja,2025-06-25,269.98,268.685
Precio Hecho,2025-05-27,Trigo,2025-06-27,197.66,198.49
Precio a Fijar,2025-04-15,Soja,2025-05-15,275.0,269.255
Precio Hecho,2025-05-27,Soja,2025-05-27,269.765,269.765
Precio Hecho,2025-05-27,Soja,2025-06-03,269.765,267.7733333333333
Precio Hecho,2025-05-13,Soja,2025-05-13,272.245,272.245
Precio a Fijar,2024-10-24,Soja,2024-11-24,296.6,
Precio a Fijar,2024-10-24,Soja,2024-11-24,296.6,
Precio Hecho,2025-05-27,Soja,2025-05-27,269.765,269.765
Precio Hecho,2025-05-05,Soja,2025-05-06,257.5,264.45
Precio Hecho,2025-05-09,Soja,2025-05-09,272.855,272.855
Precio Hecho,2025-05-27,Soja,2025-05-27,269.765,269.765
Precio Hecho,2025-05-27,Soja,2025-05-27,269.765,269.765
Precio Hecho,2025-05-27,Soja,2025-06-03,269.765,267.7733333333333
Precio a Fijar,2025-04-24,Trigo,2025-05-30,194.615,198.48
Precio Hecho,2025-05-26,Soja,2025-06-26,269.98,270.24666666666667
Precio Hecho,2025-05-26,Trigo,2025-06-25,198.235,196.83666666666667
Precio Hecho,2025-05-26,Soja,2025-06-25,269.98,268.685
Precio Hecho,2025-05-26,Trigo,2025-06-25,198.235,196.83666666666667
Precio Hecho,2025-05-26,Trigo,2025-06-25,198.235,196.83666666666667
Precio Hecho,2025-05-26,Soja,2025-06-25,269.98,268.685
Precio Hecho,2025-05-26,Soja,2025-06-25,269.98,268.685
Precio Hecho,2025-05-26,Soja,2025-06-25,269.98,268.685
Precio Hecho,2025-05-26,Soja,2025-06-25,269.98,268.685
Precio a Fijar,2025-05-08,Soja,2025-05-31,268.56,
Precio a Fijar,2024-09-26,Soja,2024-10-31,314.92,306.37
Precio a Fijar,2025-05-27,Soja,2025-06-26,269.765,270.24666666666667
Precio a Fijar,2025-05-26,Soja,2025-06-22,269.98,
Precio a Fijar,2025-05-27,Girasol,2025-05-30,347.23,297.73
Precio a Fijar,2025-05-23,Soja,2025-06-22,269.57,
Precio Hecho,2025-05-27,Soja,2025-06-03,269.765,267.7733333333333
Precio Hecho,2025-05-27,Soja,2025-05-27,269.765,269.765
Precio Hecho,2025-05-15,Soja,2025-05-15,269.255,269.255
Precio Hecho,2025-05-27,Soja,2025-05-27,269.765,269.765
Precio Hecho,2025-05-26,Soja,2025-05-26,269.98,269.98
Precio Hecho,2025-05-13,Soja,2025-05-17,272.245,
Precio Hecho,2025-05-27,Trigo,2025-06-27,197.66,198.49
Precio Hecho,2025-05-26,Soja,2025-05-26,269.98,269.98
Precio Hecho,2025-05-27,Soja,2025-05-27,269.765,269.765
Precio a Fijar,2024-09-23,Trigo,2025-03-01,215.67,
Precio Hecho,2025-05-27,Trigo,2025-06-27,197.66,198.49
Precio Hecho,2025-05-27,Soja,2025-05-27,269.765,269.765
Precio Hecho,2025-05-17,Soja,2025-05-17,,
Precio Hecho,2025-05-27,Trigo,2025-06-27,197.66,198.49
Precio a Fijar,2025-03-26,Soja,2025-04-25,317.24,266.495
Precio a Fijar,2025-03-18,Maiz,2025-04-30,197.565,194.185
Precio Hecho,2025-05-17,Soja,2025-05-17,,
Precio Hecho,2025-05-27,Soja,2025-05-28,269.765,267.24
Precio a Fijar,2024-05-29,Soja,2024-06-30,316.9166666666667,
Precio a Fijar,2024-11-04,Soja,2024-12-31,309.91,
Precio Hecho,2025-05-27,Trigo,2025-06-27,197.66,198.49
Precio a Fijar,2024-08-06,Maiz,2024-09-30,170.79500000000002,184.95499999999998
Precio Hecho,2025-05-27,Soja,2025-05-28,269.765,267.24
Precio Hecho,2025-05-27,Soja,2025-05-28,269.765,267.24
Precio Hecho,2025-05-27,Soja,2025-05-28,269.765,267.24
Precio Hecho,2025-05-27,Trigo,2025-06-27,197.66,198.49
Precio Hecho,2025-05-27,Trigo,2025-05-28,197.66,198.28
Precio Hecho,2025-05-27,Maiz,2025-05-28,182.35,181.03
Precio Hecho,2025-05-27,Soja,2025-05-28,269.765,267.24
Precio Hecho,2025-05-27,Soja,2025-05-28,269.765,267.24
Precio Hecho,2025-05-27,Soja,2025-05-28,269.765,267.24
Precio Hecho,2025-05-27,Maiz,2025-05-31,182.35,
Precio Hecho,2025-05-27,Trigo,2025-05-31,197.66,
Precio Hecho,2025-05-26,Soja,2025-06-25,269.98,268.685
Precio Hecho,2025-05-27,Soja,2025-06-26,269.765,270.24666666666667
Precio a Fijar,2025-02-06,Soja,2025-03-06,303.39,309.07
Precio a Fijar,2024-10-09,Soja,2024-11-09,,
Precio Hecho,2025-05-27,Trigo,2025-05-28,197.66,198.28
Precio a Fijar,2024-10-10,Soja,2025-04-30,306.44,251.94
Precio Hecho,2025-05-27,Soja,2025-05-27,269.765,269.765
Precio a Fijar,2025-05-22,Soja,2025-05-29,274.77,267.955
Precio Hecho,2025-05-26,Soja,2025-07-10,269.98,254.98
Precio a Fijar,2025-05-26,Soja,2025-05-26,269.98,269.98
Precio a Fijar,2025-05-26,Soja,2025-05-26,269.98,269.98
Precio a Fijar,2025-05-26,Soja,2025-05-26,269.98,269.98
Precio a Fijar,2025-05-26,Maiz,2025-05-26,181.1,181.1
Precio Hecho,2025-05-26,Soja,2025-05-27,269.98,269.765
Precio Hecho,2025-05-26,Soja,2025-05-26,269.98,269.98
Precio Hecho,2025-05-27,Trigo,2025-06-25,197.66,196.83666666666667
Precio Hecho,2025-05-27,Trigo,2025-06-06,197.66,198.48
Precio Hecho,2025-05-27,Soja,2025-05-27,269.765,269.765
Precio Hecho,2025-05-27,Soja,2025-05-27,269.765,269.765
Precio Hecho,2025-05-23,Soja,2025-05-23,269.57,269.57
Precio Hecho,2025-05-27,Soja,2025-05-27,269.765,269.765
Precio Hecho,2025-05-27,Soja,2025-05-27,269.765,269.765
Precio Hecho,2025-05-27,Soja,2025-05-27,269.765,269.765
Precio Hecho,2025-05-27,Soja,2025-05-27,269.765,269.765
Precio Hecho,2025-05-27,Soja,2025-05-27,269.765,269.765
Precio Hecho,2025-05-27,ACEITE SOJA,2025-05-27,,
Precio Hecho,2025-05-27,ACEITE SOJA,2025-05-27,,
Precio a Fijar,2025-01-10,Soja,2025-02-10,281.39,304.78
Precio a Fijar,2025-05-26,Soja,2025-06-26,269.98,270.24666666666667
Precio a Fijar,2025-05-26,Maiz,2025-06-26,181.1,170.67000000000002
Precio a Fijar,2025-05-26,Soja,2025-06-26,269.98,270.24666666666667
Precio a Fijar,2025-05-26,Soja,2025-06-26,269.98,270.24666666666667
Precio a Fijar,2025-05-26,Soja,2025-06-26,269.98,270.24666666666667
Precio a Fijar,2025-05-26,Soja,2025-06-26,269.98,270.24666666666667
Precio a Fijar,2025-05-26,Soja,2025-06-26,269.98,270.24666666666667
Precio a Fijar,2025-05-26,Maiz,2025-05-30,181.1,175.93
Precio a Fijar,2025-05-26,Soja,2025-06-25,269.98,268.685
Precio a Fijar,2025-05-20,Soja,2025-06-20,274.21,
Precio a Fijar,2025-04-29,Soja,2025-05-31,259.605,
Precio a Fijar,2025-03-14,Soja,2025-05-15,299.49,269.255
Precio a Fijar,2025-03-11,Soja,2025-04-30,,251.94
Precio a Fijar,2025-02-06,Soja,2025-03-06,303.39,309.07
Precio a Fijar,2025-01-03,Soja,2025-05-15,275.23,269.255
Precio a Fijar,2024-12-30,Soja,2025-04-30,276.16,251.94
Precio a Fijar,2024-11-04,Soja,2025-04-30,309.91,251.94
Precio a Fijar,2024-10-07,Soja,2024-11-07,312.66,311.56
Precio a Fijar,2025-05-12,Soja,2025-05-30,275.315,269.36
Precio a Fijar,2025-02-12,Soja,2025-03-12,302.82,308.41
Precio a Fijar,2025-01-17,Soja,2025-04-30,277.78,251.94
Precio a Fijar,2025-01-17,Soja,2025-04-30,277.78,251.94
Precio a Fijar,2025-01-07,Soja,2025-04-30,277.99,251.94
Precio a Fijar,2025-01-06,Soja,2025-04-30,279.09,251.94
Precio a Fijar,2025-01-03,Soja,2025-03-15,275.23,
Precio a Fijar,2024-12-26,Soja,2025-04-15,277.8,275.0
Precio a Fijar,2024-12-19,Soja,2025-01-19,273.7,
Precio a Fijar,2024-12-18,Soja,2025-04-30,273.84,251.94
Precio a Fijar,2024-12-17,Soja,2025-04-15,279.0,275.0
Precio a Fijar,2024-12-11,Soja,2025-05-31,,
Precio a Fijar,2024-12-11,Soja,2025-04-30,,251.94
Precio a Fijar,2024-12-11,Soja,2025-04-30,,251.94
Precio a Fijar,2024-12-11,Soja,2025-04-30,,251.94
Precio a Fijar,2024-12-11,Soja,2025-04-30,,251.94
Precio a Fijar,2024-12-10,Soja,2025-05-31,292.04,
Precio a Fijar,2024-12-10,Soja,2025-05-31,292.04,
Precio a Fijar,2024-12-10,Soja,2025-05-31,292.04,
Precio a Fijar,2024-03-13,Soja,2025-02-28,,
Precio a Fijar,2023-01-10,Trigo,2023-01-31,,
Precio a Fijar,2025-05-26,Soja,2025-05-26,269.98,269.98
Precio a Fijar,2025-05-26,Soja,2025-05-26,269.98,269.98
Precio a Fijar,2025-05-26,Soja,2025-05-26,269.98,269.98
Precio Hecho,2025-05-26,Trigo,2025-05-26,198.235,198.235
Precio Hecho,2025-05-26,Trigo,2025-05-26,198.235,198.235
Precio a Fijar,2025-05-26,Soja,2025-06-25,269.98,268.685
Precio Hecho,2025-05-26,Trigo,2025-05-26,198.235,198.235
Precio a Fijar,2025-05-26,Soja,2025-05-31,269.98,
Precio a Fijar,2025-05-26,Soja,2025-06-15,269.98,
Precio Hecho,2025-05-26,Trigo,2025-06-02,198.235,196.285
Precio a Fijar,2025-05-26,Soja,2025-06-20,269.98,
Precio a Fijar,2025-05-26,Soja,2025-05-31,269.98,
Precio a Fijar,2025-02-17,Soja,2025-02-28,311.54,
Precio a Fijar,2024-12-19,Soja,2025-05-31,273.7,
Precio a Fijar,2024-12-03,Soja,2025-01-03,291.36,275.23
Precio a Fijar,2025-03-11,Soja,2025-04-30,,251.94
Precio a Fijar,2025-01-10,Soja,2025-02-10,281.39,304.78
Precio a Fijar,2024-12-05,Soja,2025-01-05,291.07,
Precio a Fijar,2024-11-05,Soja,2024-12-05,,291.07
Precio a Fijar,2024-10-24,Soja,2024-11-24,296.6,
Precio a Fijar,2024-10-24,Soja,2024-11-24,296.6,
Precio a Fijar,2024-09-11,Soja,2024-10-11,307.77,
Precio Hecho,2025-05-26,Soja,2025-05-30,269.98,269.36
Precio a Fijar,2024-10-10,Soja,2025-04-30,306.44,251.94
Precio a Fijar,2025-05-26,Soja,2025-05-30,269.98,269.36
Precio a Fijar,2025-05-26,Soja,2025-06-26,269.98,270.24666666666667
Precio a Fijar,2025-05-26,Soja,2025-06-26,269.98,270.24666666666667
Precio a Fijar,2025-05-26,Soja,2025-06-26,269.98,270.24666666666667
Precio a Fijar,2025-05-26,Soja,2025-06-26,269.98,270.24666666666667
Precio a Fijar,2025-05-26,Soja,2025-06-26,269.98,270.24666666666667
Precio a Fijar,2025-05-26,Soja,2025-06-20,269.98,
Precio a Fijar,2025-04-14,Soja,2025-12-31,275.46,
Precio a Fijar,2025-04-14,Soja,2025-12-31,275.46,
Precio Hecho,2025-05-26,Soja,2025-06-05,269.98,
Precio Hecho,2025-05-26,Maiz,2025-06-30,181.1,168.39333333333332
Precio Hecho,2025-05-26,Maiz,2025-07-31,181.1,
Precio Hecho,2025-05-26,ACEITE SOJA,2025-06-26,,
Precio Hecho,2025-05-26,Soja,2025-06-25,269.98,268.685
Precio a Fijar,2022-08-19,Maiz,2022-09-18,,
Precio a Fijar,2025-05-26,Soja,2025-06-26,269.98,270.24666666666667
Precio a Fijar,2025-05-26,Soja,2025-06-26,269.98,270.24666666666667
Precio a Fijar,2025-05-26,Soja,2025-06-26,269.98,270.24666666666667
Precio a Fijar,2025-05-26,Soja,2025-06-26,269.98,270.24666666666667
Precio a Fijar,2025-05-26,Soja,2025-05-30,269.98,269.36
Precio a Fijar,2025-05-26,Soja,2025-06-26,269.98,270.24666666666667
Precio a Fijar,2025-05-26,Soja,2025-06-26,269.98,270.24666666666667
Precio a Fijar,2025-05-26,Soja,2025-06-26,269.98,270.24666666666667
Precio a Fijar,2025-05-26,Soja,2025-06-26,269.98,270.24666666666667
Precio Hecho,2025-05-26,Maiz,2025-06-25,181.1,170.19
Precio a Fijar,2025-05-26,Maiz,2025-10-31,181.1,177.10666666666665
Precio a Fijar,2025-05-26,Maiz,2025-11-30,181.1,
Precio a Fijar,2025-05-26,Soja,2025-05-28,269.98,267.24
Precio Hecho,2025-05-26,Soja,2025-05-26,269.98,269.98
Precio a Fijar,2025-05-26,Soja,2025-05-28,269.98,267.24
Precio a Fijar,2025-05-26,Soja,2025-06-26,269.98,270.24666666666667
Precio a Fijar,2025-05-26,Soja,2025-06-26,269.98,270.24666666666667
Precio a Fijar,2025-05-26,Soja,2025-06-26,269.98,270.24666666666667
Precio a Fijar,2025-05-26,Soja,2025-06-26,269.98,270.24666666666667
Precio a Fijar,2025-05-26,Soja,2025-06-26,269.98,270.24666666666667
Precio Hecho,2025-05-23,Soja,2025-05-23,269.57,269.57
Precio Hecho,2025-05-12,Soja,2025-05-12,275.315,275.315
Precio Hecho,2025-05-15,Soja,2025-05-15,269.255,269.255
Precio a Fijar,2025-05-26,Soja,2025-05-31,269.98,
Precio Hecho,2025-05-26,Trigo,2025-06-25,198.235,196.83666666666667
Precio Hecho,2025-05-26,Soja,2025-05-26,269.98,269.98
Precio a Fijar,2025-05-26,Soja,2025-05-28,269.98,267.24
Precio a Fijar,2025-05-26,Maiz,2025-06-25,181.1,170.19
Precio a Fijar,2025-05-26,Soja,2025-06-25,269.98,268.685
Precio a Fijar,2025-05-26,Maiz,2025-06-30,181.1,168.39333333333332
Precio a Fijar,2024-10-10,Soja,2025-04-30,306.44,251.94
Precio Hecho,2025-05-22,Maiz,2025-06-22,184.235,
Precio Hecho,2025-05-26,Soja,2025-06-27,269.98,271.44500000000005
Precio a Fijar,2025-05-26,Soja,2025-05-29,269.98,267.955
Precio Hecho,2025-05-26,Maiz,2025-06-02,181.1,173.66
Precio a Fijar,2025-05-08,Maiz,2025-05-31,183.12,
Precio a Fijar,2024-10-10,Soja,2025-04-30,306.44,251.94
Precio a Fijar,2025-05-26,Soja,2025-05-29,269.98,267.955
Precio Hecho,2025-05-26,Trigo,2025-06-25,198.235,196.83666666666667
Precio Hecho,2025-05-26,Soja,2025-05-26,269.98,269.98
Precio Hecho,2025-05-26,Soja,2025-05-26,269.98,269.98
Precio Hecho,2025-05-26,Soja,2025-05-26,269.98,269.98
Precio a Fijar,2025-05-26,Soja,2025-05-29,269.98,267.955
Precio Hecho,2025-05-26,Soja,2025-05-26,269.98,269.98
Precio Hecho,2025-05-26,Soja,2025-05-26,269.98,269.98
Precio Hecho,2025-05-23,Soja,2025-05-26,269.57,269.98
Precio Hecho,2025-05-26,Trigo,2025-05-26,198.235,198.235
Precio Hecho,2025-05-26,Soja,2025-05-26,269.98,269.98
Precio Hecho,2025-05-26,Soja,2025-05-26,269.98,269.98
Precio Hecho,2025-05-26,Soja,2025-05-26,269.98,269.98
Precio Hecho,2025-05-26,Soja,2025-05-26,269.98,269.98
Precio Hecho,2025-05-26,Soja,2025-05-26,269.98,269.98
Precio Hecho,2025-05-26,Soja,2025-05-26,269.98,269.98
Precio a Fijar,2025-05-26,Soja,2025-05-31,269.98,
Precio Hecho,2025-05-26,Soja,2025-05-26,269.98,269.98
Precio Hecho,2025-05-26,Trigo,2025-05-26,198.235,198.235
Precio a Fijar,2025-05-26,Soja,2025-05-31,269.98,
Precio Hecho,2025-05-26,Soja,2025-05-26,269.98,269.98
Precio Hecho,2025-05-26,Soja,2025-05-26,269.98,269.98
Precio a Fijar,2025-05-26,Soja,2025-05-31,269.98,
Precio Hecho,2025-05-26,Soja,2025-05-26,269.98,269.98
Precio Hecho,2025-05-26,Soja,2025-05-26,269.98,269.98
Precio a Fijar,2025-05-26,Soja,2025-05-31,269.98,
Precio Hecho,2025-05-26,Soja,2025-05-26,269.98,269.98
Precio Hecho,2025-05-21,ACEITE SOJA,2025-05-30,,
Precio Hecho,2025-05-26,Soja,2025-05-26,269.98,269.98
Precio Hecho,2025-05-26,Soja,2025-05-26,269.98,269.98
Precio Hecho,2025-05-16,ACEITE SOJA,2025-05-30,,
Precio a Fijar,2025-05-26,Soja,2025-05-31,269.98,
Precio Hecho,2025-05-26,Soja,2025-06-09,269.98,271.79
Precio Hecho,2025-05-10,ACEITE SOJA,2025-05-30,,
Precio Hecho,2025-05-26,Soja,2025-05-26,269.98,269.98
Precio a Fijar,2025-05-26,Soja,2025-06-26,269.98,270.24666666666667
Precio a Fijar,2025-05-26,Maiz,2025-05-31,181.1,
Precio Hecho,2025-05-06,ACEITE SOJA,2025-05-30,,
Precio a Fijar,2025-05-26,Soja,2025-05-31,269.98,
Precio Hecho,2025-05-26,Soja,2025-05-26,269.98,269.98
Precio Hecho,2025-05-26,Soja,2025-05-26,269.98,269.98
Precio a Fijar,2025-05-26,Soja,2025-05-31,269.98,
Precio Hecho,2025-05-26,Soja,2025-05-26,269.98,269.98
Precio Hecho,2025-05-26,Soja,2025-05-26,269.98,269.98
Precio Hecho,2025-05-19,Soja,2025-05-19,273.06,273.06
Precio Hecho,2025-05-26,Soja,2025-05-26,269.98,269.98
Precio Hecho,2025-05-26,Soja,2025-05-26,269.98,269.98
Precio Hecho,2025-05-26,Soja,2025-05-26,269.98,269.98
Precio a Fijar,2025-05-26,Maiz,2025-06-25,181.1,170.19
Precio Hecho,2025-05-26,Soja,2025-05-26,269.98,269.98
Precio a Fijar,2025-05-03,Maiz,2025-05-07,,186.27666666666667
Precio a Fijar,2025-05-20,Maiz,2025-05-26,183.815,181.1
Precio a Fijar,2024-12-19,Maiz,2025-04-30,180.10500000000002,194.185
Precio a Fijar,2025-02-03,Soja,2025-03-03,298.79,
Precio a Fijar,2025-05-19,Soja,2025-06-19,273.06,274.87
Precio Hecho,2025-05-26,Maiz,2025-05-31,181.1,
Precio a Fijar,2025-05-26,Soja,2025-05-26,269.98,269.98
Precio a Fijar,2024-10-10,Soja,2025-04-30,306.44,251.94
Precio Hecho,2025-05-26,Soja,2025-05-26,269.98,269.98
Precio Hecho,2025-05-26,Maiz,2025-05-31,181.1,
Precio Hecho,2025-05-26,Soja,2025-05-26,269.98,269.98
Precio Hecho,2025-05-26,Soja,2025-05-26,269.98,269.98
Precio Hecho,2025-05-26,Maiz,2025-06-30,181.1,168.39333333333332
Precio Hecho,2025-05-26,Soja,2026-05-26,269.98,
Precio Hecho,2025-05-26,Soja,2025-05-26,269.98,269.98
Precio Hecho,2025-05-26,Soja,2025-05-26,269.98,269.98
Precio Hecho,2025-05-26,Soja,2025-06-05,269.98,
Precio Hecho,2025-05-26,Soja,2025-05-26,269.98,269.98
Precio a Fijar,2025-02-10,Maiz,2025-03-10,208.23,195.825
Precio Hecho,2025-05-26,Soja,2026-05-26,269.98,
Precio a Fijar,2025-02-17,Soja,2025-04-30,311.54,251.94
Precio Hecho,2025-05-26,Soja,2025-05-26,269.98,269.98
Precio a Fijar,2025-05-26,Maiz,2025-09-30,181.1,178.83
Precio Hecho,2025-05-26,Soja,2025-05-26,269.98,269.98
Precio Hecho,2025-05-23,Trigo,2025-12-31,198.5,
Precio a Fijar,2024-07-17,Maiz,2024-07-31,170.71,166.66666666666666
Precio a Fijar,2024-07-17,Maiz,2024-07-31,170.71,166.66666666666666
Precio Hecho,2025-05-26,Soja,2025-05-26,269.98,269.98
Precio Hecho,2025-05-26,Maiz,2025-05-28,181.1,181.03
Precio Hecho,2025-05-26,Soja,2025-05-26,269.98,269.98
Precio Hecho,2025-05-26,Trigo,2025-06-02,198.235,196.285
Precio Hecho,2025-05-26,Soja,2025-05-26,269.98,269.98
Precio Hecho,2025-05-26,Maiz,2025-05-26,181.1,181.1
Precio Hecho,2025-05-16,Soja,2025-05-16,270.32,270.32
Precio Hecho,2025-05-26,Soja,2025-06-26,269.98,270.24666666666667
Precio Hecho,2025-05-26,Maiz,2025-05-26,181.1,181.1
Precio Hecho,2025-05-26,Trigo,2025-06-30,198.235,198.26
Precio Hecho,2025-05-26,Maiz,2025-05-26,181.1,181.1
Precio Hecho,2025-05-26,Soja,2025-06-26,269.98,270.24666666666667
Precio Hecho,2025-05-16,Soja,2025-05-16,270.32,270.32
Precio Hecho,2025-05-26,Trigo,2025-06-30,198.235,198.26
Precio Hecho,2025-05-26,Trigo,2025-06-25,198.235,196.83666666666667
Precio a Fijar,2025-05-21,Soja,2025-07-31,273.605,
Precio Hecho,2025-05-26,Trigo,2025-06-25,198.235,196.83666666666667
Precio Hecho,2025-05-26,Trigo,2025-05-26,198.235,198.235
Precio a Fijar,2025-04-21,Soja,2025-07-31,273.08,
Precio Hecho,2025-05-26,Soja,2025-05-26,269.98,269.98
Precio Hecho,2025-05-26,Trigo,2025-06-25,198.235,196.83666666666667
Precio Hecho,2025-05-26,Trigo,2025-06-26,198.235,195.84333333333333
Precio a Fijar,2025-05-26,Girasol,2025-05-31,322.44,
Precio Hecho,2025-05-26,Soja,2025-05-26,269.98,269.98
Precio Hecho,2025-05-16,Maiz,2025-05-16,184.035,184.035
Precio a Fijar,2025-05-26,Soja,2025-06-25,269.98,268.685
Precio a Fijar,2025-05-26,Soja,2025-06-25,269.98,268.685
Precio a Fijar,2025-05-26,Maiz,2025-06-20,181.1,
Precio a Fijar,2025-05-26,Maiz,2025-06-25,181.1,170.19
Precio a Fijar,2025-05-26,Maiz,2025-06-25,181.1,170.19
Precio Hecho,2025-05-26,Trigo,2025-06-26,198.235,195.84333333333333
Precio Hecho,2025-05-23,Trigo,2025-06-02,198.5,196.285
Precio a Fijar,2025-05-23,Soja,2025-05-23,269.57,269.57
Precio a Fijar,2025-05-23,Soja,2025-05-23,269.57,269.57
Precio Hecho,2025-05-26,Maiz,2025-05-26,181.1,181.1
Precio a Fijar,2025-05-23,Soja,2025-05-23,269.57,269.57
Precio a Fijar,2025-05-23,Soja,2025-05-23,269.57,269.57
Precio Hecho,2025-05-26,Trigo,2025-06-02,198.235,196.285
Precio a Fijar,2025-05-14,Soja,2025-05-28,271.12,267.24
Precio Hecho,2025-05-26,Soja,2025-05-26,269.98,269.98
Precio a Fijar,2025-04-23,Soja,2026-03-31,,
Precio a Fijar,2025-05-23,Soja,2025-05-23,269.57,269.57
Precio a Fijar,2025-05-23,Soja,2025-05-23,269.57,269.57
Precio a Fijar,2025-04-23,Soja,2026-03-31,,
Precio a Fijar,2025-05-22,Maiz,2025-05-22,184.235,184.235
Precio Hecho,2025-05-26,Soja,2025-05-26,269.98,269.98
Precio Hecho,2025-05-22,Maiz,2025-05-22,184.235,184.235
Precio Hecho,2025-05-26,Soja,2025-05-26,269.98,269.98
Precio Hecho,2025-05-26,Soja,2025-05-26,269.98,269.98
Precio a Fijar,2025-04-07,Trigo,2025-04-25,218.45,204.75
Precio Hecho,2025-05-26,Soja,2025-05-26,269.98,269.98
Precio Hecho,2025-05-26,Soja,2025-05-26,269.98,269.98
Precio Hecho,2025-05-26,Soja,2025-05-26,269.98,269.98
Precio Hecho,2025-05-26,Soja,2025-05-26,269.98,269.98
Precio Hecho,2025-05-26,Soja,2025-05-26,269.98,269.98
Precio Hecho,2025-05-26,Soja,2025-05-26,269.98,269.98
Precio Hecho,2025-05-26,Soja,2025-05-26,269.98,269.98
Precio Hecho,2025-05-26,Soja,2025-05-26,269.98,269.98
Precio Hecho,2025-05-26,Soja,2025-05-26,269.98,269.98
Precio Hecho,2025-05-05,Soja,2025-05-26,257.5,269.98
Precio Hecho,2025-05-26,Trigo,2025-05-26,198.235,198.235
Precio Hecho,2025-05-26,Trigo,2025-06-05,198.235,
Precio Hecho,2025-05-26,Trigo,2025-06-05,198.235,
Precio Hecho,2025-05-26,Trigo,2025-06-05,198.235,
Precio Hecho,2025-05-26,Trigo,2025-06-05,198.235,
Precio Hecho,2025-05-26,Trigo,2025-06-05,198.235,
Precio Hecho,2025-05-26,Trigo,2025-06-05,198.235,
Precio Hecho,2025-05-26,Trigo,2025-06-05,198.235,
Precio a Fijar,2025-05-26,Maiz,2025-06-25,181.1,170.19
Precio Hecho,2025-05-26,Soja,2025-05-27,269.98,269.765
Precio a Fijar,2025-05-23,Maiz,2025-06-30,181.645,168.39333333333332
Precio a Fijar,2025-05-23,Maiz,2025-07-31,181.645,
Precio a Fijar,2025-05-23,Maiz,2025-08-31,181.645,
Precio a Fijar,2025-05-23,Maiz,2025-09-30,181.645,178.83
Precio a Fijar,2025-05-23,Maiz,2025-10-31,181.645,177.10666666666665
Precio a Fijar,2025-05-23,Maiz,2025-11-30,181.645,
Precio a Fijar,2025-05-23,Maiz,2025-12-31,181.645,
Precio a Fijar,2025-05-23,Maiz,2025-06-30,181.645,168.39333333333332
Precio a Fijar,2025-05-23,Maiz,2025-07-31,181.645,
Precio a Fijar,2025-05-23,Maiz,2025-08-31,181.645,
Precio a Fijar,2025-05-23,Maiz,2025-09-30,181.645,178.83
Precio Hecho,2025-05-26,Trigo,2025-06-02,198.235,196.285
Precio Hecho,2025-05-26,Girasol,2025-05-26,322.44,322.44
Precio Hecho,2025-05-26,Trigo,2025-06-26,198.235,195.84333333333333
Precio a Fijar,2025-05-26,Soja,2025-05-31,269.98,
Precio a Fijar,2025-04-30,Maiz,2025-05-15,194.185,183.48000000000002
Precio a Fijar,2025-03-25,Maiz,2025-04-30,195.01,194.185
Precio a Fijar,2025-03-20,Maiz,2025-03-31,196.35,202.515
Precio Hecho,2025-05-26,Soja,2025-05-26,269.98,269.98
Precio a Fijar,2024-10-25,Soja,2024-10-31,292.51,306.37
Precio Hecho,2025-05-26,Soja,2025-05-26,269.98,269.98
Precio a Fijar,2025-04-16,Soja,2025-05-15,279.74,269.255
Precio a Fijar,2025-04-15,Soja,2025-05-15,275.0,269.255
Precio a Fijar,2024-11-28,Soja,2025-04-30,290.39,251.94
Precio Hecho,2025-05-23,Trigo,2025-05-30,198.5,198.48
Precio a Fijar,2024-10-25,Maiz,2024-10-31,182.15333333333334,179.64333333333332
Precio a Fijar,2025-05-26,Soja,2025-05-31,269.98,
Precio Hecho,2025-05-26,Soja,2025-06-25,269.98,268.685
Precio a Fijar,2025-04-21,Soja,2025-05-21,273.08,273.605
Precio a Fijar,2025-02-07,Girasol,2025-03-07,337.395,328.765
Precio Hecho,2025-05-26,Soja,2025-05-26,269.98,269.98
Precio Hecho,2025-05-26,Trigo,2025-05-28,198.235,198.28
Precio Hecho,2025-05-26,Soja,2025-05-26,269.98,269.98
Precio a Fijar,2025-05-23,Maiz,2025-10-31,181.645,177.10666666666665
Precio Hecho,2025-05-26,Soja,2025-05-26,269.98,269.98
Precio a Fijar,2025-05-23,Maiz,2025-07-31,181.645,
Precio Hecho,2025-05-26,Soja,2025-05-26,269.98,269.98
Precio Hecho,2025-05-26,Soja,2025-05-26,269.98,269.98
Precio Hecho,2025-05-26,Soja,2025-05-26,269.98,269.98
Precio Hecho,2025-05-26,Soja,2025-05-26,269.98,269.98
Precio Hecho,2025-05-26,Soja,2025-06-26,269.98,270.24666666666667
Precio Hecho,2025-05-26,Soja,2025-05-26,269.98,269.98
Precio Hecho,2025-05-26,Soja,2025-06-06,269.98,268.9733333333333
Precio a Fijar,2025-01-20,Soja,2025-04-30,277.11,251.94
Precio Hecho,2025-05-23,Trigo,2025-05-23,198.5,198.5
Precio Hecho,2025-05-26,Soja,2025-05-26,269.98,269.98
Precio Hecho,2025-05-23,Trigo,2025-05-23,198.5,198.5
Precio a Fijar,2025-05-26,Soja,2025-05-26,269.98,269.98
Precio Hecho,2025-05-26,Trigo,2025-05-27,198.235,197.66
Precio Hecho,2025-05-07,Maiz,2025-05-17,186.27666666666667,
Precio Hecho,2025-05-23,Trigo,2025-05-23,198.5,198.5
Precio a Fijar,2025-05-26,Soja,2025-05-26,269.98,269.98
Precio Hecho,2025-05-23,Trigo,2025-05-23,198.5,198.5
Precio Hecho,2025-05-26,Trigo,2025-05-26,198.235,198.235
Precio Hecho,2025-05-26,Trigo,2025-05-26,198.235,198.235
Precio Hecho,2025-05-26,Soja,2025-05-26,269.98,269.98
Precio Hecho,2025-05-26,Soja,2025-05-26,269.98,269.98
Precio Hecho,2025-05-26,Maiz,2025-06-26,181.1,170.67000000000002
Precio Hecho,2025-05-26,Trigo,2025-06-25,198.235,196.83666666666667
Precio Hecho,2025-05-26,Maiz,2025-05-26,181.1,181.1
Precio a Fijar,2025-04-01,Maiz,2025-04-30,201.44,194.185
Precio Hecho,2025-05-26,Soja,2025-06-26,269.98,270.24666666666667
Precio a Fijar,2025-03-05,Maiz,2025-04-04,199.04333333333332,199.35
Precio Hecho,2025-05-26,Soja,2025-06-26,269.98,270.24666666666667
Precio Hecho,2025-05-26,Soja,2025-06-26,269.98,270.24666666666667
Precio Hecho,2025-05-22,Soja,2025-06-22,274.77,
Precio Hecho,2025-05-23,Maiz,2025-06-22,181.645,
Precio Hecho,2025-05-23,Girasol,2025-06-22,347.15,
Precio Hecho,2025-05-23,Maiz,2025-07-15,181.645,171.65
Precio a Fijar,2025-05-23,Maiz,2025-06-22,181.645,
Precio a Fijar,2025-05-26,Maiz,2025-06-25,181.1,170.19
Precio a Fijar,2024-05-22,Soja,2024-05-22,317.875,317.875
Precio Hecho,2025-05-21,Trigo,2025-11-30,199.39,
Precio a Fijar,2025-05-07,Maiz,2025-05-15,186.27666666666667,183.48000000000002
Precio a Fijar,2024-12-27,Maiz,2025-05-31,185.17,
Precio a Fijar,2025-05-21,Soja,2025-06-20,273.605,
Precio a Fijar,2025-05-21,Maiz,2025-06-20,185.86,
Precio a Fijar,2025-05-19,Soja,2025-06-18,273.06,277.93333333333334
Precio a Fijar,2025-05-19,Soja,2025-06-18,273.06,277.93333333333334
Precio a Fijar,2025-05-17,Maiz,2025-05-31,,
Precio a Fijar,2025-05-12,Maiz,2025-05-25,181.32333333333335,
Precio a Fijar,2025-05-07,Maiz,2025-05-15,186.27666666666667,183.48000000000002
Precio a Fijar,2025-05-02,Soja,2025-06-01,,
Precio a Fijar,2025-04-28,Soja,2025-05-28,285.395,267.24
Precio a Fijar,2025-02-21,Soja,2025-04-30,311.1,251.94
Precio a Fijar,2025-02-12,Girasol,2025-03-14,348.24,313.615
Precio a Fijar,2025-01-22,Soja,2025-04-30,281.49,251.94
Precio a Fijar,2025-01-16,Maiz,2025-03-31,195.14000000000001,202.515
Precio a Fijar,2024-12-27,Maiz,2025-05-31,185.17,
Precio a Fijar,2024-12-27,Maiz,2025-04-15,185.17,197.92
Precio a Fijar,2024-12-27,Maiz,2025-04-30,185.17,194.185
Precio a Fijar,2024-12-27,Maiz,2025-04-30,185.17,194.185
Precio a Fijar,2024-07-25,Maiz,2025-03-31,,202.515
Precio Hecho,2025-04-30,Maiz,2025-06-30,194.185,168.39333333333332
Precio Hecho,2025-04-30,Maiz,2025-05-31,194.185,
Precio Hecho,2025-05-26,Soja,2025-05-26,269.98,269.98
Precio Hecho,2025-05-23,Soja,2025-06-22,269.57,
Precio Hecho,2025-05-23,Maiz,2025-06-22,181.645,
Precio Hecho,2025-05-20,Girasol,2025-06-20,320.745,
Precio a Fijar,2025-05-23,Soja,2025-06-22,269.57,
Precio Hecho,2025-05-22,Soja,2025-06-22,274.77,
Precio Hecho,2025-05-23,Soja,2025-06-23,269.57,272.84
Precio a Fijar,2025-05-26,Soja,2025-06-26,269.98,270.24666666666667
Precio a Fijar,2025-05-26,Soja,2025-06-16,269.98,
Precio Hecho,2025-05-26,Soja,2025-06-25,269.98,268.685
Precio Hecho,2025-05-26,ARROZ C.L.F,2025-05-26,,
Precio a Fijar,2024-09-26,Soja,2024-10-31,314.92,306.37
Precio a Fijar,2025-05-23,Soja,2025-06-22,269.57,
Precio a Fijar,2025-05-23,Maiz,2025-06-22,181.645,
Precio a Fijar,2025-05-23,Soja,2025-05-30,269.57,269.36
Precio a Fijar,2025-05-23,Soja,2025-06-22,269.57,
Precio a Fijar,2025-05-23,Soja,2025-06-22,269.57,
Precio a Fijar,2024-07-23,Trigo,2025-01-31,239.26333333333332,201.2025
Precio a Fijar,2025-05-23,Maiz,2025-06-22,181.645,
Precio a Fijar,2025-05-23,Maiz,2025-06-22,181.645,
Precio a Fijar,2025-05-23,Maiz,2025-06-22,181.645,
Precio a Fijar,2025-05-23,Maiz,2025-06-22,181.645,
Precio a Fijar,2025-05-21,Soja,2025-05-21,273.605,273.605
Precio a Fijar,2025-05-21,Soja,2025-05-21,273.605,273.605
Precio a Fijar,2025-05-21,Soja,2025-05-21,273.605,273.605
Precio a Fijar,2025-05-21,Soja,2025-05-21,273.605,273.605
Precio a Fijar,2025-05-20,Soja,2025-05-20,274.21,274.21
Precio Hecho,2025-05-26,Soja,2025-06-02,269.98,267.41999999999996
Precio a Fijar,2025-05-20,Soja,2025-05-20,274.21,274.21
Precio Hecho,2025-05-26,Soja,2025-06-05,269.98,
Precio Hecho,2025-05-26,Soja,2025-05-27,269.98,269.765
Precio Hecho,2025-05-26,Soja,2025-05-27,269.98,269.765
Precio Hecho,2025-05-26,ARROZ C.L.F,2025-05-26,,
Precio Hecho,2025-05-24,Soja,2025-05-24,,
Precio Hecho,2025-05-24,Soja,2025-05-24,,
Precio Hecho,2025-05-24,Soja,2025-05-24,,
Precio Hecho,2025-05-24,Trigo,2025-05-24,,
Precio Hecho,2025-05-24,Maiz,2025-05-24,,
Precio a Fijar,2025-02-13,Soja,2025-05-15,307.26,269.255
Precio a Fijar,2025-05-24,Maiz,2025-06-23,,170.595
Precio a Fijar,2025-05-09,Maiz,2025-05-20,180.39499999999998,183.815
Precio a Fijar,2025-02-25,Soja,2025-04-30,310.88,251.94
Precio a Fijar,2025-01-30,Trigo,2025-02-28,200.26,
Precio Hecho,2025-06-03,ACEITE SOJA,2025-06-03,,
Precio Hecho,2025-06-03,Soja,2025-06-03,267.7733333333333,267.7733333333333
Precio Hecho,2025-06-03,Maiz,2025-06-03,174.98000000000002,174.98000000000002
Precio Hecho,2025-06-03,Maiz,2025-06-03,174.98000000000002,174.98000000000002
Precio Hecho,2025-06-03,Trigo,2025-06-09,196.775,197.975
Precio a Fijar,2024-12-02,Soja,2025-05-31,286.42,
Precio a Fijar,2024-12-02,Soja,2025-04-30,286.42,251.94
Precio a Fijar,2024-12-02,Soja,2025-05-31,286.42,
Precio a Fijar,2024-12-02,Soja,2025-05-31,286.42,
Precio a Fijar,2025-06-02,Maiz,2025-07-02,173.66,167.17
Precio a Fijar,2025-06-02,Maiz,2025-06-30,173.66,168.39333333333332
Precio a Fijar,2025-06-02,Maiz,2025-07-02,173.66,167.17
Precio a Fijar,2025-05-28,Maiz,2025-06-28,181.03,
Precio a Fijar,2025-05-28,Maiz,2025-06-28,181.03,
Precio a Fijar,2025-05-23,Maiz,2025-06-23,181.645,170.595
Precio a Fijar,2025-06-03,Maiz,2026-05-31,174.98000000000002,
Precio Hecho,2025-06-03,Soja,2025-06-03,267.7733333333333,267.7733333333333
Precio a Fijar,2025-05-21,Soja,2025-06-15,273.605,
Precio a Fijar,2025-01-28,Maiz,2025-04-30,204.57,194.185
Precio a Fijar,2025-01-23,Soja,2025-02-23,281.83,
Precio a Fijar,2025-06-03,Soja,2025-07-03,267.7733333333333,255.89
Precio a Fijar,2024-10-23,Soja,2025-05-31,317.1,
Precio Hecho,2025-05-30,Soja,2025-09-30,269.36,346.1366666666666
Precio a Fijar,2025-02-17,Soja,2025-04-30,311.54,251.94
Precio a Fijar,2025-01-07,Trigo,2025-03-31,185.6925,218.81
Precio a Fijar,2025-06-03,Soja,2025-07-03,267.7733333333333,255.89
Precio a Fijar,2025-06-03,Soja,2025-07-03,267.7733333333333,255.89
Precio a Fijar,2025-06-03,Maiz,2025-07-02,174.98000000000002,167.17
Precio a Fijar,2025-06-03,Soja,2025-06-06,267.7733333333333,268.9733333333333
Precio a Fijar,2025-06-03,Maiz,2025-07-03,174.98000000000002,169.35
Precio a Fijar,2025-06-03,Soja,2025-07-03,267.7733333333333,255.89
Precio Hecho,2025-06-03,Soja,2025-06-03,267.7733333333333,267.7733333333333
Precio a Fijar,2025-05-30,Maiz,2025-06-03,175.93,174.98000000000002
Precio a Fijar,2025-03-10,Soja,2025-03-20,308.16,306.69
Precio a Fijar,2025-02-11,Soja,2025-02-20,307.62,313.28
Precio a Fijar,2025-01-28,Soja,2025-02-10,294.96,304.78
Precio a Fijar,2025-01-08,Soja,2025-01-22,277.76,281.49
Precio a Fijar,2024-08-29,Maiz,2024-09-15,174.85,
Precio a Fijar,2024-07-01,Soja,2024-07-31,,285.05
Precio a Fijar,2025-01-09,Soja,2025-02-09,,
Precio a Fijar,2025-04-15,Soja,2025-05-15,275.0,269.255
Precio Hecho,2025-06-03,Soja,2025-06-03,267.7733333333333,267.7733333333333
Precio Hecho,2025-06-02,Trigo,2025-07-01,196.285,197.465
Precio a Fijar,2025-04-21,Soja,2025-04-26,273.08,
Precio Hecho,2025-06-02,Soja,2025-07-02,267.41999999999996,256.31
Precio Hecho,2025-06-02,Trigo,2025-07-01,196.285,197.465
Precio a Fijar,2025-02-07,Girasol,2025-03-07,337.395,328.765
Precio Hecho,2025-06-03,Soja,2025-06-03,267.7733333333333,267.7733333333333
Precio a Fijar,2025-05-15,Maiz,2025-06-14,183.48000000000002,
Precio Hecho,2025-06-03,Trigo,2025-06-10,196.775,164.4275
Precio a Fijar,2024-11-08,Trigo,2024-11-08,188.065,188.065
Precio Hecho,2025-06-03,Soja,2025-06-03,267.7733333333333,267.7733333333333
Precio Hecho,2025-06-03,Soja,2025-06-03,267.7733333333333,267.7733333333333
Precio Hecho,2025-06-03,Soja,2025-06-03,267.7733333333333,267.7733333333333
Precio Hecho,2025-06-03,Trigo,2025-06-10,196.775,164.4275
Precio a Fijar,2025-06-02,Soja,2025-06-15,267.41999999999996,
Precio a Fijar,2025-06-02,Soja,2025-06-15,267.41999999999996,
Precio a Fijar,2024-12-11,Soja,2025-05-31,,
Precio a Fijar,2024-12-11,Soja,2025-05-31,,
Precio a Fijar,2025-01-29,Maiz,2025-03-31,208.11333333333334,202.515
Precio Hecho,2025-05-30,CEBADA CERV.,2025-06-30,,
Precio Hecho,2025-05-30,CEBADA FORR.,2025-06-30,,
Precio a Fijar,2025-03-20,Maiz,2025-05-31,196.35,
Precio Hecho,2025-06-03,Soja,2025-06-03,267.7733333333333,267.7733333333333
Precio Hecho,2025-06-03,Soja,2025-06-23,267.7733333333333,272.84
Precio Hecho,2025-06-03,Soja,2025-06-19,267.7733333333333,274.87
Precio a Fijar,2025-05-20,Maiz,2025-06-19,183.815,172.12
Precio Hecho,2025-06-03,Soja,2025-06-19,267.7733333333333,274.87
Precio a Fijar,2025-05-15,Maiz,2025-06-14,183.48000000000002,
Precio Hecho,2025-06-03,Soja,2025-06-18,267.7733333333333,277.93333333333334
Precio Hecho,2025-06-03,Trigo,2025-06-10,196.775,164.4275
Precio a Fijar,2024-12-26,Maiz,2025-05-31,185.53,
Precio Hecho,2025-06-03,Trigo,2025-06-03,196.775,196.775
Precio Hecho,2025-06-03,Soja,2025-06-10,267.7733333333333,239.8
Precio a Fijar,2025-01-20,Soja,2025-04-30,277.11,251.94
Precio Hecho,2025-06-03,Soja,2025-06-18,267.7733333333333,277.93333333333334
Precio Hecho,2025-06-03,Soja,2025-06-10,267.7733333333333,239.8
Precio Hecho,2025-06-03,Soja,2025-06-17,267.7733333333333,278.82666666666665
Precio Hecho,2025-06-03,Maiz,2025-06-10,174.98000000000002,171.08666666666667
Precio Hecho,2025-06-03,Trigo,2025-06-09,196.775,197.975
Precio a Fijar,2025-04-24,Trigo,2025-05-30,194.615,198.48
Precio a Fijar,2025-01-20,Soja,2025-04-30,277.11,251.94
Precio Hecho,2025-06-03,Maiz,2025-06-18,174.98000000000002,171.97500000000002
Precio Hecho,2025-06-03,Maiz,2025-06-10,174.98000000000002,171.08666666666667
Precio Hecho,2025-06-03,Maiz,2025-06-10,174.98000000000002,171.08666666666667
Precio Hecho,2025-06-03,Soja,2025-06-04,267.7733333333333,
Precio Hecho,2025-06-03,Maiz,2025-06-10,174.98000000000002,171.08666666666667
Precio Hecho,2025-06-03,Soja,2025-07-15,267.7733333333333,261.9
Precio a Fijar,2025-06-02,Soja,2025-07-02,267.41999999999996,256.31
Precio a Fijar,2025-06-02,Soja,2025-07-02,267.41999999999996,256.31
Precio a Fijar,2025-05-29,Soja,2025-06-28,267.955,
Precio a Fijar,2025-05-29,Soja,2025-06-28,267.955,
Precio a Fijar,2025-05-28,Soja,2025-06-26,267.24,270.24666666666667
Precio a Fijar,2025-05-28,Soja,2025-06-26,267.24,270.24666666666667
Precio a Fijar,2025-05-23,Soja,2025-06-22,269.57,
Precio a Fijar,2025-05-23,Maiz,2025-06-21,181.645,
Precio a Fijar,2025-05-21,Soja,2025-06-15,273.605,
Precio a Fijar,2025-05-21,Soja,2025-06-20,273.605,
Precio a Fijar,2025-05-20,Soja,2025-06-19,274.21,274.87
Precio a Fijar,2025-05-20,Soja,2025-06-19,274.21,274.87
Precio a Fijar,2025-05-20,Soja,2025-06-19,274.21,274.87
Precio a Fijar,2025-05-19,Soja,2025-06-18,273.06,277.93333333333334
Precio a Fijar,2025-05-19,Soja,2025-06-10,273.06,239.8
Precio a Fijar,2025-05-16,Soja,2025-06-15,270.32,
Precio a Fijar,2025-05-13,Soja,2025-06-12,272.245,273.08000000000004
Precio a Fijar,2025-05-08,Maiz,2025-06-06,183.12,172.06333333333336
Precio a Fijar,2025-05-07,Soja,2025-06-06,268.21000000000004,268.9733333333333
Precio a Fijar,2025-04-29,Soja,2025-05-29,259.605,267.955
Precio a Fijar,2025-04-29,Soja,2025-05-29,259.605,267.955
Precio a Fijar,2025-04-28,Soja,2025-05-28,285.395,267.24
Precio a Fijar,2025-04-28,Soja,2025-05-27,285.395,269.765
Precio a Fijar,2025-04-25,Soja,2025-05-31,266.495,
Precio a Fijar,2025-04-22,Soja,2025-05-22,275.82,274.77
Precio a Fijar,2025-04-21,Soja,2025-05-21,273.08,273.605
Precio a Fijar,2025-04-16,Soja,2025-05-31,279.74,
Precio a Fijar,2025-04-16,Soja,2025-05-15,279.74,269.255
Precio a Fijar,2025-04-14,Soja,2025-05-14,275.46,271.12
Precio a Fijar,2025-02-06,Soja,2025-03-08,303.39,
Precio a Fijar,2025-01-16,Maiz,2025-04-30,195.14000000000001,194.185
Precio a Fijar,2024-12-30,Maiz,2025-04-30,185.08,194.185
Precio a Fijar,2024-12-30,Maiz,2025-05-31,185.08,
Precio a Fijar,2024-12-27,Maiz,2025-04-30,185.17,194.185
Precio a Fijar,2024-12-27,Maiz,2025-04-15,185.17,197.92
Precio a Fijar,2024-12-27,Maiz,2025-04-30,185.17,194.185
Precio a Fijar,2024-12-27,Maiz,2025-05-31,185.17,
Precio a Fijar,2024-12-06,Soja,2025-01-04,291.97,
Precio a Fijar,2024-12-03,Soja,2025-01-01,291.36,
Precio a Fijar,2024-11-27,Soja,2025-05-31,292.51,
Precio a Fijar,2024-11-19,Soja,2025-04-30,299.1,251.94
Precio a Fijar,2024-10-04,Soja,2025-05-31,318.11,
Precio a Fijar,2024-09-16,Maiz,2024-10-16,173.87666666666667,
Precio a Fijar,2024-06-25,Soja,2024-07-24,304.0333333333333,312.5
Precio a Fijar,2024-05-21,Soja,2025-05-31,,
Precio a Fijar,2024-05-20,Soja,2024-06-16,311.76,
Precio a Fijar,2023-04-29,Soja,2023-05-29,,
Precio a Fijar,2025-06-03,Maiz,2025-07-03,174.98000000000002,169.35
Precio a Fijar,2025-06-03,Trigo,2025-11-30,196.775,
Precio a Fijar,2025-06-03,Maiz,2025-07-03,174.98000000000002,169.35
Precio Hecho,2025-06-03,Soja,2025-06-03,267.7733333333333,267.7733333333333
Precio Hecho,2025-06-03,Soja,2025-06-03,267.7733333333333,267.7733333333333
Precio Hecho,2025-06-03,Soja,2025-06-03,267.7733333333333,267.7733333333333
Precio a Fijar,2025-06-03,Soja,2025-06-30,267.7733333333333,269.66999999999996
Precio Hecho,2025-06-02,Maiz,2025-07-02,173.66,167.17
Precio Hecho,2025-06-02,Maiz,2025-07-02,173.66,167.17
Precio Hecho,2025-06-02,Maiz,2025-07-02,173.66,167.17
Precio a Fijar,2025-06-02,Maiz,2025-07-02,173.66,167.17
Precio Hecho,2025-05-28,Soja,2025-06-28,267.24,
Precio Hecho,2025-06-02,Trigo,2025-07-02,196.285,197.51999999999998
Precio Hecho,2025-06-03,Maiz,2025-07-03,174.98000000000002,169.35
Precio a Fijar,2025-06-03,Maiz,2025-07-03,174.98000000000002,169.35
Precio Hecho,2025-06-02,Trigo,2025-07-02,196.285,197.51999999999998
Precio Hecho,2025-06-02,Soja,2025-07-02,267.41999999999996,256.31
Precio Hecho,2025-06-02,Soja,2025-07-02,267.41999999999996,256.31
Precio Hecho,2025-06-02,Girasol,2025-07-02,322.95500000000004,297.8
Precio a Fijar,2024-10-15,Soja,2025-04-30,,251.94
Precio a Fijar,2025-06-02,Soja,2025-07-02,267.41999999999996,256.31
Precio Hecho,2025-06-02,Maiz,2025-06-11,173.66,173.77
Precio a Fijar,2025-06-02,Soja,2025-07-02,267.41999999999996,256.31
Precio Hecho,2025-06-02,Maiz,2025-07-02,173.66,167.17
Precio Hecho,2025-06-02,Maiz,2025-07-02,173.66,167.17
Precio Hecho,2025-06-02,Maiz,2025-07-02,173.66,167.17
Precio a Fijar,2025-06-02,Maiz,2025-07-02,173.66,167.17
Precio a Fijar,2025-06-02,Maiz,2025-07-02,173.66,167.17
Precio Hecho,2025-05-27,Maiz,2025-05-31,182.35,
Precio Hecho,2025-06-03,Soja,2025-06-03,267.7733333333333,267.7733333333333
Precio Hecho,2025-06-02,Maiz,2025-07-02,173.66,167.17
Precio Hecho,2025-06-02,Maiz,2025-06-08,173.66,
Precio Hecho,2025-06-02,Maiz,2025-07-02,173.66,167.17
Precio Hecho,2025-06-02,Maiz,2025-06-10,173.66,171.08666666666667
Precio a Fijar,2025-06-02,Maiz,2025-07-02,173.66,167.17
Precio Hecho,2025-06-03,Soja,2025-06-03,267.7733333333333,267.7733333333333
Precio Hecho,2025-06-02,Soja,2025-06-02,267.41999999999996,267.41999999999996
Precio Hecho,2025-06-03,Soja,2025-06-13,267.7733333333333,276.65
Precio a Fijar,2025-06-03,Soja,2025-07-03,267.7733333333333,255.89
Precio a Fijar,2025-06-03,Soja,2025-06-30,267.7733333333333,269.66999999999996
Precio a Fijar,2025-06-03,Soja,2025-06-30,267.7733333333333,269.66999999999996
Precio a Fijar,2025-06-03,Maiz,2025-07-02,174.98000000000002,167.17
Precio Hecho,2025-06-03,Soja,2025-06-03,267.7733333333333,267.7733333333333
Precio Hecho,2025-06-03,Maiz,2025-06-30,174.98000000000002,168.39333333333332
Precio a Fijar,2025-06-03,Maiz,2025-07-02,174.98000000000002,167.17
Precio a Fijar,2024-10-17,Trigo,2025-10-31,205.3,189.79999999999998
Precio a Fijar,2025-06-03,Maiz,2025-06-15,174.98000000000002,
Precio a Fijar,2024-10-15,Soja,2025-04-30,,251.94
Precio Hecho,2025-06-03,Soja,2025-06-13,267.7733333333333,276.65
Precio a Fijar,2025-06-02,Soja,2025-07-02,267.41999999999996,256.31
Precio Hecho,2025-06-02,Soja,2025-07-31,267.41999999999996,
Precio Hecho,2025-06-03,Trigo,2025-07-03,196.775,196.16333333333333
Precio a Fijar,2025-06-02,Maiz,2025-07-01,173.66,166.12
Precio Hecho,2025-05-29,Soja,2025-05-29,267.955,267.955
Precio Hecho,2025-06-03,Soja,2025-06-03,267.7733333333333,267.7733333333333
Precio a Fijar,2025-04-11,Soja,2025-05-31,306.12,
Precio a Fijar,2025-06-03,Soja,2025-07-03,267.7733333333333,255.89
Precio Hecho,2025-06-02,Maiz,2025-06-06,173.66,172.06333333333336
Precio Hecho,2025-06-03,Trigo,2025-06-09,196.775,197.975
Precio a Fijar,2024-12-26,Soja,2025-04-15,277.8,275.0
Precio a Fijar,2025-06-02,Soja,2025-07-02,267.41999999999996,256.31
Precio a Fijar,2025-06-02,Soja,2025-07-02,267.41999999999996,256.31
Precio a Fijar,2025-06-02,Soja,2025-07-02,267.41999999999996,256.31
Precio a Fijar,2025-06-02,Soja,2025-07-02,267.41999999999996,256.31
Precio Hecho,2025-06-02,Soja,2025-06-06,267.41999999999996,268.9733333333333
Precio Hecho,2025-06-02,Soja,2025-06-06,267.41999999999996,268.9733333333333
Precio Hecho,2025-06-02,Soja,2025-06-06,267.41999999999996,268.9733333333333
Precio a Fijar,2025-06-02,Soja,2025-06-13,267.41999999999996,276.65
Precio a Fijar,2025-06-02,Maiz,2025-06-13,173.66,173.765
Precio a Fijar,2025-06-02,Soja,2025-07-02,267.41999999999996,256.31
Precio a Fijar,2025-06-02,Soja,2025-07-02,267.41999999999996,256.31
Precio a Fijar,2025-06-02,Trigo,2025-12-15,196.285,
Precio a Fijar,2025-06-02,Soja,2025-07-02,267.41999999999996,256.31
Precio a Fijar,2025-06-02,Soja,2025-07-02,267.41999999999996,256.31
Precio a Fijar,2025-06-02,Maiz,2025-06-30,173.66,168.39333333333332
Precio a Fijar,2025-06-02,Maiz,2025-06-29,173.66,
Precio a Fijar,2025-06-02,Soja,2025-06-30,267.41999999999996,269.66999999999996
Precio a Fijar,2025-05-20,Soja,2025-06-20,274.21,
Precio a Fijar,2025-05-19,Soja,2025-06-19,273.06,274.87
Precio a Fijar,2025-05-19,Soja,2025-06-19,273.06,274.87
Precio a Fijar,2025-04-29,Soja,2025-05-31,259.605,
Precio a Fijar,2025-04-09,Soja,2025-05-09,300.77,272.855
Precio a Fijar,2025-03-14,Soja,2025-05-15,299.49,269.255
Precio a Fijar,2025-03-14,Soja,2025-05-15,299.49,269.255
Precio a Fijar,2025-03-14,Soja,2025-03-14,299.49,299.49
Precio a Fijar,2025-03-11,Soja,2025-05-15,,269.255
Precio a Fijar,2025-03-11,Soja,2025-04-30,,251.94
Precio a Fijar,2025-03-11,Soja,2025-04-30,,251.94
Precio a Fijar,2025-02-25,Soja,2025-03-10,310.88,308.16
Precio a Fijar,2024-12-26,Soja,2025-04-30,277.8,251.94
Precio a Fijar,2025-01-17,Soja,2025-05-31,277.78,
Precio a Fijar,2025-02-06,Soja,2025-02-28,303.39,
Precio a Fijar,2025-01-29,Soja,2025-05-15,299.57,269.255
Precio a Fijar,2025-01-29,Soja,2025-05-15,299.57,269.255
Precio a Fijar,2024-12-27,Soja,2025-01-27,276.3,
Precio a Fijar,2025-06-02,Soja,2025-07-02,267.41999999999996,256.31
Precio a Fijar,2025-06-02,Soja,2025-07-02,267.41999999999996,256.31
Precio a Fijar,2025-06-02,Soja,2025-07-02,267.41999999999996,256.31
Precio a Fijar,2025-06-02,Soja,2025-07-02,267.41999999999996,256.31
Precio a Fijar,2025-06-02,Soja,2025-07-02,267.41999999999996,256.31
Precio a Fijar,2025-06-02,Soja,2025-07-02,267.41999999999996,256.31
Precio a Fijar,2025-06-02,Soja,2025-06-30,267.41999999999996,269.66999999999996
Precio a Fijar,2025-06-02,Soja,2025-06-29,267.41999999999996,
Precio a Fijar,2025-06-02,Soja,2025-06-29,267.41999999999996,
Precio a Fijar,2025-06-02,Soja,2025-07-02,267.41999999999996,256.31
Precio a Fijar,2025-06-02,Soja,2025-07-02,267.41999999999996,256.31
Precio Hecho,2025-06-02,Trigo,2025-06-07,196.285,
Precio a Fijar,2025-05-29,Soja,2025-05-29,267.955,267.955
Precio a Fijar,2025-05-29,Soja,2025-05-29,267.955,267.955
Precio a Fijar,2025-05-29,Soja,2025-05-29,267.955,267.955
Precio a Fijar,2025-05-29,Soja,2025-05-29,267.955,267.955
Precio Hecho,2025-06-02,Maiz,2025-07-02,173.66,167.17
Precio a Fijar,2025-05-31,Soja,2025-05-31,,
Precio Hecho,2025-06-02,Girasol,2025-06-02,322.95500000000004,322.95500000000004
Precio a Fijar,2025-06-02,Soja,2025-06-29,267.41999999999996,
Precio a Fijar,2025-06-02,Soja,2025-06-15,267.41999999999996,
Precio a Fijar,2025-06-02,Soja,2025-06-30,267.41999999999996,269.66999999999996
Precio a Fijar,2025-06-02,Soja,2025-07-02,267.41999999999996,256.31
Precio a Fijar,2025-06-02,Soja,2025-06-30,267.41999999999996,269.66999999999996
Precio a Fijar,2025-06-02,Soja,2025-06-29,267.41999999999996,
Precio a Fijar,2025-06-02,Soja,2025-06-29,267.41999999999996,
Precio a Fijar,2025-06-02,Soja,2025-07-02,267.41999999999996,256.31
Precio a Fijar,2025-03-19,Soja,2025-04-30,306.15,251.94
Precio a Fijar,2025-06-02,Soja,2025-06-29,267.41999999999996,
Precio a Fijar,2025-06-02,Soja,2025-06-29,267.41999999999996,
Precio a Fijar,2025-06-02,Soja,2025-06-15,267.41999999999996,
Precio a Fijar,2025-06-02,Soja,2025-06-30,267.41999999999996,269.66999999999996
Precio a Fijar,2025-06-02,Soja,2025-06-29,267.41999999999996,
Precio a Fijar,2025-06-02,Soja,2025-07-02,267.41999999999996,256.31
Precio a Fijar,2025-06-02,Soja,2025-06-30,267.41999999999996,269.66999999999996
Precio a Fijar,2025-06-02,Soja,2025-06-15,267.41999999999996,
Precio a Fijar,2025-06-02,Soja,2025-06-29,267.41999999999996,
Precio a Fijar,2025-06-02,Soja,2025-06-02,267.41999999999996,267.41999999999996
Precio Hecho,2025-06-02,Maiz,2025-06-02,173.66,173.66
Precio Hecho,2025-06-02,Maiz,2025-06-02,173.66,173.66
Precio Hecho,2025-06-02,Trigo,2025-06-02,196.285,196.285
Precio Hecho,2025-06-02,Soja,2025-06-12,267.41999999999996,273.08000000000004
Precio a Fijar,2025-02-25,Soja,2025-04-30,310.88,251.94
Precio a Fijar,2025-01-29,Soja,2025-02-28,299.57,
Precio Hecho,2025-06-02,Trigo,2025-07-02,196.285,197.51999999999998
Precio Hecho,2025-05-30,Trigo,2025-06-29,198.48,
Precio Hecho,2025-06-02,Soja,2025-06-07,267.41999999999996,
Precio Hecho,2025-06-02,Trigo,2025-06-02,196.285,196.285
Precio Hecho,2025-06-02,Trigo,2025-06-02,196.285,196.285
Precio Hecho,2025-06-02,Trigo,2025-06-07,196.285,
Precio Hecho,2025-06-02,Trigo,2025-06-02,196.285,196.285
Precio Hecho,2025-06-02,Trigo,2025-06-02,196.285,196.285
Precio a Fijar,2025-03-18,Soja,2025-04-30,304.02,251.94
Precio a Fijar,2025-05-30,Soja,2025-06-30,269.36,269.66999999999996
Precio a Fijar,2025-05-30,Soja,2025-06-30,269.36,269.66999999999996
Precio a Fijar,2025-05-30,Soja,2025-06-30,269.36,269.66999999999996
Precio a Fijar,2025-06-02,Soja,2025-06-29,267.41999999999996,
Precio a Fijar,2025-06-02,Maiz,2025-07-02,173.66,167.17
Precio a Fijar,2025-06-02,Maiz,2025-06-15,173.66,
Precio a Fijar,2025-06-02,Soja,2025-06-29,267.41999999999996,
Precio a Fijar,2025-06-02,Soja,2025-06-15,267.41999999999996,
Precio a Fijar,2025-06-02,Soja,2025-06-30,267.41999999999996,269.66999999999996
Precio a Fijar,2025-06-02,Soja,2025-06-15,267.41999999999996,
Precio a Fijar,2025-06-02,Soja,2025-06-29,267.41999999999996,
Precio Hecho,2025-06-02,Soja,2025-06-02,267.41999999999996,267.41999999999996
Precio a Fijar,2025-05-09,Maiz,2025-07-31,180.39499999999998,
Precio Hecho,2025-06-02,Soja,2025-07-02,267.41999999999996,256.31
Precio Hecho,2025-06-02,Maiz,2025-07-02,173.66,167.17
Precio Hecho,2025-06-02,Maiz,2025-07-02,173.66,167.17
Precio Hecho,2025-06-02,Maiz,2025-06-06,173.66,172.06333333333336
Precio Hecho,2025-06-02,Soja,2025-06-02,267.41999999999996,267.41999999999996
Precio Hecho,2025-06-02,Maiz,2025-07-02,173.66,167.17
Precio a Fijar,2025-06-02,Soja,2025-06-15,267.41999999999996,
Precio Hecho,2025-06-02,Soja,2025-07-02,267.41999999999996,256.31
Precio Hecho,2025-06-02,Soja,2025-06-02,267.41999999999996,267.41999999999996
Precio a Fijar,2025-02-12,Soja,2025-05-31,302.82,
Precio a Fijar,2025-03-17,Soja,2025-12-31,300.42,
Precio a Fijar,2025-06-02,Maiz,2026-03-31,173.66,
Precio Hecho,2025-06-02,Maiz,2025-06-30,173.66,168.39333333333332
Precio Hecho,2025-06-02,Maiz,2025-07-02,173.66,167.17
Precio Hecho,2025-06-02,Maiz,2025-07-02,173.66,167.17
Precio Hecho,2025-06-02,Trigo,2025-07-02,196.285,197.51999999999998
Precio a Fijar,2025-04-14,Soja,2025-12-31,275.46,
Precio Hecho,2025-06-02,Soja,2025-06-12,267.41999999999996,273.08000000000004
Precio Hecho,2025-06-02,Trigo,2025-07-02,196.285,197.51999999999998
Precio Hecho,2025-06-02,Maiz,2025-07-02,173.66,167.17
Precio Hecho,2025-06-02,Maiz,2025-07-02,173.66,167.17
Precio a Fijar,2025-06-02,Soja,2025-07-02,267.41999999999996,256.31
Precio a Fijar,2025-06-02,Maiz,2025-07-02,173.66,167.17
Precio a Fijar,2025-06-02,Maiz,2025-07-02,173.66,167.17
Precio a Fijar,2025-06-02,Maiz,2025-07-02,173.66,167.17
Precio Hecho,2025-05-30,ARROZ C.L.F,2025-05-30,,
Precio Hecho,2025-05-30,ARROZ C.L.F,2025-05-30,,
Precio Hecho,2025-06-02,ARROZ C.L.F,2025-06-02,,
Precio Hecho,2025-06-02,Soja,2025-06-12,267.41999999999996,273.08000000000004
Precio Hecho,2025-05-27,Maiz,2025-06-06,182.35,172.06333333333336
Precio Hecho,2025-05-27,Maiz,2025-06-06,182.35,172.06333333333336
Precio Hecho,2025-05-23,Maiz,2025-06-02,181.645,173.66
Precio Hecho,2025-05-29,Soja,2025-05-29,267.955,267.955
Precio Hecho,2025-05-23,Maiz,2025-06-02,181.645,173.66
Precio Hecho,2025-05-23,Maiz,2025-06-02,181.645,173.66
Precio Hecho,2025-05-30,Soja,2025-06-09,269.36,271.79
Precio Hecho,2025-05-30,Soja,2025-06-09,269.36,271.79
Precio Hecho,2025-05-30,Soja,2025-06-09,269.36,271.79
Precio Hecho,2025-05-27,Soja,2025-06-06,269.765,268.9733333333333
Precio Hecho,2025-05-27,Soja,2025-06-06,269.765,268.9733333333333
Precio Hecho,2025-05-27,Soja,2025-06-06,269.765,268.9733333333333
Precio Hecho,2025-05-27,Soja,2025-06-06,269.765,268.9733333333333
Precio Hecho,2025-05-27,Soja,2025-06-06,269.765,268.9733333333333
Precio Hecho,2025-05-27,Soja,2025-06-06,269.765,268.9733333333333
Precio Hecho,2025-05-27,Soja,2025-06-06,269.765,268.9733333333333
Precio Hecho,2025-05-26,Soja,2025-06-05,269.98,
Precio Hecho,2025-05-26,Soja,2025-06-05,269.98,
Precio Hecho,2025-05-23,Soja,2025-06-02,269.57,267.41999999999996
Precio Hecho,2025-06-02,Soja,2025-06-12,267.41999999999996,273.08000000000004
Precio Hecho,2025-06-02,Trigo,2025-07-02,196.285,197.51999999999998
Precio Hecho,2025-06-02,Soja,2025-06-12,267.41999999999996,273.08000000000004
Precio Hecho,2025-06-02,Soja,2025-06-12,267.41999999999996,273.08000000000004
Precio Hecho,2025-06-02,Soja,2025-06-12,267.41999999999996,273.08000000000004
Precio Hecho,2025-06-02,Soja,2025-06-12,267.41999999999996,273.08000000000004
Precio Hecho,2025-06-02,Soja,2025-06-12,267.41999999999996,273.08000000000004
Precio Hecho,2025-05-29,Soja,2025-06-08,267.955,
Precio Hecho,2025-05-29,Soja,2025-06-08,267.955,
Precio Hecho,2025-05-29,Soja,2025-06-08,267.955,
Precio Hecho,2025-05-30,Trigo,2025-06-02,198.48,196.285
Precio Hecho,2025-06-02,Soja,2025-06-02,267.41999999999996,267.41999999999996
Precio Hecho,2025-06-02,Soja,2025-06-02,267.41999999999996,267.41999999999996
Precio Hecho,2025-06-02,Soja,2025-06-02,267.41999999999996,267.41999999999996
Precio Hecho,2025-06-02,Soja,2025-06-02,267.41999999999996,267.41999999999996
Precio Hecho,2025-06-02,Soja,2025-06-02,267.41999999999996,267.41999999999996
Precio Hecho,2025-06-02,Soja,2025-06-02,267.41999999999996,267.41999999999996
Precio Hecho,2025-06-02,Soja,2025-06-02,267.41999999999996,267.41999999999996
Precio Hecho,2025-06-02,Soja,2025-06-02,267.41999999999996,267.41999999999996
Precio a Fijar,2025-03-21,Trigo,2025-04-21,216.29,205.79000000000002
Precio Hecho,2025-06-02,Soja,2025-06-09,267.41999999999996,271.79
Precio Hecho,2025-06-02,ARROZ C.L.F,2025-06-02,,
Precio Hecho,2025-06-02,Soja,2025-07-03,267.41999999999996,255.89
Precio Hecho,2025-06-02,ARROZ C.L.F,2025-06-02,,
Precio Hecho,2025-06-02,ARROZ C.L.F,2025-06-02,,
Precio Hecho,2025-06-02,Soja,2025-06-09,267.41999999999996,271.79
Precio Hecho,2025-06-02,Trigo,2025-06-02,196.285,196.285
Precio Hecho,2025-06-02,Soja,2025-06-09,267.41999999999996,271.79
Precio a Fijar,2024-07-23,Trigo,2025-01-15,239.26333333333332,186.3725
Precio Hecho,2025-06-02,Soja,2025-06-09,267.41999999999996,271.79
Precio Hecho,2025-05-30,Soja,2025-05-30,269.36,269.36
Precio Hecho,2025-06-02,Soja,2025-06-02,267.41999999999996,267.41999999999996
Precio Hecho,2025-06-02,Soja,2025-06-02,267.41999999999996,267.41999999999996
Precio Hecho,2025-06-02,Soja,2025-06-02,267.41999999999996,267.41999999999996
Precio Hecho,2025-06-02,Soja,2025-06-02,267.41999999999996,267.41999999999996
Precio a Fijar,2025-04-21,Soja,2025-04-30,273.08,251.94
Precio a Fijar,2025-02-03,Soja,2025-03-03,298.79,
Precio a Fijar,2024-12-26,Soja,2024-12-26,277.8,277.8
Precio a Fijar,2024-11-19,Soja,2024-12-19,299.1,273.7
Precio a Fijar,2024-12-10,Soja,2025-05-31,292.04,
Precio a Fijar,2025-06-02,Trigo,2025-07-01,196.285,197.465
Precio Hecho,2025-05-30,Soja,2025-05-30,269.36,269.36
Precio Hecho,2025-06-02,Sorgo,2025-07-02,178.31,163.14
Precio a Fijar,2025-01-10,Soja,2025-02-10,281.39,304.78
Precio Hecho,2025-05-23,Soja,2025-05-23,269.57,269.57
Precio a Fijar,2025-03-28,Soja,2025-04-07,,288.1
Precio Hecho,2025-06-02,Trigo,2025-06-03,196.285,196.775
Precio Hecho,2025-06-02,Soja,2025-07-02,267.41999999999996,256.31
Precio Hecho,2025-05-23,Soja,2025-05-23,269.57,269.57
Precio Hecho,2025-06-02,Soja,2025-07-02,267.41999999999996,256.31
Precio Hecho,2025-06-02,Trigo,2025-06-04,196.285,
Precio Hecho,2025-06-02,Soja,2025-06-02,267.41999999999996,267.41999999999996
Precio Hecho,2025-06-02,Soja,2025-06-02,267.41999999999996,267.41999999999996
Precio Hecho,2025-05-30,Girasol,2025-06-29,297.73,
Precio Hecho,2025-05-30,Girasol,2025-06-29,297.73,
Precio Hecho,2025-05-30,Girasol,2025-06-29,297.73,
Precio Hecho,2025-05-30,Maiz,2025-05-30,175.93,175.93
Precio a Fijar,2025-06-02,Soja,2025-07-02,267.41999999999996,256.31
Precio a Fijar,2025-06-02,Soja,2025-06-15,267.41999999999996,
Precio Hecho,2025-05-30,Soja,2025-06-30,269.36,269.66999999999996
Precio a Fijar,2025-06-02,Soja,2025-07-02,267.41999999999996,256.31
Precio a Fijar,2025-06-02,Maiz,2025-07-02,173.66,167.17
Precio Hecho,2025-05-30,Soja,2025-06-30,269.36,269.66999999999996
Precio a Fijar,2025-06-02,Soja,2025-07-02,267.41999999999996,256.31
Precio a Fijar,2025-06-02,Soja,2025-06-30,267.41999999999996,269.66999999999996
Precio a Fijar,2025-06-02,Soja,2025-07-02,267.41999999999996,256.31
Precio Hecho,2025-05-30,Soja,2025-06-30,269.36,269.66999999999996
Precio Hecho,2025-05-29,Soja,2025-05-29,267.955,267.955
Precio Hecho,2025-05-26,Soja,2025-05-26,269.98,269.98
Precio Hecho,2025-05-26,Soja,2025-05-26,269.98,269.98
Precio Hecho,2025-05-27,Soja,2025-05-27,269.765,269.765
Precio Hecho,2025-05-27,Soja,2025-05-27,269.765,269.765
Precio Hecho,2025-05-28,Soja,2025-05-28,267.24,267.24
Precio Hecho,2025-05-29,Soja,2025-05-29,267.955,267.955
Precio Hecho,2025-05-29,Soja,2025-05-29,267.955,267.955
Precio Hecho,2025-05-29,Soja,2025-05-29,267.955,267.955
Precio Hecho,2025-05-28,Soja,2025-05-28,267.24,267.24
Precio Hecho,2025-05-28,Soja,2025-05-28,267.24,267.24
Precio Hecho,2025-05-29,Soja,2025-05-29,267.955,267.955
Precio Hecho,2025-05-28,Soja,2025-05-28,267.24,267.24
Precio Hecho,2025-05-28,Soja,2025-05-28,267.24,267.24
Precio Hecho,2025-05-29,Soja,2025-05-29,267.955,267.955
Precio Hecho,2025-05-28,Trigo,2025-05-28,198.28,198.28
Precio Hecho,2025-05-28,Trigo,2025-05-28,198.28,198.28
Precio Hecho,2025-05-28,Trigo,2025-05-28,198.28,198.28
Precio Hecho,2025-05-28,Trigo,2025-05-28,198.28,198.28
Precio Hecho,2025-05-28,Trigo,2025-05-28,198.28,198.28
Precio Hecho,2025-05-28,Trigo,2025-05-28,198.28,198.28
Precio Hecho,2025-05-28,Trigo,2025-05-28,198.28,198.28
Precio Hecho,2025-06-02,Maiz,2025-06-30,173.66,168.39333333333332
Precio a Fijar,2025-06-02,Soja,2025-06-13,267.41999999999996,276.65
Precio a Fijar,2024-11-28,Trigo,2024-12-28,185.37,
Precio Hecho,2025-06-02,Soja,2025-06-02,267.41999999999996,267.41999999999996
Precio a Fijar,2024-08-12,Soja,2025-05-31,290.04499999999996,
Precio Hecho,2025-05-30,Soja,2025-06-29,269.36,
Precio Hecho,2025-05-30,Soja,2025-06-29,269.36,
Precio Hecho,2025-06-02,Soja,2025-06-02,267.41999999999996,267.41999999999996
Precio Hecho,2025-06-02,Maiz,2025-06-02,173.66,173.66
Precio Hecho,2025-05-30,Soja,2025-06-29,269.36,
Precio a Fijar,2025-06-02,Maiz,2025-06-30,173.66,168.39333333333332
Precio Hecho,2025-06-02,Soja,2025-07-02,267.41999999999996,256.31
Precio Hecho,2025-06-02,Maiz,2025-06-02,173.66,173.66
Precio Hecho,2025-06-02,Trigo,2025-07-02,196.285,197.51999999999998
Precio Hecho,2025-06-02,Soja,2025-06-02,267.41999999999996,267.41999999999996
Precio Hecho,2025-05-30,Girasol,2025-06-29,297.73,
Precio Hecho,2025-06-02,Soja,2025-06-02,267.41999999999996,267.41999999999996
Precio Hecho,2025-06-02,Trigo,2025-06-09,196.285,197.975
Precio Hecho,2025-06-02,Trigo,2025-06-09,196.285,197.975
Precio Hecho,2025-06-02,Trigo,2025-06-09,196.285,197.975
Precio Hecho,2025-06-02,Soja,2025-06-02,267.41999999999996,267.41999999999996
Precio Hecho,2025-06-02,Soja,2025-06-02,267.41999999999996,267.41999999999996
Precio Hecho,2025-06-02,Trigo,2025-06-02,196.285,196.285
Precio Hecho,2025-06-02,Soja,2025-06-02,267.41999999999996,267.41999999999996
Precio a Fijar,2025-05-30,Trigo,2025-06-29,198.48,
Precio Hecho,2025-06-02,Soja,2025-06-02,267.41999999999996,267.41999999999996
Precio Hecho,2025-06-02,Maiz,2025-06-02,173.66,173.66
Precio Hecho,2025-06-02,Maiz,2025-06-02,173.66,173.66
Precio Hecho,2025-06-02,Maiz,2025-06-02,173.66,173.66
Precio Hecho,2025-06-02,Maiz,2025-06-02,173.66,173.66
Precio Hecho,2025-06-02,Soja,2025-06-02,267.41999999999996,267.41999999999996
Precio Hecho,2025-06-02,Trigo,2025-06-02,196.285,196.285
Precio Hecho,2025-06-02,Soja,2025-06-02,267.41999999999996,267.41999999999996
Precio Hecho,2025-06-02,Soja,2025-06-02,267.41999999999996,267.41999999999996
Precio a Fijar,2025-05-30,Maiz,2025-06-30,175.93,168.39333333333332
Precio a Fijar,2025-02-11,Maiz,2025-02-25,208.23,199.87333333333333
Precio a Fijar,2024-12-17,Maiz,2025-01-16,176.7,195.14000000000001
Precio a Fijar,2024-12-11,Maiz,2025-04-30,181.82,194.185
Precio a Fijar,2024-10-24,Maiz,2024-11-14,184.25,183.42333333333332
Precio Hecho,2025-06-02,Soja,2025-06-02,267.41999999999996,267.41999999999996
Precio Hecho,2025-05-27,Soja,2025-06-02,269.765,267.41999999999996
Precio Hecho,2025-06-02,Trigo,2025-06-02,196.285,196.285
Precio Hecho,2025-06-02,Soja,2025-06-02,267.41999999999996,267.41999999999996
Precio Hecho,2025-05-30,Soja,2025-06-02,269.36,267.41999999999996
Precio Hecho,2025-06-02,Maiz,2025-06-02,173.66,173.66
Precio Hecho,2025-05-30,Soja,2025-06-02,269.36,267.41999999999996
Precio Hecho,2025-06-02,Maiz,2025-06-02,173.66,173.66
Precio Hecho,2025-06-02,Maiz,2025-06-02,173.66,173.66
Precio Hecho,2025-06-02,Maiz,2025-06-02,173.66,173.66
Precio Hecho,2025-06-02,Maiz,2025-06-02,173.66,173.66
Precio Hecho,2025-06-02,Soja,2025-07-02,267.41999999999996,256.31
Precio Hecho,2025-06-02,Soja,2025-06-02,267.41999999999996,267.41999999999996
Precio Hecho,2025-06-02,Soja,2025-07-02,267.41999999999996,256.31
Precio Hecho,2025-06-02,Soja,2025-06-02,267.41999999999996,267.41999999999996
Precio a Fijar,2025-04-25,Soja,2025-05-25,266.495,
Precio Hecho,2025-06-02,Soja,2025-06-02,267.41999999999996,267.41999999999996
Precio Hecho,2025-06-02,Soja,2025-06-02,267.41999999999996,267.41999999999996
Precio Hecho,2025-06-02,Soja,2025-06-02,267.41999999999996,267.41999999999996
Precio Hecho,2025-06-02,Soja,2025-06-02,267.41999999999996,267.41999999999996
Precio Hecho,2025-06-02,Trigo,2025-07-02,196.285,197.51999999999998
Precio Hecho,2025-06-02,Soja,2025-06-02,267.41999999999996,267.41999999999996
Precio Hecho,2025-06-02,Soja,2025-06-02,267.41999999999996,267.41999999999996
Precio Hecho,2025-06-02,Soja,2025-06-02,267.41999999999996,267.41999999999996
Precio Hecho,2025-05-26,Soja,2025-05-26,269.98,269.98
Precio Hecho,2025-06-02,Soja,2025-06-02,267.41999999999996,267.41999999999996
Precio Hecho,2025-05-29,Trigo,2025-06-28,198.48,
Precio a Fijar,2024-10-29,Trigo,2024-12-15,,
Precio a Fijar,2025-01-09,Girasol,2025-03-03,,
Precio a Fijar,2025-04-08,Soja,2025-05-08,297.33,268.56
Precio a Fijar,2025-04-22,Soja,2025-05-22,275.82,274.77
Precio a Fijar,2024-12-26,Girasol,2025-03-17,369.11,316.61
Precio Hecho,2025-06-02,Trigo,2025-07-02,196.285,197.51999999999998
Precio Hecho,2025-06-02,Maiz,2025-07-02,173.66,167.17
Precio a Fijar,2025-06-02,Maiz,2025-07-02,173.66,167.17
Precio a Fijar,2024-05-22,Trigo,2025-03-01,266.81666666666666,
Precio a Fijar,2024-05-22,Trigo,2025-03-01,266.81666666666666,
Precio Hecho,2025-05-30,ACEITE SOJA,2025-06-20,,
Precio a Fijar,2025-05-30,Maiz,2025-06-30,175.93,168.39333333333332
Precio a Fijar,2025-05-30,Maiz,2025-06-29,175.93,
Precio Hecho,2025-06-02,Maiz,2025-06-20,173.66,
Precio a Fijar,2025-05-30,Maiz,2025-06-29,175.93,
Precio a Fijar,2025-05-30,Maiz,2025-08-15,175.93,171.805
Precio Hecho,2025-06-02,ACEITE SOJA,2025-06-20,,
Precio Hecho,2025-05-27,Maiz,2025-05-27,182.35,182.35
Precio Hecho,2025-06-02,Trigo,2025-06-20,196.285,
Precio Hecho,2025-05-27,Maiz,2025-05-27,182.35,182.35
Precio Hecho,2025-05-27,Maiz,2025-05-27,182.35,182.35
Precio a Fijar,2025-05-30,Maiz,2025-06-29,175.93,
Precio a Fijar,2025-05-30,Maiz,2025-06-30,175.93,168.39333333333332
Precio a Fijar,2025-05-30,Maiz,2025-09-30,175.93,178.83
Precio a Fijar,2024-11-28,Trigo,2024-12-28,185.37,
Precio a Fijar,2025-05-30,Maiz,2025-09-30,175.93,178.83
Precio a Fijar,2025-05-30,Soja,2025-06-29,269.36,
Precio a Fijar,2025-05-30,Girasol,2025-06-29,297.73,
Precio a Fijar,2025-05-30,Maiz,2025-09-30,175.93,178.83
Precio a Fijar,2025-06-02,Soja,2025-07-02,267.41999999999996,256.31
Precio a Fijar,2025-06-02,Maiz,2025-07-02,173.66,167.17
Precio a Fijar,2025-05-30,Maiz,2025-06-29,175.93,
Precio a Fijar,2025-06-02,Soja,2025-07-02,267.41999999999996,256.31
Precio Hecho,2025-06-02,Soja,2025-06-02,267.41999999999996,267.41999999999996
Precio Hecho,2025-06-02,Trigo,2025-06-12,196.285,197.6825
Precio Hecho,2025-06-02,Soja,2025-06-02,267.41999999999996,267.41999999999996
Precio Hecho,2025-05-30,Maiz,2025-06-30,175.93,168.39333333333332
Precio Hecho,2025-06-02,Soja,2025-06-02,267.41999999999996,267.41999999999996
Precio Hecho,2025-06-02,Soja,2025-06-02,267.41999999999996,267.41999999999996
Precio Hecho,2025-06-02,Soja,2025-06-02,267.41999999999996,267.41999999999996
Precio a Fijar,2025-05-23,Maiz,2025-05-30,181.645,175.93
Precio a Fijar,2025-04-11,Soja,2025-04-30,306.12,251.94
Precio a Fijar,2025-03-25,Soja,2025-03-31,308.37,319.37
Precio a Fijar,2025-02-14,Soja,2025-02-28,311.84,
Precio a Fijar,2025-01-28,Soja,2025-02-10,294.96,304.78
Precio a Fijar,2025-01-28,Soja,2025-02-10,294.96,304.78
Precio a Fijar,2024-11-14,Soja,2024-11-30,300.15,
Precio a Fijar,2024-11-01,Soja,2024-11-30,304.35,
Precio a Fijar,2024-07-01,Soja,2024-07-31,,285.05
Precio Hecho,2025-06-02,Soja,2025-06-02,267.41999999999996,267.41999999999996
Precio Hecho,2025-06-02,Soja,2025-07-02,267.41999999999996,256.31
Precio Hecho,2025-06-02,Soja,2025-07-02,267.41999999999996,256.31
Precio Hecho,2025-06-02,Trigo,2025-06-02,196.285,196.285
Precio Hecho,2025-05-30,Girasol,2025-06-29,297.73,
Precio Hecho,2025-06-02,Trigo,2025-06-02,196.285,196.285
Precio Hecho,2025-06-02,Trigo,2025-06-02,196.285,196.285
Precio Hecho,2025-06-02,Trigo,2025-06-02,196.285,196.285
Precio Hecho,2025-06-02,Trigo,2025-06-02,196.285,196.285
Precio Hecho,2025-06-02,Maiz,2025-06-02,173.66,173.66
Precio Hecho,2025-06-02,Trigo,2025-06-02,196.285,196.285
Precio a Fijar,2024-12-26,Maiz,2025-05-31,185.53,
Precio Hecho,2025-06-02,Trigo,2025-06-02,196.285,196.285
Precio a Fijar,2025-01-07,Trigo,2025-03-31,185.6925,218.81
Precio Hecho,2025-06-02,Trigo,2025-06-02,196.285,196.285
Precio a Fijar,2025-02-14,Soja,2025-05-31,311.84,
Precio a Fijar,2022-01-24,Trigo,2022-02-24,,
Precio a Fijar,2022-01-24,Trigo,2022-02-24,,
Precio a Fijar,2024-11-21,Trigo,2024-12-21,186.88333333333335,
Precio a Fijar,2025-06-02,Soja,2025-06-16,267.41999999999996,
Precio Hecho,2025-05-30,Soja,2025-06-29,269.36,
Precio a Fijar,2025-05-15,Maiz,2025-06-14,183.48000000000002,
Precio Hecho,2025-06-02,Soja,2025-06-02,267.41999999999996,267.41999999999996
Precio a Fijar,2025-03-20,Maiz,2025-05-31,196.35,
Precio Hecho,2025-06-02,Soja,2025-06-02,267.41999999999996,267.41999999999996
Precio Hecho,2025-06-02,Soja,2025-06-02,267.41999999999996,267.41999999999996
Precio Hecho,2025-06-02,Maiz,2025-06-02,173.66,173.66
Precio Hecho,2025-06-02,Maiz,2025-06-02,173.66,173.66
Precio Hecho,2025-06-02,Soja,2025-06-02,267.41999999999996,267.41999999999996
Precio Hecho,2025-06-02,Maiz,2025-06-02,173.66,173.66
Precio Hecho,2025-06-02,Maiz,2025-06-02,173.66,173.66
Precio Hecho,2025-06-02,Soja,2025-06-02,267.41999999999996,267.41999999999996
Precio Hecho,2025-06-02,Soja,2025-06-02,267.41999999999996,267.41999999999996
Precio Hecho,2025-06-02,Soja,2025-06-02,267.41999999999996,267.41999999999996
Precio Hecho,2025-06-02,Soja,2025-06-02,267.41999999999996,267.41999999999996
Precio Hecho,2025-06-02,Maiz,2025-06-02,173.66,173.66
Precio Hecho,2025-06-02,Soja,2025-06-02,267.41999999999996,267.41999999999996
Precio Hecho,2025-06-02,Soja,2025-06-02,267.41999999999996,267.41999999999996
Precio a Fijar,2025-06-02,Soja,2025-07-02,267.41999999999996,256.31
Precio a Fijar,2025-06-02,Soja,2025-06-20,267.41999999999996,
Precio Hecho,2025-06-02,Maiz,2025-06-02,173.66,173.66
Precio Hecho,2025-06-02,Maiz,2025-06-02,173.66,173.66
Precio Hecho,2025-06-02,Maiz,2025-06-02,173.66,173.66
Precio Hecho,2025-06-02,Maiz,2025-06-02,173.66,173.66
Precio Hecho,2025-06-02,Maiz,2025-06-02,173.66,173.66
Precio a Fijar,2025-05-30,Soja,2025-06-20,269.36,
Precio a Fijar,2025-03-19,Soja,2025-04-30,306.15,251.94
Precio a Fijar,2025-02-12,Soja,2025-05-15,302.82,269.255
Precio a Fijar,2025-02-07,Soja,2025-04-30,305.0,251.94
Precio a Fijar,2025-06-02,Soja,2025-06-06,267.41999999999996,268.9733333333333
Precio a Fijar,2025-06-02,Soja,2025-06-20,267.41999999999996,
Precio Hecho,2025-05-30,CEBADA FORR.,2025-06-29,,
Precio Hecho,2025-06-02,Soja,2025-06-02,267.41999999999996,267.41999999999996
Precio Hecho,2025-06-02,Trigo,2025-06-02,196.285,196.285
Precio Hecho,2025-06-02,Soja,2025-06-02,267.41999999999996,267.41999999999996
Precio Hecho,2025-06-02,Trigo,2025-06-02,196.285,196.285
Precio a Fijar,2019-05-03,Soja,2019-06-03,,
Precio Hecho,2025-06-02,Trigo,2025-06-02,196.285,196.285
Precio a Fijar,2025-05-30,Soja,2025-06-29,269.36,
Precio a Fijar,2025-05-29,Soja,2025-06-28,267.955,
Precio a Fijar,2025-05-29,Soja,2025-06-28,267.955,
Precio a Fijar,2025-05-29,Soja,2025-06-28,267.955,
Precio a Fijar,2025-05-29,Soja,2025-06-28,267.955,
Precio a Fijar,2025-05-28,Soja,2025-06-27,267.24,271.44500000000005
Precio a Fijar,2025-05-28,Soja,2025-06-27,267.24,271.44500000000005
Precio a Fijar,2025-05-22,Soja,2025-06-21,274.77,
Precio a Fijar,2025-05-21,Soja,2025-06-20,273.605,
Precio a Fijar,2025-05-21,Soja,2025-06-20,273.605,
Precio a Fijar,2025-05-19,Soja,2025-06-18,273.06,277.93333333333334
Precio a Fijar,2025-05-14,Soja,2025-06-13,271.12,276.65
Precio a Fijar,2025-05-14,Soja,2025-06-13,271.12,276.65
Precio a Fijar,2025-05-14,Soja,2025-06-13,271.12,276.65
Precio a Fijar,2025-05-13,Soja,2025-06-12,272.245,273.08000000000004
Precio a Fijar,2025-05-08,Soja,2025-05-31,268.56,
Precio a Fijar,2025-05-08,Soja,2025-05-31,268.56,
Precio a Fijar,2025-05-07,Soja,2025-06-06,268.21000000000004,268.9733333333333
Precio a Fijar,2025-05-06,Soja,2025-05-12,264.45,275.315
Precio a Fijar,2025-04-30,Soja,2025-05-30,251.94,269.36
Precio a Fijar,2025-04-30,Soja,2025-05-30,251.94,269.36
Precio a Fijar,2025-04-28,Soja,2025-05-31,285.395,
Precio a Fijar,2025-04-22,Soja,2025-05-22,275.82,274.77
Precio a Fijar,2025-04-21,Soja,2025-05-21,273.08,273.605
Precio a Fijar,2025-04-21,Soja,2025-05-15,273.08,269.255
Precio a Fijar,2025-04-19,Soja,2025-05-18,,
Precio a Fijar,2025-04-16,Soja,2025-05-15,279.74,269.255
Precio a Fijar,2025-04-03,Soja,2025-05-03,293.02,
Precio a Fijar,2025-03-12,Soja,2025-05-31,308.41,
Precio a Fijar,2025-03-12,Soja,2025-04-30,308.41,251.94
Precio a Fijar,2025-02-21,Soja,2025-07-31,311.1,
Precio a Fijar,2025-02-21,Soja,2025-06-30,311.1,269.66999999999996
Precio a Fijar,2025-02-12,Soja,2025-05-31,302.82,
Precio a Fijar,2025-02-10,Soja,2025-05-31,304.78,
Precio a Fijar,2025-02-04,Soja,2025-05-31,303.53,
Precio a Fijar,2025-01-21,Soja,2025-05-31,279.85,
Precio a Fijar,2025-01-09,Soja,2025-05-31,,
Precio a Fijar,2025-01-08,Soja,2025-02-07,277.76,305.0
Precio a Fijar,2025-01-07,Soja,2025-05-31,277.99,
Precio a Fijar,2024-12-19,Soja,2025-05-31,273.7,
Precio a Fijar,2024-12-11,Soja,2025-05-31,,
Precio a Fijar,2024-10-30,Soja,2025-05-31,,
Precio Hecho,2025-06-02,Trigo,2025-06-02,196.285,196.285
Precio Hecho,2025-06-02,Soja,2025-06-02,267.41999999999996,267.41999999999996
Precio a Fijar,2019-05-03,Soja,2019-06-03,,
Precio Hecho,2025-06-02,Trigo,2025-06-02,196.285,196.285
Precio Hecho,2025-06-02,Soja,2025-06-02,267.41999999999996,267.41999999999996
Precio a Fijar,2025-05-21,Soja,2025-06-20,273.605,
Precio a Fijar,2025-05-16,Maiz,2025-05-31,184.035,
Precio a Fijar,2025-04-24,Maiz,2025-05-24,189.415,
Precio a Fijar,2025-04-23,Maiz,2025-05-23,,181.645
Precio a Fijar,2025-02-27,Maiz,2025-03-15,199.95,
Precio a Fijar,2025-01-23,Maiz,2025-04-30,201.24333333333334,194.185
Precio a Fijar,2025-01-16,Maiz,2025-04-30,195.14000000000001,194.185
Precio a Fijar,2024-12-27,Maiz,2025-04-30,185.17,194.185
Precio a Fijar,2024-07-10,Maiz,2024-08-09,169.65666666666667,171.45499999999998
Precio a Fijar,2024-06-12,Soja,2024-07-12,316.13666666666666,304.125
Precio Hecho,2025-05-30,Maiz,2025-06-29,175.93,
Precio Hecho,2025-06-02,Soja,2025-06-02,267.41999999999996,267.41999999999996
Precio Hecho,2025-06-02,Soja,2025-06-02,267.41999999999996,267.41999999999996
Precio Hecho,2025-05-30,Soja,2025-11-30,269.36,
Precio a Fijar,2025-06-02,Maiz,2025-07-01,173.66,166.12
Precio Hecho,2025-06-02,Soja,2025-06-02,267.41999999999996,267.41999999999996
Precio a Fijar,2025-06-02,Soja,2025-07-02,267.41999999999996,256.31
Precio a Fijar,2025-06-02,Soja,2025-07-02,267.41999999999996,256.31
Precio a Fijar,2025-03-28,Maiz,2025-04-27,193.76,
Precio Hecho,2025-06-02,Soja,2025-06-10,267.41999999999996,239.8
Precio Hecho,2025-05-30,Maiz,2025-06-29,175.93,
Precio Hecho,2025-05-30,Maiz,2025-07-02,175.93,167.17
Precio Hecho,2025-05-30,Maiz,2025-07-02,175.93,167.17
Precio Hecho,2025-05-30,Maiz,2025-06-30,175.93,168.39333333333332
Precio Hecho,2025-05-30,Maiz,2025-06-30,175.93,168.39333333333332
Precio Hecho,2025-05-30,Maiz,2025-07-15,175.93,171.65
Precio Hecho,2025-06-02,Trigo,2025-06-12,196.285,197.6825
Precio Hecho,2025-05-30,Maiz,2025-06-29,175.93,
Precio Hecho,2025-06-02,Trigo,2025-06-12,196.285,197.6825
Precio Hecho,2025-05-30,Maiz,2025-06-29,175.93,
Precio Hecho,2025-06-02,Trigo,2025-06-12,196.285,197.6825
Precio Hecho,2025-05-30,Maiz,2025-06-29,175.93,
Precio Hecho,2025-06-02,Trigo,2025-06-12,196.285,197.6825
Precio Hecho,2025-06-02,Trigo,2025-06-12,196.285,197.6825
Precio Hecho,2025-06-02,Trigo,2025-06-12,196.285,197.6825
Precio Hecho,2025-05-29,Trigo,2025-06-08,198.48,
Precio Hecho,2025-05-27,Trigo,2025-06-10,197.66,164.4275
Precio Hecho,2025-06-02,Soja,2025-06-10,267.41999999999996,239.8
Precio Hecho,2025-06-01,Soja,2025-06-15,,
Precio Hecho,2025-05-31,Trigo,2025-06-07,,
Precio Hecho,2025-06-02,Maiz,2025-06-08,173.66,
Precio Hecho,2025-05-30,Soja,2025-06-29,269.36,
Precio Hecho,2025-05-30,Soja,2025-06-29,269.36,
Precio Hecho,2025-05-30,Soja,2025-06-29,269.36,
Precio Hecho,2025-05-30,Soja,2025-06-29,269.36,
Precio Hecho,2025-05-29,Trigo,2025-06-28,198.48,
Precio Hecho,2025-05-29,Trigo,2025-06-28,198.48,
Precio Hecho,2025-05-29,Trigo,2025-06-28,198.48,
Precio Hecho,2025-05-29,Trigo,2025-06-28,198.48,
Precio Hecho,2025-05-31,Maiz,2025-05-31,,
Precio Hecho,2025-05-31,Trigo,2025-05-31,,
Precio Hecho,2025-06-02,Trigo,2025-06-06,196.285,198.48
Precio a Fijar,2025-05-30,Soja,2025-06-28,269.36,
Precio a Fijar,2025-05-31,Maiz,2025-06-30,,168.39333333333332
Precio a Fijar,2025-06-01,Soja,2025-07-01,,
Precio a Fijar,2025-06-01,Soja,2025-07-01,,
Precio a Fijar,2025-06-01,Soja,2025-07-01,,
Precio a Fijar,2025-06-01,Soja,2025-07-01,,
Precio a Fijar,2025-06-01,Soja,2025-07-01,,
Precio Hecho,2025-05-30,Trigo,2025-06-29,198.48,
Precio Hecho,2025-06-01,Soja,2025-06-07,,
Precio a Fijar,2025-06-01,Soja,2025-06-30,,269.66999999999996
Precio a Fijar,2025-06-01,Soja,2025-06-30,,269.66999999999996
Precio a Fijar,2025-06-01,Soja,2025-07-01,,
