"Fecha";"Mercado";"Producto";"Precio"
"11-03-24";"B.Blanca";"Girasol";"U$S 283.02"
"12-03-24";"B.Blanca";"Girasol";"U$S 282.85"
"14-03-24";"B.Blanca";"Girasol";"U$S 282.35"
"15-03-24";"B.Blanca";"Girasol";"U$S 282.19"
"18-03-24";"B.Blanca";"Girasol";"U$S 281.52"
"26-03-24";"B.Blanca";"Girasol";"U$S 192.64"
"03-04-24";"B.Blanca";"Girasol";"U$S 290.36"
"04-04-24";"B.Blanca";"Girasol";"U$S 290.19"
"08-04-24";"B.Blanca";"Girasol";"U$S 289.35"
"09-04-24";"B.Blanca";"Girasol";"U$S 289.18"
"10-04-24";"B.Blanca";"Girasol";"U$S 289.02"
"17-04-24";"B.Blanca";"Girasol";"U$S 287.52"
"19-04-24";"B.Blanca";"Girasol";"U$S 290.3"
"23-04-24";"B.Blanca";"Girasol";"U$S 28.65"
"24-04-24";"B.Blanca";"Girasol";"U$S 289.81"
"25-04-24";"B.Blanca";"Girasol";"U$S 290.62"
"26-04-24";"B.Blanca";"Girasol";"U$S 290.29"
"29-04-24";"B.Blanca";"Girasol";"U$S 289.79"
"30-04-24";"B.Blanca";"Girasol";"U$S 289.79"
"02-05-24";"B.Blanca";"Girasol";"U$S 290.43"
"07-05-24";"B.Blanca";"Girasol";"U$S 289.61"
"14-05-24";"B.Blanca";"Girasol";"U$S 293.79"
"22-05-24";"B.Blanca";"Girasol";"U$S 303.54"
"28-05-24";"B.Blanca";"Girasol";"U$S 322.33"
"29-05-24";"B.Blanca";"Girasol";"U$S 322.33"
"30-05-24";"B.Blanca";"Girasol";"U$S 324.38"
"31-05-24";"B.Blanca";"Girasol";"U$S 323.84"
"04-06-24";"B.Blanca";"Girasol";"U$S 334.45"
"12-06-24";"B.Blanca";"Girasol";"U$S 332.78"
"19-06-24";"B.Blanca";"Girasol";"U$S 330.58"
"25-06-24";"B.Blanca";"Girasol";"U$S 330.03"
"27-06-24";"B.Blanca";"Girasol";"U$S 329.13"
"22-07-24";"B.Blanca";"Girasol";"U$S 358.83"
"23-07-24";"B.Blanca";"Girasol";"U$S 358.83"
"09-08-24";"B.Blanca";"Girasol";"U$S 338.91"
"19-08-24";"B.Blanca";"Girasol";"U$S 338.92"
"02-09-24";"B.Blanca";"Girasol";"U$S 338.93"
"13-09-24";"B.Blanca";"Girasol";"U$S 338.94"
"18-09-24";"B.Blanca";"Girasol";"U$S 338.94"
"23-09-24";"B.Blanca";"Girasol";"U$S 338.94"
"01-10-24";"B.Blanca";"Girasol";"U$S 348.92"
"02-10-24";"B.Blanca";"Girasol";"U$S 338.95"
"04-10-24";"B.Blanca";"Girasol";"U$S 358.89"
"07-10-24";"B.Blanca";"Girasol";"U$S 348.92"
"08-10-24";"B.Blanca";"Girasol";"U$S 348.92"
"10-10-24";"B.Blanca";"Girasol";"U$S 348.93"
"14-10-24";"B.Blanca";"Girasol";"U$S 358.9"
"18-10-24";"B.Blanca";"Girasol";"U$S 358.9"
"21-10-24";"B.Blanca";"Girasol";"U$S 358.9"
"23-10-24";"B.Blanca";"Girasol";"U$S 358.9"
"24-10-24";"B.Blanca";"Girasol";"U$S 358.9"
"25-10-24";"B.Blanca";"Girasol";"U$S 358.91"
"28-10-24";"B.Blanca";"Girasol";"U$S 358.91"
"31-10-24";"B.Blanca";"Girasol";"U$S 360"
"01-11-24";"B.Blanca";"Girasol";"U$S 360.36"
"04-11-24";"B.Blanca";"Girasol";"U$S 360.36"
"06-11-24";"B.Blanca";"Girasol";"U$S 358.91"
"08-11-24";"B.Blanca";"Girasol";"U$S 359.64"
"12-11-24";"B.Blanca";"Girasol";"U$S 358.92"
"13-11-24";"B.Blanca";"Girasol";"U$S 358.92"
"14-11-24";"B.Blanca";"Girasol";"U$S 358.92"
"15-11-24";"B.Blanca";"Girasol";"U$S 358.92"
"20-11-24";"B.Blanca";"Girasol";"U$S 348.95"
"21-11-24";"B.Blanca";"Girasol";"U$S 348.96"
"22-11-24";"B.Blanca";"Girasol";"U$S 348.96"
"03-12-24";"B.Blanca";"Girasol";"U$S 348.96"
"04-12-24";"B.Blanca";"Girasol";"U$S 348.96"
"30-12-24";"B.Blanca";"Girasol";"U$S 329.04"
"17-03-25";"B.Blanca";"Girasol";"U$S 319.1"
"18-03-25";"B.Blanca";"Girasol";"U$S 319.1"
"14-04-25";"B.Blanca";"Girasol";"U$S 297.75"
"29-04-25";"B.Blanca";"Girasol";"U$S 297.68"
"07-05-25";"B.Blanca";"Girasol";"U$S 297.6"
"12-05-25";"B.Blanca";"Girasol";"U$S 297.61"
"19-06-25";"B.Blanca";"Girasol";"U$S 300"
"23-06-25";"B.Blanca";"Girasol";"U$S 297.69"
"24-06-25";"B.Blanca";"Girasol";"U$S 297.7"
"25-06-25";"B.Blanca";"Girasol";"U$S 297.73"
"26-06-25";"B.Blanca";"Girasol";"U$S 297.73"
"27-06-25";"B.Blanca";"Girasol";"U$S 297.73"
"30-06-25";"B.Blanca";"Girasol";"U$S 297.76"
"01-07-25";"B.Blanca";"Girasol";"U$S 297.79"
"02-07-25";"B.Blanca";"Girasol";"U$S 297.8"
"03-07-25";"B.Blanca";"Girasol";"U$S 297.81"
"04-07-25";"B.Blanca";"Girasol";"U$S 297.82"
"08-07-25";"B.Blanca";"Girasol";"U$S 300.24"
"10-07-25";"B.Blanca";"Girasol";"U$S 297.85"
"11-07-25";"B.Blanca";"Girasol";"U$S 297.86"
"14-07-25";"B.Blanca";"Girasol";"U$S 297.89"
"16-07-25";"B.Blanca";"Girasol";"U$S 297.86"
"17-07-25";"B.Blanca";"Girasol";"U$S 297.88"
"18-07-25";"B.Blanca";"Girasol";"U$S 297.9"
"21-07-25";"B.Blanca";"Girasol";"U$S 297.88"
"22-07-25";"B.Blanca";"Girasol";"U$S 297.85"
"23-07-25";"B.Blanca";"Girasol";"U$S 297.74"
"24-07-25";"B.Blanca";"Girasol";"U$S 297.88"
"25-07-25";"B.Blanca";"Girasol";"U$S 297.89"
"28-07-25";"B.Blanca";"Girasol";"U$S 307.85"
"29-07-25";"B.Blanca";"Girasol";"U$S 307.84"
"30-07-25";"B.Blanca";"Girasol";"U$S 307.88"
"01-08-25";"B.Blanca";"Girasol";"U$S 307.95"
"04-08-25";"B.Blanca";"Girasol";"U$S 307.95"
"05-08-25";"B.Blanca";"Girasol";"U$S 306.41"
"06-08-25";"B.Blanca";"Girasol";"U$S 307.91"
"07-08-25";"B.Blanca";"Girasol";"U$S 307.9"
"08-08-25";"B.Blanca";"Girasol";"U$S 307.9"
"11-08-25";"B.Blanca";"Girasol";"U$S 307.89"
"12-08-25";"B.Blanca";"Girasol";"U$S 307.88"
"13-08-25";"B.Blanca";"Girasol";"U$S 307.88"
"15-08-25";"B.Blanca";"Girasol";"U$S 307.85"
"18-08-25";"B.Blanca";"Girasol";"U$S 307.84"
"19-08-25";"B.Blanca";"Girasol";"U$S 307.84"
"20-08-25";"B.Blanca";"Girasol";"U$S 307.86"
"21-08-25";"B.Blanca";"Girasol";"U$S 307.88"
"22-08-25";"B.Blanca";"Girasol";"U$S 307.89"
"25-08-25";"B.Blanca";"Girasol";"U$S 307.95"
"26-08-25";"B.Blanca";"Girasol";"U$S 307.94"
"27-08-25";"B.Blanca";"Girasol";"U$S 307.93"
"28-08-25";"B.Blanca";"Girasol";"U$S 307.91"
"29-08-25";"B.Blanca";"Girasol";"U$S 314.85"
"01-09-25";"B.Blanca";"Girasol";"U$S 307.97"
"02-09-25";"B.Blanca";"Girasol";"U$S 307.95"
"03-09-25";"B.Blanca";"Girasol";"U$S 307.84"
"04-09-25";"B.Blanca";"Girasol";"U$S 307.95"
"05-09-25";"B.Blanca";"Girasol";"U$S 307.94"
"08-09-25";"B.Blanca";"Girasol";"U$S 308.02"
"09-09-25";"B.Blanca";"Girasol";"U$S 307.92"
"10-09-25";"B.Blanca";"Girasol";"U$S 308.04"
"11-09-25";"B.Blanca";"Girasol";"U$S 308.05"
"12-09-25";"B.Blanca";"Girasol";"U$S 308.08"
"15-09-25";"B.Blanca";"Girasol";"U$S 308.1"
"16-09-25";"B.Blanca";"Girasol";"U$S 308.1"
"17-09-25";"B.Blanca";"Girasol";"U$S 308.11"
"19-09-25";"B.Blanca";"Girasol";"U$S 308.11"
"23-09-25";"B.Blanca";"Girasol";"U$S 307.96"
"24-09-25";"B.Blanca";"Girasol";"U$S 307.91"
"25-09-25";"B.Blanca";"Girasol";"U$S 297.98"
"26-09-25";"B.Blanca";"Girasol";"U$S 297.96"
"30-09-25";"B.Blanca";"Girasol";"U$S 298.04"
"01-10-25";"B.Blanca";"Girasol";"U$S 298.1"
"02-10-25";"B.Blanca";"Girasol";"U$S 298.1"
"03-10-25";"B.Blanca";"Girasol";"U$S 298.1"
"06-10-25";"B.Blanca";"Girasol";"U$S 298.11"
"07-10-25";"B.Blanca";"Girasol";"U$S 298.11"
"10-10-25";"B.Blanca";"Girasol";"U$S 283.1"
"13-10-25";"B.Blanca";"Girasol";"U$S 298"
"29-12-23";"B.Blanca";"Maiz";"U$S 185.54"
"02-01-24";"B.Blanca";"Maiz";"U$S 191.19"
"03-01-24";"B.Blanca";"Maiz";"U$S 191.1"
"05-01-24";"B.Blanca";"Maiz";"U$S 190.84"
"09-01-24";"B.Blanca";"Maiz";"U$S 198.92"
"15-01-24";"B.Blanca";"Maiz";"U$S 192.03"
"16-01-24";"B.Blanca";"Maiz";"U$S 191.91"
"17-01-24";"B.Blanca";"Maiz";"U$S 193.01"
"18-01-24";"B.Blanca";"Maiz";"U$S 191.65"
"22-01-24";"B.Blanca";"Maiz";"U$S 192.35"
"23-01-24";"B.Blanca";"Maiz";"U$S 194.06"
"25-01-24";"B.Blanca";"Maiz";"U$S 193.8"
"26-01-24";"B.Blanca";"Maiz";"U$S 191.86"
"29-01-24";"B.Blanca";"Maiz";"U$S 190.26"
"30-01-24";"B.Blanca";"Maiz";"U$S 191.35"
"31-01-24";"B.Blanca";"Maiz";"U$S 191.19"
"02-02-24";"B.Blanca";"Maiz";"U$S 190.98"
"05-02-24";"B.Blanca";"Maiz";"U$S 186.97"
"06-02-24";"B.Blanca";"Maiz";"U$S 186.86"
"07-02-24";"B.Blanca";"Maiz";"U$S 189.11"
"08-02-24";"B.Blanca";"Maiz";"U$S 186.61"
"09-02-24";"B.Blanca";"Maiz";"U$S 186.45"
"14-02-24";"B.Blanca";"Maiz";"U$S 179.88"
"15-02-24";"B.Blanca";"Maiz";"U$S 179.75"
"20-02-24";"B.Blanca";"Maiz";"U$S 182.75"
"21-02-24";"B.Blanca";"Maiz";"U$S 179.02"
"27-02-24";"B.Blanca";"Maiz";"U$S 178.34"
"28-02-24";"B.Blanca";"Maiz";"U$S 178.21"
"01-03-24";"B.Blanca";"Maiz";"U$S 180.42"
"04-03-24";"B.Blanca";"Maiz";"U$S 180.09"
"05-03-24";"B.Blanca";"Maiz";"U$S 179.88"
"06-03-24";"B.Blanca";"Maiz";"U$S 179.18"
"07-03-24";"B.Blanca";"Maiz";"U$S 179.67"
"11-03-24";"B.Blanca";"Maiz";"U$S 182.78"
"12-03-24";"B.Blanca";"Maiz";"U$S 186.21"
"14-03-24";"B.Blanca";"Maiz";"U$S 182.35"
"15-03-24";"B.Blanca";"Maiz";"U$S 188.12"
"18-03-24";"B.Blanca";"Maiz";"U$S 185.34"
"27-03-24";"B.Blanca";"Maiz";"U$S 192.31"
"03-04-24";"B.Blanca";"Maiz";"U$S 185.83"
"04-04-24";"B.Blanca";"Maiz";"U$S 185.72"
"08-04-24";"B.Blanca";"Maiz";"U$S 190.97"
"09-04-24";"B.Blanca";"Maiz";"U$S 190.86"
"10-04-24";"B.Blanca";"Maiz";"U$S 190.75"
"15-04-24";"B.Blanca";"Maiz";"U$S 190.09"
"17-04-24";"B.Blanca";"Maiz";"U$S 189.76"
"19-04-24";"B.Blanca";"Maiz";"U$S 189.33"
"23-04-24";"B.Blanca";"Maiz";"U$S 191.4"
"24-04-24";"B.Blanca";"Maiz";"U$S 194.73"
"30-04-24";"B.Blanca";"Maiz";"U$S 199.66"
"02-05-24";"B.Blanca";"Maiz";"U$S 197.04"
"03-05-24";"B.Blanca";"Maiz";"U$S 199.2"
"07-05-24";"B.Blanca";"Maiz";"U$S 198.75"
"09-05-24";"B.Blanca";"Maiz";"U$S 198.41"
"22-05-24";"B.Blanca";"Maiz";"U$S 1815.63"
"23-05-24";"B.Blanca";"Maiz";"U$S 191.01"
"30-05-24";"B.Blanca";"Maiz";"U$S 184.56"
"31-05-24";"B.Blanca";"Maiz";"U$S 183.7"
"04-06-24";"B.Blanca";"Maiz";"U$S 183.95"
"12-06-24";"B.Blanca";"Maiz";"U$S 188.57"
"18-06-24";"B.Blanca";"Maiz";"U$S 182.32"
"19-06-24";"B.Blanca";"Maiz";"U$S 181.82"
"24-06-24";"B.Blanca";"Maiz";"U$S 176.11"
"25-06-24";"B.Blanca";"Maiz";"U$S 178.22"
"26-06-24";"B.Blanca";"Maiz";"U$S 181.12"
"27-06-24";"B.Blanca";"Maiz";"U$S 183.21"
"08-07-24";"B.Blanca";"Maiz";"U$S 169.84"
"10-07-24";"B.Blanca";"Maiz";"U$S 174.01"
"12-07-24";"B.Blanca";"Maiz";"U$S 179.06"
"15-07-24";"B.Blanca";"Maiz";"U$S 167.93"
"16-07-24";"B.Blanca";"Maiz";"U$S 167.84"
"17-07-24";"B.Blanca";"Maiz";"U$S 173.16"
"19-07-24";"B.Blanca";"Maiz";"U$S 177.9"
"22-07-24";"B.Blanca";"Maiz";"U$S 178.09"
"23-07-24";"B.Blanca";"Maiz";"U$S 177.99"
"24-07-24";"B.Blanca";"Maiz";"U$S 177.8"
"26-07-24";"B.Blanca";"Maiz";"U$S 171.77"
"29-07-24";"B.Blanca";"Maiz";"U$S 171.67"
"30-07-24";"B.Blanca";"Maiz";"U$S 171.58"
"31-07-24";"B.Blanca";"Maiz";"U$S 170.6"
"01-08-24";"B.Blanca";"Maiz";"U$S 171.49"
"09-08-24";"B.Blanca";"Maiz";"U$S 172.52"
"12-08-24";"B.Blanca";"Maiz";"U$S 174.56"
"14-08-24";"B.Blanca";"Maiz";"U$S 175.35"
"15-08-24";"B.Blanca";"Maiz";"U$S 175.25"
"16-08-24";"B.Blanca";"Maiz";"U$S 174.79"
"20-08-24";"B.Blanca";"Maiz";"U$S 174.7"
"23-08-24";"B.Blanca";"Maiz";"U$S 179.23"
"26-08-24";"B.Blanca";"Maiz";"U$S 173.59"
"27-08-24";"B.Blanca";"Maiz";"U$S 173.68"
"28-08-24";"B.Blanca";"Maiz";"U$S 179.04"
"29-08-24";"B.Blanca";"Maiz";"U$S 178.76"
"02-09-24";"B.Blanca";"Maiz";"U$S 178.38"
"03-09-24";"B.Blanca";"Maiz";"U$S 178.29"
"04-09-24";"B.Blanca";"Maiz";"U$S 178.1"
"05-09-24";"B.Blanca";"Maiz";"U$S 178.1"
"06-09-24";"B.Blanca";"Maiz";"U$S 177.45"
"09-09-24";"B.Blanca";"Maiz";"U$S 177.36"
"11-09-24";"B.Blanca";"Maiz";"U$S 177.36"
"12-09-24";"B.Blanca";"Maiz";"U$S 176.99"
"13-09-24";"B.Blanca";"Maiz";"U$S 179.83"
"16-09-24";"B.Blanca";"Maiz";"U$S 176.72"
"18-09-24";"B.Blanca";"Maiz";"U$S 181.63"
"20-09-24";"B.Blanca";"Maiz";"U$S 181.25"
"23-09-24";"B.Blanca";"Maiz";"U$S 181.16"
"24-09-24";"B.Blanca";"Maiz";"U$S 181.07"
"25-09-24";"B.Blanca";"Maiz";"U$S 180.6"
"27-09-24";"B.Blanca";"Maiz";"U$S 180.41"
"01-10-24";"B.Blanca";"Maiz";"U$S 185.38"
"02-10-24";"B.Blanca";"Maiz";"U$S 190.43"
"07-10-24";"B.Blanca";"Maiz";"U$S 189.65"
"08-10-24";"B.Blanca";"Maiz";"U$S 184.52"
"10-10-24";"B.Blanca";"Maiz";"U$S 291.11"
"14-10-24";"B.Blanca";"Maiz";"U$S 183.67"
"17-10-24";"B.Blanca";"Maiz";"U$S 183.39"
"18-10-24";"B.Blanca";"Maiz";"U$S 182.83"
"21-10-24";"B.Blanca";"Maiz";"U$S 182.93"
"22-10-24";"B.Blanca";"Maiz";"U$S 185.88"
"23-10-24";"B.Blanca";"Maiz";"U$S 185.69"
"24-10-24";"B.Blanca";"Maiz";"U$S 187.63"
"25-10-24";"B.Blanca";"Maiz";"U$S 184.21"
"28-10-24";"B.Blanca";"Maiz";"U$S 183.61"
"31-10-24";"B.Blanca";"Maiz";"U$S 182"
"04-11-24";"B.Blanca";"Maiz";"U$S 187.06"
"06-11-24";"B.Blanca";"Maiz";"U$S 186.02"
"07-11-24";"B.Blanca";"Maiz";"U$S 185.93"
"08-11-24";"B.Blanca";"Maiz";"U$S 185.56"
"12-11-24";"B.Blanca";"Maiz";"U$S 190.29"
"13-11-24";"B.Blanca";"Maiz";"U$S 189.19"
"14-11-24";"B.Blanca";"Maiz";"U$S 185.09"
"15-11-24";"B.Blanca";"Maiz";"U$S 184.54"
"19-11-24";"B.Blanca";"Maiz";"U$S 186.44"
"20-11-24";"B.Blanca";"Maiz";"U$S 184.35"
"22-11-24";"B.Blanca";"Maiz";"U$S 185.7"
"26-11-24";"B.Blanca";"Maiz";"U$S 183.53"
"27-11-24";"B.Blanca";"Maiz";"U$S 183.44"
"28-11-24";"B.Blanca";"Maiz";"U$S 183.35"
"29-11-24";"B.Blanca";"Maiz";"U$S 182.9"
"02-12-24";"B.Blanca";"Maiz";"U$S 182.72"
"03-12-24";"B.Blanca";"Maiz";"U$S 182.72"
"04-12-24";"B.Blanca";"Maiz";"U$S 182.63"
"09-12-24";"B.Blanca";"Maiz";"U$S 181.51"
"10-12-24";"B.Blanca";"Maiz";"U$S 181.42"
"11-12-24";"B.Blanca";"Maiz";"U$S 181.82"
"12-12-24";"B.Blanca";"Maiz";"U$S 179.59"
"16-12-24";"B.Blanca";"Maiz";"U$S 180.93"
"18-12-24";"B.Blanca";"Maiz";"U$S 182.89"
"19-12-24";"B.Blanca";"Maiz";"U$S 180.84"
"20-12-24";"B.Blanca";"Maiz";"U$S 185.37"
"26-12-24";"B.Blanca";"Maiz";"U$S 186.5"
"27-12-24";"B.Blanca";"Maiz";"U$S 186.14"
"30-12-24";"B.Blanca";"Maiz";"U$S 187.02"
"02-01-25";"B.Blanca";"Maiz";"U$S 188.86"
"03-01-25";"B.Blanca";"Maiz";"U$S 188.31"
"07-01-25";"B.Blanca";"Maiz";"U$S 188.22"
"08-01-25";"B.Blanca";"Maiz";"U$S 191.03"
"10-01-25";"B.Blanca";"Maiz";"U$S 192.4"
"13-01-25";"B.Blanca";"Maiz";"U$S 197.12"
"14-01-25";"B.Blanca";"Maiz";"U$S 197.89"
"15-01-25";"B.Blanca";"Maiz";"U$S 197.7"
"16-01-25";"B.Blanca";"Maiz";"U$S 196.74"
"17-01-25";"B.Blanca";"Maiz";"U$S 196.36"
"20-01-25";"B.Blanca";"Maiz";"U$S 197.8"
"21-01-25";"B.Blanca";"Maiz";"U$S 200.57"
"22-01-25";"B.Blanca";"Maiz";"U$S 200.38"
"23-01-25";"B.Blanca";"Maiz";"U$S 200.29"
"29-01-25";"B.Blanca";"Maiz";"U$S 209.22"
"30-01-25";"B.Blanca";"Maiz";"U$S 209.13"
"03-02-25";"B.Blanca";"Maiz";"U$S 208.68"
"04-02-25";"B.Blanca";"Maiz";"U$S 213.42"
"05-02-25";"B.Blanca";"Maiz";"U$S 213.37"
"06-02-25";"B.Blanca";"Maiz";"U$S 213.32"
"10-02-25";"B.Blanca";"Maiz";"U$S 208.23"
"11-02-25";"B.Blanca";"Maiz";"U$S 208.23"
"12-02-25";"B.Blanca";"Maiz";"U$S 208.19"
"14-02-25";"B.Blanca";"Maiz";"U$S 212.62"
"17-02-25";"B.Blanca";"Maiz";"U$S 212.41"
"18-02-25";"B.Blanca";"Maiz";"U$S 210.58"
"19-02-25";"B.Blanca";"Maiz";"U$S 209.58"
"20-02-25";"B.Blanca";"Maiz";"U$S 212.31"
"21-02-25";"B.Blanca";"Maiz";"U$S 212.11"
"24-02-25";"B.Blanca";"Maiz";"U$S 202.64"
"25-02-25";"B.Blanca";"Maiz";"U$S 202.54"
"26-02-25";"B.Blanca";"Maiz";"U$S 207.21"
"04-03-25";"B.Blanca";"Maiz";"U$S 206.62"
"05-03-25";"B.Blanca";"Maiz";"U$S 206.72"
"17-03-25";"B.Blanca";"Maiz";"U$S 201.22"
"18-03-25";"B.Blanca";"Maiz";"U$S 201.12"
"29-04-25";"B.Blanca";"Maiz";"U$S 197.42"
"07-05-25";"B.Blanca";"Maiz";"U$S 183.52"
"12-05-25";"B.Blanca";"Maiz";"U$S 182.54"
"03-06-25";"B.Blanca";"Maiz";"U$S 176.65"
"06-06-25";"B.Blanca";"Maiz";"U$S 173.67"
"09-06-25";"B.Blanca";"Maiz";"U$S 171.69"
"10-06-25";"B.Blanca";"Maiz";"U$S 172.49"
"11-06-25";"B.Blanca";"Maiz";"U$S 174.11"
"12-06-25";"B.Blanca";"Maiz";"U$S 173.67"
"13-06-25";"B.Blanca";"Maiz";"U$S 173.67"
"18-06-25";"B.Blanca";"Maiz";"U$S 170.65"
"23-06-25";"B.Blanca";"Maiz";"U$S 168.69"
"24-06-25";"B.Blanca";"Maiz";"U$S 170.68"
"25-06-25";"B.Blanca";"Maiz";"U$S 171.69"
"26-06-25";"B.Blanca";"Maiz";"U$S 171.69"
"27-06-25";"B.Blanca";"Maiz";"U$S 168.71"
"30-06-25";"B.Blanca";"Maiz";"U$S 168.73"
"02-07-25";"B.Blanca";"Maiz";"U$S 171.73"
"03-07-25";"B.Blanca";"Maiz";"U$S 171.74"
"04-07-25";"B.Blanca";"Maiz";"U$S 171.74"
"08-07-25";"B.Blanca";"Maiz";"U$S 170.14"
"10-07-25";"B.Blanca";"Maiz";"U$S 168.78"
"14-07-25";"B.Blanca";"Maiz";"U$S 168.8"
"15-07-25";"B.Blanca";"Maiz";"U$S 170.28"
"16-07-25";"B.Blanca";"Maiz";"U$S 173.75"
"17-07-25";"B.Blanca";"Maiz";"U$S 173.76"
"18-07-25";"B.Blanca";"Maiz";"U$S 173.78"
"21-07-25";"B.Blanca";"Maiz";"U$S 171.78"
"22-07-25";"B.Blanca";"Maiz";"U$S 173.75"
"23-07-25";"B.Blanca";"Maiz";"U$S 171.69"
"24-07-25";"B.Blanca";"Maiz";"U$S 173.76"
"28-07-25";"B.Blanca";"Maiz";"U$S 173.78"
"29-07-25";"B.Blanca";"Maiz";"U$S 173.28"
"30-07-25";"B.Blanca";"Maiz";"U$S 173.8"
"01-08-25";"B.Blanca";"Maiz";"U$S 173.85"
"04-08-25";"B.Blanca";"Maiz";"U$S 173.84"
"05-08-25";"B.Blanca";"Maiz";"U$S 172.97"
"06-08-25";"B.Blanca";"Maiz";"U$S 173.82"
"07-08-25";"B.Blanca";"Maiz";"U$S 174.81"
"08-08-25";"B.Blanca";"Maiz";"U$S 175.8"
"11-08-25";"B.Blanca";"Maiz";"U$S 174.8"
"13-08-25";"B.Blanca";"Maiz";"U$S 171.81"
"15-08-25";"B.Blanca";"Maiz";"U$S 173.79"
"18-08-25";"B.Blanca";"Maiz";"U$S 173.78"
"19-08-25";"B.Blanca";"Maiz";"U$S 172.79"
"20-08-25";"B.Blanca";"Maiz";"U$S 171.8"
"22-08-25";"B.Blanca";"Maiz";"U$S 172.81"
"25-08-25";"B.Blanca";"Maiz";"U$S 173.35"
"26-08-25";"B.Blanca";"Maiz";"U$S 173.84"
"27-08-25";"B.Blanca";"Maiz";"U$S 171.35"
"28-08-25";"B.Blanca";"Maiz";"U$S 170.34"
"29-08-25";"B.Blanca";"Maiz";"U$S 177.74"
"01-09-25";"B.Blanca";"Maiz";"U$S 173.85"
"02-09-25";"B.Blanca";"Maiz";"U$S 173.84"
"03-09-25";"B.Blanca";"Maiz";"U$S 173.78"
"04-09-25";"B.Blanca";"Maiz";"U$S 173.84"
"05-09-25";"B.Blanca";"Maiz";"U$S 173.84"
"08-09-25";"B.Blanca";"Maiz";"U$S 173.88"
"09-09-25";"B.Blanca";"Maiz";"U$S 173.83"
"10-09-25";"B.Blanca";"Maiz";"U$S 173.89"
"11-09-25";"B.Blanca";"Maiz";"U$S 173.9"
"12-09-25";"B.Blanca";"Maiz";"U$S 173.92"
"15-09-25";"B.Blanca";"Maiz";"U$S 173.93"
"16-09-25";"B.Blanca";"Maiz";"U$S 173.93"
"17-09-25";"B.Blanca";"Maiz";"U$S 175.92"
"19-09-25";"B.Blanca";"Maiz";"U$S 175.92"
"23-09-25";"B.Blanca";"Maiz";"U$S 186.76"
"24-09-25";"B.Blanca";"Maiz";"U$S 184.75"
"26-09-25";"B.Blanca";"Maiz";"U$S 179.49"
"29-09-25";"B.Blanca";"Maiz";"U$S 177.94"
"30-09-25";"B.Blanca";"Maiz";"U$S 178.83"
"02-10-25";"B.Blanca";"Maiz";"U$S 174.8"
"03-10-25";"B.Blanca";"Maiz";"U$S 174.8"
"06-10-25";"B.Blanca";"Maiz";"U$S 174.83"
"07-10-25";"B.Blanca";"Maiz";"U$S 174.89"
"10-10-25";"B.Blanca";"Maiz";"U$S 176.06"
"13-10-25";"B.Blanca";"Maiz";"U$S 171.85"
"14-10-25";"B.Blanca";"Maiz";"U$S 173.84"
"16-10-25";"B.Blanca";"Maiz";"U$S 177.85"
"17-10-25";"B.Blanca";"Maiz";"U$S 178.88"
"21-10-25";"B.Blanca";"Maiz";"U$S 175.78"
"22-10-25";"B.Blanca";"Maiz";"U$S 176.92"
"27-10-25";"B.Blanca";"Maiz";"U$S 178.87"
"28-10-25";"B.Blanca";"Maiz";"U$S 178.9"
"29-10-25";"B.Blanca";"Maiz";"U$S 181.61"
"30-10-25";"B.Blanca";"Maiz";"U$S 179.87"
"31-10-25";"B.Blanca";"Maiz";"U$S 178.88"
"03-11-25";"B.Blanca";"Maiz";"U$S 179.9"
"06-11-25";"B.Blanca";"Maiz";"U$S 181.87"
"26-03-24";"B.Blanca";"Soja";"U$S 286.05"
"08-04-24";"B.Blanca";"Soja";"U$S 289.35"
"09-04-24";"B.Blanca";"Soja";"U$S 289.18"
"10-04-24";"B.Blanca";"Soja";"U$S 283.24"
"15-04-24";"B.Blanca";"Soja";"U$S 288.02"
"17-04-24";"B.Blanca";"Soja";"U$S 283.5"
"23-04-24";"B.Blanca";"Soja";"U$S 286.53"
"24-04-24";"B.Blanca";"Soja";"U$S 286.37"
"25-04-24";"B.Blanca";"Soja";"U$S 286.04"
"29-04-24";"B.Blanca";"Soja";"U$S 279.52"
"30-04-24";"B.Blanca";"Soja";"U$S 274.96"
"02-05-24";"B.Blanca";"Soja";"U$S 284.74"
"03-05-24";"B.Blanca";"Soja";"U$S 285.71"
"07-05-24";"B.Blanca";"Soja";"U$S 304.37"
"14-05-24";"B.Blanca";"Soja";"U$S 293.79"
"16-05-24";"B.Blanca";"Soja";"U$S 304.74"
"17-05-24";"B.Blanca";"Soja";"U$S 306.26"
"23-05-24";"B.Blanca";"Soja";"U$S 320.22"
"27-05-24";"B.Blanca";"Soja";"U$S 313.37"
"28-05-24";"B.Blanca";"Soja";"U$S 313.37"
"29-05-24";"B.Blanca";"Soja";"U$S 313.37"
"30-05-24";"B.Blanca";"Soja";"U$S 313.2"
"31-05-24";"B.Blanca";"Soja";"U$S 314.91"
"03-06-24";"B.Blanca";"Soja";"U$S 312.15"
"04-06-24";"B.Blanca";"Soja";"U$S 312.15"
"11-06-24";"B.Blanca";"Soja";"U$S 312.64"
"12-06-24";"B.Blanca";"Soja";"U$S 310.59"
"19-06-24";"B.Blanca";"Soja";"U$S 303.03"
"24-06-24";"B.Blanca";"Soja";"U$S 302.7"
"25-06-24";"B.Blanca";"Soja";"U$S 302.53"
"26-06-24";"B.Blanca";"Soja";"U$S 301.87"
"27-06-24";"B.Blanca";"Soja";"U$S 296.22"
"02-07-24";"B.Blanca";"Soja";"U$S 302.9"
"03-07-24";"B.Blanca";"Soja";"U$S 307.1"
"04-07-24";"B.Blanca";"Soja";"U$S 306.77"
"10-07-24";"B.Blanca";"Soja";"U$S 293.64"
"12-07-24";"B.Blanca";"Soja";"U$S 298.43"
"15-07-24";"B.Blanca";"Soja";"U$S 292.52"
"16-07-24";"B.Blanca";"Soja";"U$S 292.37"
"17-07-24";"B.Blanca";"Soja";"U$S 297.62"
"19-07-24";"B.Blanca";"Soja";"U$S 291.11"
"23-07-24";"B.Blanca";"Soja";"U$S 296.66"
"29-07-24";"B.Blanca";"Soja";"U$S 289.7"
"30-07-24";"B.Blanca";"Soja";"U$S 289.54"
"31-07-24";"B.Blanca";"Soja";"U$S 284.33"
"01-08-24";"B.Blanca";"Soja";"U$S 289.39"
"12-08-24";"B.Blanca";"Soja";"U$S 282.06"
"14-08-24";"B.Blanca";"Soja";"U$S 276.3"
"16-08-24";"B.Blanca";"Soja";"U$S 280.72"
"19-08-24";"B.Blanca";"Soja";"U$S 280.72"
"20-08-24";"B.Blanca";"Soja";"U$S 280.57"
"23-08-24";"B.Blanca";"Soja";"U$S 168.69"
"26-08-24";"B.Blanca";"Soja";"U$S 289.32"
"27-08-24";"B.Blanca";"Soja";"U$S 289.47"
"28-08-24";"B.Blanca";"Soja";"U$S 289.63"
"29-08-24";"B.Blanca";"Soja";"U$S 294.43"
"03-09-24";"B.Blanca";"Soja";"U$S 293.65"
"04-09-24";"B.Blanca";"Soja";"U$S 293.35"
"03-06-25";"B.Blanca";"Soja";"U$S 262.99"
"06-06-25";"B.Blanca";"Soja";"U$S 267.95"
"09-06-25";"B.Blanca";"Soja";"U$S 272.91"
"11-06-25";"B.Blanca";"Soja";"U$S 273.6"
"17-06-25";"B.Blanca";"Soja";"U$S 277.83"
"18-06-25";"B.Blanca";"Soja";"U$S 277.79"
"24-06-25";"B.Blanca";"Soja";"U$S 272.89"
"25-06-25";"B.Blanca";"Soja";"U$S 267.96"
"26-06-25";"B.Blanca";"Soja";"U$S 267.96"
"07-07-25";"B.Blanca";"Soja";"U$S 297.86"
"14-07-25";"B.Blanca";"Soja";"U$S 257.81"
"16-07-25";"B.Blanca";"Soja";"U$S 261.7"
"17-07-25";"B.Blanca";"Soja";"U$S 260.6"
"18-07-25";"B.Blanca";"Soja";"U$S 263.61"
"21-07-25";"B.Blanca";"Soja";"U$S 262.75"
"22-07-25";"B.Blanca";"Soja";"U$S 266.61"
"23-07-25";"B.Blanca";"Soja";"U$S 270.16"
"28-07-25";"B.Blanca";"Soja";"U$S 277.99"
"29-07-25";"B.Blanca";"Soja";"U$S 282.73"
"30-07-25";"B.Blanca";"Soja";"U$S 281.37"
"01-08-25";"B.Blanca";"Soja";"U$S 208.94"
"07-08-25";"B.Blanca";"Soja";"U$S 294.01"
"08-08-25";"B.Blanca";"Soja";"U$S 290.35"
"11-08-25";"B.Blanca";"Soja";"U$S 291.23"
"12-08-25";"B.Blanca";"Soja";"U$S 296.02"
"13-08-25";"B.Blanca";"Soja";"U$S 297.03"
"19-08-25";"B.Blanca";"Soja";"U$S 295.55"
"20-08-25";"B.Blanca";"Soja";"U$S 295.93"
"21-08-25";"B.Blanca";"Soja";"U$S 296.58"
"22-08-25";"B.Blanca";"Soja";"U$S 299.02"
"25-08-25";"B.Blanca";"Soja";"U$S 293.69"
"26-08-25";"B.Blanca";"Soja";"U$S 291.19"
"27-08-25";"B.Blanca";"Soja";"U$S 292.7"
"28-08-25";"B.Blanca";"Soja";"U$S 292.57"
"29-08-25";"B.Blanca";"Soja";"U$S 290.61"
"02-09-25";"B.Blanca";"Soja";"U$S 290.23"
"03-09-25";"B.Blanca";"Soja";"U$S 290.12"
"04-09-25";"B.Blanca";"Soja";"U$S 293.58"
"05-09-25";"B.Blanca";"Soja";"U$S 295.2"
"08-09-25";"B.Blanca";"Soja";"U$S 188.79"
"09-09-25";"B.Blanca";"Soja";"U$S 292.98"
"10-09-25";"B.Blanca";"Soja";"U$S 295.05"
"11-09-25";"B.Blanca";"Soja";"U$S 300.28"
"12-09-25";"B.Blanca";"Soja";"U$S 299.38"
"15-09-25";"B.Blanca";"Soja";"U$S 299.93"
"16-09-25";"B.Blanca";"Soja";"U$S 299.52"
"19-09-25";"B.Blanca";"Soja";"U$S 291.53"
"22-09-25";"B.Blanca";"Soja";"U$S 358.66"
"23-09-25";"B.Blanca";"Soja";"U$S 358.63"
"24-09-25";"B.Blanca";"Soja";"U$S 342.68"
"25-09-25";"B.Blanca";"Soja";"U$S 336.57"
"26-09-25";"B.Blanca";"Soja";"U$S 339.37"
"30-09-25";"B.Blanca";"Soja";"U$S 347.83"
"01-10-25";"B.Blanca";"Soja";"U$S 347.86"
"02-10-25";"B.Blanca";"Soja";"U$S 347.49"
"03-10-25";"B.Blanca";"Soja";"U$S 347.49"
"06-10-25";"B.Blanca";"Soja";"U$S 346.15"
"07-10-25";"B.Blanca";"Soja";"U$S 346.27"
"10-10-25";"B.Blanca";"Soja";"U$S 348.59"
"13-10-25";"B.Blanca";"Soja";"U$S 344.7"
"14-10-25";"B.Blanca";"Soja";"U$S 341.91"
"16-10-25";"B.Blanca";"Soja";"U$S 335.24"
"21-10-25";"B.Blanca";"Soja";"U$S 322.04"
"06-11-25";"B.Blanca";"Soja";"U$S 330.58"
"29-12-23";"B.Blanca";"Trigo";"U$S 222.65"
"02-01-24";"B.Blanca";"Trigo";"U$S 222.03"
"03-01-24";"B.Blanca";"Trigo";"U$S 215.76"
"04-01-24";"B.Blanca";"Trigo";"U$S 209.44"
"05-01-24";"B.Blanca";"Trigo";"U$S 209.31"
"10-01-24";"B.Blanca";"Trigo";"U$S 208.61"
"16-01-24";"B.Blanca";"Trigo";"U$S 213.91"
"17-01-24";"B.Blanca";"Trigo";"U$S 213.78"
"18-01-24";"B.Blanca";"Trigo";"U$S 219.73"
"19-01-24";"B.Blanca";"Trigo";"U$S 219.59"
"22-01-24";"B.Blanca";"Trigo";"U$S 218.53"
"23-01-24";"B.Blanca";"Trigo";"U$S 219"
"25-01-24";"B.Blanca";"Trigo";"U$S 218.71"
"26-01-24";"B.Blanca";"Trigo";"U$S 218.58"
"29-01-24";"B.Blanca";"Trigo";"U$S 218.13"
"30-01-24";"B.Blanca";"Trigo";"U$S 218"
"31-01-24";"B.Blanca";"Trigo";"U$S 217.81"
"01-02-24";"B.Blanca";"Trigo";"U$S 211.63"
"02-02-24";"B.Blanca";"Trigo";"U$S 213.95"
"05-02-24";"B.Blanca";"Trigo";"U$S 217.13"
"06-02-24";"B.Blanca";"Trigo";"U$S 217"
"07-02-24";"B.Blanca";"Trigo";"U$S 216.82"
"08-02-24";"B.Blanca";"Trigo";"U$S 216.71"
"09-02-24";"B.Blanca";"Trigo";"U$S 216.53"
"14-02-24";"B.Blanca";"Trigo";"U$S 209.86"
"15-02-24";"B.Blanca";"Trigo";"U$S 185.74"
"19-02-24";"B.Blanca";"Trigo";"U$S 213.94"
"20-02-24";"B.Blanca";"Trigo";"U$S 203.06"
"21-02-24";"B.Blanca";"Trigo";"U$S 205.28"
"23-02-24";"B.Blanca";"Trigo";"U$S 202.65"
"27-02-24";"B.Blanca";"Trigo";"U$S 193.79"
"28-02-24";"B.Blanca";"Trigo";"U$S 193.66"
"01-03-24";"B.Blanca";"Trigo";"U$S 193.47"
"04-03-24";"B.Blanca";"Trigo";"U$S 193.13"
"05-03-24";"B.Blanca";"Trigo";"U$S 195.27"
"06-03-24";"B.Blanca";"Trigo";"U$S 193.97"
"07-03-24";"B.Blanca";"Trigo";"U$S 195.04"
"11-03-24";"B.Blanca";"Trigo";"U$S 194.58"
"12-03-24";"B.Blanca";"Trigo";"U$S 194.46"
"15-03-24";"B.Blanca";"Trigo";"U$S 188.12"
"18-03-24";"B.Blanca";"Trigo";"U$S 187.68"
"25-03-24";"B.Blanca";"Trigo";"U$S 196.26"
"26-03-24";"B.Blanca";"Trigo";"U$S 196.15"
"27-03-24";"B.Blanca";"Trigo";"U$S 195.8"
"03-04-24";"B.Blanca";"Trigo";"U$S 195.12"
"04-04-24";"B.Blanca";"Trigo";"U$S 196.17"
"08-04-24";"B.Blanca";"Trigo";"U$S 196.76"
"09-04-24";"B.Blanca";"Trigo";"U$S 196.65"
"10-04-24";"B.Blanca";"Trigo";"U$S 196.53"
"15-04-24";"B.Blanca";"Trigo";"U$S 201.61"
"17-04-24";"B.Blanca";"Trigo";"U$S 207.02"
"18-04-24";"B.Blanca";"Trigo";"U$S 211.49"
"23-04-24";"B.Blanca";"Trigo";"U$S 212.03"
"22-05-24";"B.Blanca";"Trigo";"U$S 247.33"
"25-06-24";"B.Blanca";"Trigo";"U$S 220.02"
"26-06-24";"B.Blanca";"Trigo";"U$S 219.54"
"27-06-24";"B.Blanca";"Trigo";"U$S 219.42"
"04-07-24";"B.Blanca";"Trigo";"U$S 218.34"
"08-07-24";"B.Blanca";"Trigo";"U$S 223.19"
"10-07-24";"B.Blanca";"Trigo";"U$S 222.95"
"12-07-24";"B.Blanca";"Trigo";"U$S 231.14"
"15-07-24";"B.Blanca";"Trigo";"U$S 227.52"
"16-07-24";"B.Blanca";"Trigo";"U$S 221.98"
"17-07-24";"B.Blanca";"Trigo";"U$S 227.27"
"19-07-24";"B.Blanca";"Trigo";"U$S 221.02"
"23-07-24";"B.Blanca";"Trigo";"U$S 221.14"
"24-07-24";"B.Blanca";"Trigo";"U$S 220.91"
"31-07-24";"B.Blanca";"Trigo";"U$S 214.59"
"01-08-24";"B.Blanca";"Trigo";"U$S 225.08"
"09-08-24";"B.Blanca";"Trigo";"U$S 223.64"
"12-08-24";"B.Blanca";"Trigo";"U$S 223.52"
"15-08-24";"B.Blanca";"Trigo";"U$S 212.43"
"16-08-24";"B.Blanca";"Trigo";"U$S 217.16"
"19-08-24";"B.Blanca";"Trigo";"U$S 217.16"
"20-08-24";"B.Blanca";"Trigo";"U$S 222.34"
"21-08-24";"B.Blanca";"Trigo";"U$S 222.22"
"22-08-24";"B.Blanca";"Trigo";"U$S 221.99"
"23-08-24";"B.Blanca";"Trigo";"U$S 221.4"
"27-08-24";"B.Blanca";"Trigo";"U$S 225.68"
"28-08-24";"B.Blanca";"Trigo";"U$S 224.33"
"29-08-24";"B.Blanca";"Trigo";"U$S 220.82"
"10-09-24";"B.Blanca";"Trigo";"U$S 203.55"
"12-09-24";"B.Blanca";"Trigo";"U$S 197.81"
"16-09-24";"B.Blanca";"Trigo";"U$S 197.51"
"18-09-24";"B.Blanca";"Trigo";"U$S 197.2"
"20-09-24";"B.Blanca";"Trigo";"U$S 207.15"
"23-09-24";"B.Blanca";"Trigo";"U$S 196.69"
"25-09-24";"B.Blanca";"Trigo";"U$S 201.24"
"02-10-24";"B.Blanca";"Trigo";"U$S 200.72"
"07-10-24";"B.Blanca";"Trigo";"U$S 205.02"
"10-10-24";"B.Blanca";"Trigo";"U$S 209.4"
"14-10-24";"B.Blanca";"Trigo";"U$S 204.08"
"17-10-24";"B.Blanca";"Trigo";"U$S 211.92"
"18-10-24";"B.Blanca";"Trigo";"U$S 213.31"
"21-10-24";"B.Blanca";"Trigo";"U$S 213.41"
"22-10-24";"B.Blanca";"Trigo";"U$S 213.31"
"23-10-24";"B.Blanca";"Trigo";"U$S 213.09"
"24-10-24";"B.Blanca";"Trigo";"U$S 121.7"
"25-10-24";"B.Blanca";"Trigo";"U$S 212.04"
"28-10-24";"B.Blanca";"Trigo";"U$S 212.44"
"31-10-24";"B.Blanca";"Trigo";"U$S 202.22"
"01-11-24";"B.Blanca";"Trigo";"U$S 197.17"
"04-11-24";"B.Blanca";"Trigo";"U$S 192.11"
"13-11-24";"B.Blanca";"Trigo";"U$S 185.19"
"14-11-24";"B.Blanca";"Trigo";"U$S 185.09"
"15-11-24";"B.Blanca";"Trigo";"U$S 184.54"
"19-11-24";"B.Blanca";"Trigo";"U$S 184.45"
"20-11-24";"B.Blanca";"Trigo";"U$S 184.35"
"21-11-24";"B.Blanca";"Trigo";"U$S 189.05"
"22-11-24";"B.Blanca";"Trigo";"U$S 188.68"
"26-11-24";"B.Blanca";"Trigo";"U$S 188.49"
"27-11-24";"B.Blanca";"Trigo";"U$S 188.4"
"28-11-24";"B.Blanca";"Trigo";"U$S 188.31"
"29-11-24";"B.Blanca";"Trigo";"U$S 187.84"
"02-12-24";"B.Blanca";"Trigo";"U$S 187.65"
"03-12-24";"B.Blanca";"Trigo";"U$S 187.65"
"04-12-24";"B.Blanca";"Trigo";"U$S 187.56"
"05-12-24";"B.Blanca";"Trigo";"U$S 187.47"
"06-12-24";"B.Blanca";"Trigo";"U$S 189.66"
"09-12-24";"B.Blanca";"Trigo";"U$S 189.38"
"10-12-24";"B.Blanca";"Trigo";"U$S 189.77"
"11-12-24";"B.Blanca";"Trigo";"U$S 191.65"
"12-12-24";"B.Blanca";"Trigo";"U$S 191.36"
"13-12-24";"B.Blanca";"Trigo";"U$S 191.08"
"16-12-24";"B.Blanca";"Trigo";"U$S 190.71"
"17-12-24";"B.Blanca";"Trigo";"U$S 190.9"
"18-12-24";"B.Blanca";"Trigo";"U$S 192.67"
"19-12-24";"B.Blanca";"Trigo";"U$S 192.57"
"20-12-24";"B.Blanca";"Trigo";"U$S 192.2"
"23-12-24";"B.Blanca";"Trigo";"U$S 191.54"
"26-12-24";"B.Blanca";"Trigo";"U$S 191.36"
"27-12-24";"B.Blanca";"Trigo";"U$S 190.98"
"30-12-24";"B.Blanca";"Trigo";"U$S 190.89"
"02-01-25";"B.Blanca";"Trigo";"U$S 190.8"
"03-01-25";"B.Blanca";"Trigo";"U$S 189.28"
"06-01-25";"B.Blanca";"Trigo";"U$S 188.31"
"07-01-25";"B.Blanca";"Trigo";"U$S 188.22"
"08-01-25";"B.Blanca";"Trigo";"U$S 188.13"
"10-01-25";"B.Blanca";"Trigo";"U$S 187.59"
"13-01-25";"B.Blanca";"Trigo";"U$S 187.5"
"14-01-25";"B.Blanca";"Trigo";"U$S 187.32"
"15-01-25";"B.Blanca";"Trigo";"U$S 187.14"
"16-01-25";"B.Blanca";"Trigo";"U$S 188.1"
"17-01-25";"B.Blanca";"Trigo";"U$S 187.74"
"20-01-25";"B.Blanca";"Trigo";"U$S 188.25"
"21-01-25";"B.Blanca";"Trigo";"U$S 189.11"
"22-01-25";"B.Blanca";"Trigo";"U$S 190.84"
"23-01-25";"B.Blanca";"Trigo";"U$S 190.75"
"28-01-25";"B.Blanca";"Trigo";"U$S 195.05"
"29-01-25";"B.Blanca";"Trigo";"U$S 199.71"
"30-01-25";"B.Blanca";"Trigo";"U$S 201.52"
"31-01-25";"B.Blanca";"Trigo";"U$S 201.23"
"03-02-25";"B.Blanca";"Trigo";"U$S 201.09"
"04-02-25";"B.Blanca";"Trigo";"U$S 202.99"
"05-02-25";"B.Blanca";"Trigo";"U$S 202.94"
"06-02-25";"B.Blanca";"Trigo";"U$S 208.58"
"07-02-25";"B.Blanca";"Trigo";"U$S 208.38"
"10-02-25";"B.Blanca";"Trigo";"U$S 208.23"
"11-02-25";"B.Blanca";"Trigo";"U$S 208.23"
"12-02-25";"B.Blanca";"Trigo";"U$S 208.19"
"13-02-25";"B.Blanca";"Trigo";"U$S 210.82"
"14-02-25";"B.Blanca";"Trigo";"U$S 212.62"
"17-02-25";"B.Blanca";"Trigo";"U$S 212.41"
"18-02-25";"B.Blanca";"Trigo";"U$S 212.46"
"19-02-25";"B.Blanca";"Trigo";"U$S 212.41"
"20-02-25";"B.Blanca";"Trigo";"U$S 217.03"
"21-02-25";"B.Blanca";"Trigo";"U$S 216.83"
"24-02-25";"B.Blanca";"Trigo";"U$S 216.78"
"25-02-25";"B.Blanca";"Trigo";"U$S 216.67"
"26-02-25";"B.Blanca";"Trigo";"U$S 214.74"
"27-02-25";"B.Blanca";"Trigo";"U$S 211.81"
"04-03-25";"B.Blanca";"Trigo";"U$S 211.32"
"05-03-25";"B.Blanca";"Trigo";"U$S 211.42"
"17-03-25";"B.Blanca";"Trigo";"U$S 210.58"
"18-03-25";"B.Blanca";"Trigo";"U$S 210.48"
"29-04-25";"B.Blanca";"Trigo";"U$S 202.42"
"07-05-25";"B.Blanca";"Trigo";"U$S 195.42"
"12-05-25";"B.Blanca";"Trigo";"U$S 195.43"
"03-06-25";"B.Blanca";"Trigo";"U$S 198.48"
"06-06-25";"B.Blanca";"Trigo";"U$S 198.48"
"09-06-25";"B.Blanca";"Trigo";"U$S 198.48"
"10-06-25";"B.Blanca";"Trigo";"U$S 164.91"
"11-06-25";"B.Blanca";"Trigo";"U$S 198.82"
"12-06-25";"B.Blanca";"Trigo";"U$S 198.48"
"13-06-25";"B.Blanca";"Trigo";"U$S 198.48"
"17-06-25";"B.Blanca";"Trigo";"U$S 198.45"
"18-06-25";"B.Blanca";"Trigo";"U$S 198.42"
"19-06-25";"B.Blanca";"Trigo";"U$S 200"
"23-06-25";"B.Blanca";"Trigo";"U$S 198.46"
"24-06-25";"B.Blanca";"Trigo";"U$S 198.47"
"25-06-25";"B.Blanca";"Trigo";"U$S 198.49"
"26-06-25";"B.Blanca";"Trigo";"U$S 198.49"
"27-06-25";"B.Blanca";"Trigo";"U$S 198.49"
"30-06-25";"B.Blanca";"Trigo";"U$S 198.51"
"01-07-25";"B.Blanca";"Trigo";"U$S 198.53"
"02-07-25";"B.Blanca";"Trigo";"U$S 198.54"
"03-07-25";"B.Blanca";"Trigo";"U$S 198.54"
"04-07-25";"B.Blanca";"Trigo";"U$S 198.55"
"07-07-25";"B.Blanca";"Trigo";"U$S 196.59"
"08-07-25";"B.Blanca";"Trigo";"U$S 200.16"
"10-07-25";"B.Blanca";"Trigo";"U$S 198.57"
"11-07-25";"B.Blanca";"Trigo";"U$S 198.57"
"14-07-25";"B.Blanca";"Trigo";"U$S 198.59"
"15-07-25";"B.Blanca";"Trigo";"U$S 198.57"
"16-07-25";"B.Blanca";"Trigo";"U$S 198.57"
"17-07-25";"B.Blanca";"Trigo";"U$S 198.59"
"18-07-25";"B.Blanca";"Trigo";"U$S 198.6"
"21-07-25";"B.Blanca";"Trigo";"U$S 198.59"
"22-07-25";"B.Blanca";"Trigo";"U$S 200.55"
"23-07-25";"B.Blanca";"Trigo";"U$S 199.48"
"24-07-25";"B.Blanca";"Trigo";"U$S 200.57"
"25-07-25";"B.Blanca";"Trigo";"U$S 200.58"
"28-07-25";"B.Blanca";"Trigo";"U$S 200.6"
"29-07-25";"B.Blanca";"Trigo";"U$S 200.59"
"30-07-25";"B.Blanca";"Trigo";"U$S 200.62"
"01-08-25";"B.Blanca";"Trigo";"U$S 200.67"
"04-08-25";"B.Blanca";"Trigo";"U$S 200.66"
"05-08-25";"B.Blanca";"Trigo";"U$S 199.66"
"06-08-25";"B.Blanca";"Trigo";"U$S 201.63"
"07-08-25";"B.Blanca";"Trigo";"U$S 201.62"
"08-08-25";"B.Blanca";"Trigo";"U$S 201.62"
"11-08-25";"B.Blanca";"Trigo";"U$S 201.62"
"12-08-25";"B.Blanca";"Trigo";"U$S 201.61"
"13-08-25";"B.Blanca";"Trigo";"U$S 201.61"
"15-08-25";"B.Blanca";"Trigo";"U$S 201.59"
"18-08-25";"B.Blanca";"Trigo";"U$S 200.59"
"19-08-25";"B.Blanca";"Trigo";"U$S 200.59"
"20-08-25";"B.Blanca";"Trigo";"U$S 200.6"
"21-08-25";"B.Blanca";"Trigo";"U$S 201.61"
"22-08-25";"B.Blanca";"Trigo";"U$S 199.63"
"25-08-25";"B.Blanca";"Trigo";"U$S 200.67"
"26-08-25";"B.Blanca";"Trigo";"U$S 200.66"
"27-08-25";"B.Blanca";"Trigo";"U$S 200.65"
"28-08-25";"B.Blanca";"Trigo";"U$S 200.14"
"29-08-25";"B.Blanca";"Trigo";"U$S 204.65"
"01-09-25";"B.Blanca";"Trigo";"U$S 199.68"
"02-09-25";"B.Blanca";"Trigo";"U$S 199.67"
"03-09-25";"B.Blanca";"Trigo";"U$S 200.09"
"04-09-25";"B.Blanca";"Trigo";"U$S 199.67"
"05-09-25";"B.Blanca";"Trigo";"U$S 199.66"
"08-09-25";"B.Blanca";"Trigo";"U$S 199.72"
"09-09-25";"B.Blanca";"Trigo";"U$S 199.65"
"10-09-25";"B.Blanca";"Trigo";"U$S 199.73"
"11-09-25";"B.Blanca";"Trigo";"U$S 199.74"
"12-09-25";"B.Blanca";"Trigo";"U$S 198.76"
"15-09-25";"B.Blanca";"Trigo";"U$S 198.77"
"16-09-25";"B.Blanca";"Trigo";"U$S 199.77"
"17-09-25";"B.Blanca";"Trigo";"U$S 199.28"
"19-09-25";"B.Blanca";"Trigo";"U$S 195.8"
"22-09-25";"B.Blanca";"Trigo";"U$S 193.75"
"23-09-25";"B.Blanca";"Trigo";"U$S 203.65"
"24-09-25";"B.Blanca";"Trigo";"U$S 203.62"
"25-09-25";"B.Blanca";"Trigo";"U$S 198.2"
"26-09-25";"B.Blanca";"Trigo";"U$S 199.85"
"30-09-25";"B.Blanca";"Trigo";"U$S 198.7"
"01-10-25";"B.Blanca";"Trigo";"U$S 198.74"
"02-10-25";"B.Blanca";"Trigo";"U$S 198.74"
"03-10-25";"B.Blanca";"Trigo";"U$S 198.74"
"06-10-25";"B.Blanca";"Trigo";"U$S 198.74"
"07-10-25";"B.Blanca";"Trigo";"U$S 198.74"
"10-10-25";"B.Blanca";"Trigo";"U$S 186.85"
"13-10-25";"B.Blanca";"Trigo";"U$S 193.7"
"14-10-25";"B.Blanca";"Trigo";"U$S 193.71"
"15-10-25";"B.Blanca";"Trigo";"U$S 193.73"
"16-10-25";"B.Blanca";"Trigo";"U$S 193.75"
"17-10-25";"B.Blanca";"Trigo";"U$S 193.79"
"20-10-25";"B.Blanca";"Trigo";"U$S 190.83"
"21-10-25";"B.Blanca";"Trigo";"U$S 190.84"
"22-10-25";"B.Blanca";"Trigo";"U$S 190.84"
"24-10-25";"B.Blanca";"Trigo";"U$S 193.82"
"27-10-25";"B.Blanca";"Trigo";"U$S 193.78"
"28-10-25";"B.Blanca";"Trigo";"U$S 193.81"
"29-10-25";"B.Blanca";"Trigo";"U$S 191.56"
"30-10-25";"B.Blanca";"Trigo";"U$S 191.79"
"31-10-25";"B.Blanca";"Trigo";"U$S 191.8"
"03-11-25";"B.Blanca";"Trigo";"U$S 191.83"
"06-11-25";"B.Blanca";"Trigo";"U$S 191.8"
"30-09-24";"Buenos Aires";"Girasol";"U$S 348.92"
"25-11-24";"Buenos Aires";"Girasol";"U$S 348.96"
"28-11-24";"Buenos Aires";"Girasol";"U$S 348.96"
"04-12-24";"Buenos Aires";"Girasol";"U$S 348.96"
"30-09-24";"Buenos Aires";"Maiz";"U$S 185.47"
"26-04-24";"Buenos Aires";"Trigo";"U$S 233.14"
"24-05-24";"Buenos Aires";"Trigo";"U$S 280.74"
"25-11-24";"Buenos Aires";"Trigo";"U$S 188.68"
"29-12-23";"Córdoba";"Trigo";"U$S 239.97"
"02-01-24";"Córdoba";"Trigo";"U$S 236.73"
"03-01-24";"Córdoba";"Trigo";"U$S 228.81"
"04-01-24";"Córdoba";"Trigo";"U$S 222.89"
"05-01-24";"Córdoba";"Trigo";"U$S 228.93"
"09-01-24";"Córdoba";"Trigo";"U$S 223.29"
"25-01-24";"Córdoba";"Trigo";"U$S 223.07"
"26-01-24";"Córdoba";"Trigo";"U$S 224.18"
"30-01-24";"Córdoba";"Trigo";"U$S 218"
"31-01-24";"Córdoba";"Trigo";"U$S 222.28"
"01-02-24";"Córdoba";"Trigo";"U$S 227.76"
"08-02-24";"Córdoba";"Trigo";"U$S 222.73"
"14-02-24";"Córdoba";"Trigo";"U$S 230.84"
"15-02-24";"Córdoba";"Trigo";"U$S 227.05"
"19-02-24";"Córdoba";"Trigo";"U$S 219.23"
"20-02-24";"Córdoba";"Trigo";"U$S 216.84"
"21-02-24";"Córdoba";"Trigo";"U$S 218.4"
"23-02-24";"Córdoba";"Trigo";"U$S 212.18"
"27-02-24";"Córdoba";"Trigo";"U$S 207.52"
"28-02-24";"Córdoba";"Trigo";"U$S 206.65"
"29-02-24";"Córdoba";"Trigo";"U$S 205.41"
"01-03-24";"Córdoba";"Trigo";"U$S 205.09"
"04-03-24";"Córdoba";"Trigo";"U$S 200.83"
"05-03-24";"Córdoba";"Trigo";"U$S 202.57"
"11-03-24";"Córdoba";"Trigo";"U$S 200.38"
"12-03-24";"Córdoba";"Trigo";"U$S 200.35"
"26-03-24";"Córdoba";"Trigo";"U$S 200.82"
"03-04-24";"Córdoba";"Trigo";"U$S 201.93"
"04-04-24";"Córdoba";"Trigo";"U$S 199.79"
"05-04-24";"Córdoba";"Trigo";"U$S 205.57"
"08-04-24";"Córdoba";"Trigo";"U$S 206.34"
"17-04-24";"Córdoba";"Trigo";"U$S 217.38"
"18-04-24";"Córdoba";"Trigo";"U$S 221.01"
"23-04-24";"Córdoba";"Trigo";"U$S 222.13"
"24-04-24";"Córdoba";"Trigo";"U$S 228.76"
"25-04-24";"Córdoba";"Trigo";"U$S 234.55"
"03-05-24";"Córdoba";"Trigo";"U$S 215.4"
"06-05-24";"Córdoba";"Trigo";"U$S 215.03"
"07-05-24";"Córdoba";"Trigo";"U$S 240.57"
"08-05-24";"Córdoba";"Trigo";"U$S 243.9"
"10-05-24";"Córdoba";"Trigo";"U$S 249.03"
"14-05-24";"Córdoba";"Trigo";"U$S 250.32"
"16-05-24";"Córdoba";"Trigo";"U$S 266.48"
"17-05-24";"Córdoba";"Trigo";"U$S 272.42"
"22-05-24";"Córdoba";"Trigo";"U$S 281.06"
"24-05-24";"Córdoba";"Trigo";"U$S 280.74"
"27-05-24";"Córdoba";"Trigo";"U$S 280.99"
"28-05-24";"Córdoba";"Trigo";"U$S 285.39"
"29-05-24";"Córdoba";"Trigo";"U$S 282.73"
"30-05-24";"Córdoba";"Trigo";"U$S 279.33"
"31-05-24";"Córdoba";"Trigo";"U$S 285.06"
"03-06-24";"Córdoba";"Trigo";"U$S 279.52"
"04-06-24";"Córdoba";"Trigo";"U$S 28.43"
"12-06-24";"Córdoba";"Trigo";"U$S 268.44"
"18-06-24";"Córdoba";"Trigo";"U$S 261.88"
"19-06-24";"Córdoba";"Trigo";"U$S 255.2"
"27-06-24";"Córdoba";"Trigo";"U$S 256.12"
"03-07-24";"Córdoba";"Trigo";"U$S 253.08"
"04-07-24";"Córdoba";"Trigo";"U$S 257.48"
"10-07-24";"Córdoba";"Trigo";"U$S 274.99"
"12-07-24";"Córdoba";"Trigo";"U$S 259.15"
"15-07-24";"Córdoba";"Trigo";"U$S 259.31"
"17-07-24";"Córdoba";"Trigo";"U$S 264.51"
"22-07-24";"Córdoba";"Trigo";"U$S 258.86"
"23-07-24";"Córdoba";"Trigo";"U$S 248.54"
"24-07-24";"Córdoba";"Trigo";"U$S 249.23"
"26-07-24";"Córdoba";"Trigo";"U$S 247.42"
"29-07-24";"Córdoba";"Trigo";"U$S 255.26"
"30-07-24";"Córdoba";"Trigo";"U$S 245.88"
"31-07-24";"Córdoba";"Trigo";"U$S 257.51"
"01-08-24";"Córdoba";"Trigo";"U$S 257.05"
"06-08-24";"Córdoba";"Trigo";"U$S 255.52"
"07-08-24";"Córdoba";"Trigo";"U$S 251.61"
"08-08-24";"Córdoba";"Trigo";"U$S 261.47"
"09-08-24";"Córdoba";"Trigo";"U$S 263.96"
"12-08-24";"Córdoba";"Trigo";"U$S 256.7"
"15-08-24";"Córdoba";"Trigo";"U$S 254.91"
"20-08-24";"Córdoba";"Trigo";"U$S 259.01"
"21-08-24";"Córdoba";"Trigo";"U$S 255.4"
"22-08-24";"Córdoba";"Trigo";"U$S 254.42"
"23-08-24";"Córdoba";"Trigo";"U$S 256.76"
"26-08-24";"Córdoba";"Trigo";"U$S 254.89"
"27-08-24";"Córdoba";"Trigo";"U$S 256.96"
"28-08-24";"Córdoba";"Trigo";"U$S 254.17"
"29-08-24";"Córdoba";"Trigo";"U$S 258.81"
"04-09-24";"Córdoba";"Trigo";"U$S 246.2"
"05-09-24";"Córdoba";"Trigo";"U$S 245.91"
"09-09-24";"Córdoba";"Trigo";"U$S 2422.54"
"10-09-24";"Córdoba";"Trigo";"U$S 242.23"
"11-09-24";"Córdoba";"Trigo";"U$S 244.05"
"12-09-24";"Córdoba";"Trigo";"U$S 240.28"
"13-09-24";"Córdoba";"Trigo";"U$S 238"
"16-09-24";"Córdoba";"Trigo";"U$S 242.29"
"20-09-24";"Córdoba";"Trigo";"U$S 240.29"
"23-09-24";"Córdoba";"Trigo";"U$S 238.1"
"24-09-24";"Córdoba";"Trigo";"U$S 237.97"
"26-09-24";"Córdoba";"Trigo";"U$S 232.98"
"02-10-24";"Córdoba";"Trigo";"U$S 232.53"
"04-10-24";"Córdoba";"Trigo";"U$S 241.15"
"10-10-24";"Córdoba";"Trigo";"U$S 246.48"
"18-10-24";"Córdoba";"Trigo";"U$S 233.21"
"21-10-24";"Córdoba";"Trigo";"U$S 259.85"
"22-10-24";"Córdoba";"Trigo";"U$S 222.34"
"23-10-24";"Córdoba";"Trigo";"U$S 223.02"
"24-10-24";"Córdoba";"Trigo";"U$S 219.74"
"25-10-24";"Córdoba";"Trigo";"U$S 209.48"
"28-10-24";"Córdoba";"Trigo";"U$S 208.95"
"31-10-24";"Córdoba";"Trigo";"U$S 201.47"
"01-11-24";"Córdoba";"Trigo";"U$S 198.47"
"04-11-24";"Córdoba";"Trigo";"U$S 191.91"
"06-11-24";"Córdoba";"Trigo";"U$S 190.06"
"12-11-24";"Córdoba";"Trigo";"U$S 180.27"
"14-11-24";"Córdoba";"Trigo";"U$S 181.15"
"19-11-24";"Córdoba";"Trigo";"U$S 194.42"
"20-11-24";"Córdoba";"Trigo";"U$S 177.79"
"21-11-24";"Córdoba";"Trigo";"U$S 181.05"
"28-11-24";"Córdoba";"Trigo";"U$S 178.64"
"03-12-24";"Córdoba";"Trigo";"U$S 181.73"
"11-12-24";"Córdoba";"Trigo";"U$S 183.54"
"13-12-24";"Córdoba";"Trigo";"U$S 183.08"
"16-12-24";"Córdoba";"Trigo";"U$S 184.69"
"18-12-24";"Córdoba";"Trigo";"U$S 186.36"
"27-12-24";"Córdoba";"Trigo";"U$S 189.19"
"03-01-25";"Córdoba";"Trigo";"U$S 190.3"
"06-01-25";"Córdoba";"Trigo";"U$S 1857.17"
"07-01-25";"Córdoba";"Trigo";"U$S 187.76"
"08-01-25";"Córdoba";"Trigo";"U$S 186.2"
"10-01-25";"Córdoba";"Trigo";"U$S 186.63"
"15-01-25";"Córdoba";"Trigo";"U$S 187.91"
"16-01-25";"Córdoba";"Trigo";"U$S 188.1"
"17-01-25";"Córdoba";"Trigo";"U$S 190.82"
"20-01-25";"Córdoba";"Trigo";"U$S 187.74"
"21-01-25";"Córdoba";"Trigo";"U$S 189.36"
"22-01-25";"Córdoba";"Trigo";"U$S 186.34"
"23-01-25";"Córdoba";"Trigo";"U$S 189.85"
"27-01-25";"Córdoba";"Trigo";"U$S 189.2"
"28-01-25";"Córdoba";"Trigo";"U$S 190.29"
"29-01-25";"Córdoba";"Trigo";"U$S 194.96"
"30-01-25";"Córdoba";"Trigo";"U$S 197.72"
"31-01-25";"Córdoba";"Trigo";"U$S 202.11"
"04-02-25";"Córdoba";"Trigo";"U$S 198.11"
"07-02-25";"Córdoba";"Trigo";"U$S 210.24"
"13-02-25";"Córdoba";"Trigo";"U$S 206.1"
"14-02-25";"Córdoba";"Trigo";"U$S 208.38"
"18-02-25";"Córdoba";"Trigo";"U$S 207.74"
"19-02-25";"Córdoba";"Trigo";"U$S 205.93"
"20-02-25";"Córdoba";"Trigo";"U$S 206.96"
"24-02-25";"Córdoba";"Trigo";"U$S 209.02"
"14-03-25";"Córdoba";"Trigo";"U$S 206.83"
"19-03-25";"Córdoba";"Trigo";"U$S 212.45"
"20-03-25";"Córdoba";"Trigo";"U$S 219.66"
"25-03-25";"Córdoba";"Trigo";"U$S 215.93"
"26-03-25";"Córdoba";"Trigo";"U$S 216.27"
"27-03-25";"Córdoba";"Trigo";"U$S 216.55"
"01-04-25";"Córdoba";"Trigo";"U$S 218.66"
"07-04-25";"Córdoba";"Trigo";"U$S 218.5"
"08-04-25";"Córdoba";"Trigo";"U$S 220.43"
"09-04-25";"Córdoba";"Trigo";"U$S 220.22"
"11-04-25";"Córdoba";"Trigo";"U$S 220.77"
"16-04-25";"Córdoba";"Trigo";"U$S 218.22"
"25-04-25";"Córdoba";"Trigo";"U$S 201.72"
"05-05-25";"Córdoba";"Trigo";"U$S 194.17"
"06-05-25";"Córdoba";"Trigo";"U$S 196.82"
"12-05-25";"Córdoba";"Trigo";"U$S 199.65"
"26-05-25";"Córdoba";"Trigo";"U$S 198.04"
"03-06-25";"Córdoba";"Trigo";"U$S 196.7"
"10-06-25";"Córdoba";"Trigo";"U$S 164.91"
"11-06-25";"Córdoba";"Trigo";"U$S 199.66"
"12-06-25";"Córdoba";"Trigo";"U$S 204.22"
"19-06-25";"Córdoba";"Trigo";"U$S 195.35"
"24-06-25";"Córdoba";"Trigo";"U$S 196.65"
"03-07-25";"Córdoba";"Trigo";"U$S 193.4"
"04-07-25";"Córdoba";"Trigo";"U$S 196.56"
"25-07-25";"Córdoba";"Trigo";"U$S 196.43"
"29-07-25";"Córdoba";"Trigo";"U$S 197.8"
"30-07-25";"Córdoba";"Trigo";"U$S 193.87"
"04-08-25";"Córdoba";"Trigo";"U$S 201.32"
"05-08-25";"Córdoba";"Trigo";"U$S 196.56"
"07-08-25";"Córdoba";"Trigo";"U$S 200.63"
"13-08-25";"Córdoba";"Trigo";"U$S 201.83"
"21-08-25";"Córdoba";"Trigo";"U$S 201.41"
"22-08-25";"Córdoba";"Trigo";"U$S 200.61"
"27-08-25";"Córdoba";"Trigo";"U$S 201.96"
"28-08-25";"Córdoba";"Trigo";"U$S 202.55"
"29-08-25";"Córdoba";"Trigo";"U$S 201.19"
"12-09-25";"Córdoba";"Trigo";"U$S 190.36"
"17-09-25";"Córdoba";"Trigo";"U$S 193.29"
"25-09-25";"Córdoba";"Trigo";"U$S 198.73"
"29-09-25";"Córdoba";"Trigo";"U$S 194.12"
"02-10-25";"Córdoba";"Trigo";"U$S 191.03"
"03-10-25";"Córdoba";"Trigo";"U$S 198.48"
"14-10-25";"Córdoba";"Trigo";"U$S 186.61"
"15-10-25";"Córdoba";"Trigo";"U$S 185.61"
"22-10-25";"Córdoba";"Trigo";"U$S 179.99"
"24-10-25";"Córdoba";"Trigo";"U$S 178.14"
"29-10-25";"Córdoba";"Trigo";"U$S 183.89"
"26-01-24";"Quequén";"Girasol";"U$S 340.01"
"29-01-24";"Quequén";"Girasol";"U$S 339.31"
"30-01-24";"Quequén";"Girasol";"U$S 339.11"
"31-01-24";"Quequén";"Girasol";"U$S 338.82"
"02-02-24";"Quequén";"Girasol";"U$S 338.45"
"05-02-24";"Quequén";"Girasol";"U$S 331.72"
"06-02-24";"Quequén";"Girasol";"U$S 337.55"
"07-02-24";"Quequén";"Girasol";"U$S 331.25"
"09-02-24";"Quequén";"Girasol";"U$S 330.81"
"20-02-24";"Quequén";"Girasol";"U$S 310.56"
"21-02-24";"Quequén";"Girasol";"U$S 310.3"
"23-02-24";"Quequén";"Girasol";"U$S 303.97"
"26-02-24";"Quequén";"Girasol";"U$S 303.35"
"27-02-24";"Quequén";"Girasol";"U$S 303.17"
"28-02-24";"Quequén";"Girasol";"U$S 302.96"
"29-02-24";"Quequén";"Girasol";"U$S 302.78"
"01-03-24";"Quequén";"Girasol";"U$S 296.74"
"05-03-24";"Quequén";"Girasol";"U$S 289.94"
"06-03-24";"Quequén";"Girasol";"U$S 289.77"
"07-03-24";"Quequén";"Girasol";"U$S 289.6"
"11-03-24";"Quequén";"Girasol";"U$S 283.02"
"12-03-24";"Quequén";"Girasol";"U$S 282.85"
"14-03-24";"Quequén";"Girasol";"U$S 287.53"
"15-03-24";"Quequén";"Girasol";"U$S 286.4"
"18-03-24";"Quequén";"Girasol";"U$S 286.57"
"25-03-24";"Quequén";"Girasol";"U$S 286.21"
"27-03-24";"Quequén";"Girasol";"U$S 291.38"
"03-04-24";"Quequén";"Girasol";"U$S 290.36"
"04-04-24";"Quequén";"Girasol";"U$S 290.19"
"05-04-24";"Quequén";"Girasol";"U$S 289.86"
"09-04-24";"Quequén";"Girasol";"U$S 289.18"
"10-04-24";"Quequén";"Girasol";"U$S 289.02"
"15-04-24";"Quequén";"Girasol";"U$S 288.02"
"18-04-24";"Quequén";"Girasol";"U$S 293.1"
"23-04-24";"Quequén";"Girasol";"U$S 292.26"
"24-04-24";"Quequén";"Girasol";"U$S 292.1"
"25-04-24";"Quequén";"Girasol";"U$S 291.76"
"29-04-24";"Quequén";"Girasol";"U$S 290.93"
"30-04-24";"Quequén";"Girasol";"U$S 290.93"
"03-05-24";"Quequén";"Girasol";"U$S 290.27"
"09-05-24";"Quequén";"Girasol";"U$S 289.12"
"10-05-24";"Quequén";"Girasol";"U$S 288.95"
"14-05-24";"Quequén";"Girasol";"U$S 288.14"
"15-05-24";"Quequén";"Girasol";"U$S 293.62"
"22-05-24";"Quequén";"Girasol";"U$S 303.54"
"24-05-24";"Quequén";"Girasol";"U$S 308.82"
"27-05-24";"Quequén";"Girasol";"U$S 313.37"
"28-05-24";"Quequén";"Girasol";"U$S 313.37"
"31-05-24";"Quequén";"Girasol";"U$S 329.42"
"03-06-24";"Quequén";"Girasol";"U$S 334.45"
"02-07-24";"Quequén";"Girasol";"U$S 267.91"
"22-07-24";"Quequén";"Girasol";"U$S 358.83"
"23-07-24";"Quequén";"Girasol";"U$S 358.83"
"05-08-24";"Quequén";"Girasol";"U$S 349.25"
"06-08-24";"Quequén";"Girasol";"U$S 348.88"
"08-08-24";"Quequén";"Girasol";"U$S 338.91"
"09-08-24";"Quequén";"Girasol";"U$S 338.91"
"02-09-24";"Quequén";"Girasol";"U$S 338.93"
"16-09-24";"Quequén";"Girasol";"U$S 328.97"
"18-09-24";"Quequén";"Girasol";"U$S 338.94"
"23-09-24";"Quequén";"Girasol";"U$S 338.94"
"30-09-24";"Quequén";"Girasol";"U$S 348.92"
"01-10-24";"Quequén";"Girasol";"U$S 348.92"
"02-10-24";"Quequén";"Girasol";"U$S 348.92"
"04-10-24";"Quequén";"Girasol";"U$S 358.89"
"07-10-24";"Quequén";"Girasol";"U$S 348.92"
"08-10-24";"Quequén";"Girasol";"U$S 348.92"
"10-10-24";"Quequén";"Girasol";"U$S 348.93"
"14-10-24";"Quequén";"Girasol";"U$S 358.9"
"18-10-24";"Quequén";"Girasol";"U$S 358.9"
"21-10-24";"Quequén";"Girasol";"U$S 358.9"
"24-10-24";"Quequén";"Girasol";"U$S 358.9"
"28-10-24";"Quequén";"Girasol";"U$S 358.91"
"31-10-24";"Quequén";"Girasol";"U$S 360"
"01-11-24";"Quequén";"Girasol";"U$S 360.36"
"04-11-24";"Quequén";"Girasol";"U$S 360.36"
"06-11-24";"Quequén";"Girasol";"U$S 358.91"
"08-11-24";"Quequén";"Girasol";"U$S 359.64"
"12-11-24";"Quequén";"Girasol";"U$S 358.92"
"13-11-24";"Quequén";"Girasol";"U$S 358.92"
"14-11-24";"Quequén";"Girasol";"U$S 358.92"
"15-11-24";"Quequén";"Girasol";"U$S 358.92"
"20-11-24";"Quequén";"Girasol";"U$S 358.92"
"21-11-24";"Quequén";"Girasol";"U$S 348.96"
"22-11-24";"Quequén";"Girasol";"U$S 348.96"
"28-11-24";"Quequén";"Girasol";"U$S 348.96"
"02-12-24";"Quequén";"Girasol";"U$S 338.99"
"04-12-24";"Quequén";"Girasol";"U$S 348.96"
"09-12-24";"Quequén";"Girasol";"U$S 339"
"11-12-24";"Quequén";"Girasol";"U$S 339"
"12-12-24";"Quequén";"Girasol";"U$S 339"
"13-12-24";"Quequén";"Girasol";"U$S 339"
"19-12-24";"Quequén";"Girasol";"U$S 329.03"
"21-01-25";"Quequén";"Girasol";"U$S 329.05"
"31-01-25";"Quequén";"Girasol";"U$S 339.03"
"04-02-25";"Quequén";"Girasol";"U$S 203.94"
"05-02-25";"Quequén";"Girasol";"U$S 339.03"
"07-02-25";"Quequén";"Girasol";"U$S 329.06"
"10-02-25";"Quequén";"Girasol";"U$S 329.06"
"17-02-25";"Quequén";"Girasol";"U$S 329.07"
"04-03-25";"Quequén";"Girasol";"U$S 329.07"
"05-03-25";"Quequén";"Girasol";"U$S 329.07"
"06-03-25";"Quequén";"Girasol";"U$S 329.07"
"07-03-25";"Quequén";"Girasol";"U$S 329.07"
"10-03-25";"Quequén";"Girasol";"U$S 329.07"
"12-03-25";"Quequén";"Girasol";"U$S 328.99"
"14-03-25";"Quequén";"Girasol";"U$S 309.03"
"17-03-25";"Quequén";"Girasol";"U$S 314.12"
"18-03-25";"Quequén";"Girasol";"U$S 319.1"
"19-03-25";"Quequén";"Girasol";"U$S 309.13"
"20-03-25";"Quequén";"Girasol";"U$S 309.13"
"21-03-25";"Quequén";"Girasol";"U$S 309.13"
"25-03-25";"Quequén";"Girasol";"U$S 309.13"
"26-03-25";"Quequén";"Girasol";"U$S 309.13"
"27-03-25";"Quequén";"Girasol";"U$S 309.13"
"28-03-25";"Quequén";"Girasol";"U$S 309.13"
"31-03-25";"Quequén";"Girasol";"U$S 309.13"
"01-04-25";"Quequén";"Girasol";"U$S 309.13"
"03-04-25";"Quequén";"Girasol";"U$S 309.42"
"04-04-25";"Quequén";"Girasol";"U$S 309.14"
"07-04-25";"Quequén";"Girasol";"U$S 309.14"
"08-04-25";"Quequén";"Girasol";"U$S 306.62"
"09-04-25";"Quequén";"Girasol";"U$S 308.71"
"10-04-25";"Quequén";"Girasol";"U$S 308.7"
"11-04-25";"Quequén";"Girasol";"U$S 308.71"
"14-04-25";"Quequén";"Girasol";"U$S 297.75"
"15-04-25";"Quequén";"Girasol";"U$S 297.75"
"16-04-25";"Quequén";"Girasol";"U$S 297.62"
"21-04-25";"Quequén";"Girasol";"U$S 297.53"
"22-04-25";"Quequén";"Girasol";"U$S 297.55"
"24-04-25";"Quequén";"Girasol";"U$S 273.1"
"25-04-25";"Quequén";"Girasol";"U$S 297.69"
"28-04-25";"Quequén";"Girasol";"U$S 297.71"
"29-04-25";"Quequén";"Girasol";"U$S 297.68"
"30-04-25";"Quequén";"Girasol";"U$S 297.69"
"05-05-25";"Quequén";"Girasol";"U$S 297.75"
"06-05-25";"Quequén";"Girasol";"U$S 304.41"
"07-05-25";"Quequén";"Girasol";"U$S 297.6"
"08-05-25";"Quequén";"Girasol";"U$S 297.58"
"09-05-25";"Quequén";"Girasol";"U$S 297.62"
"12-05-25";"Quequén";"Girasol";"U$S 297.61"
"13-05-25";"Quequén";"Girasol";"U$S 299.33"
"14-05-25";"Quequén";"Girasol";"U$S 297.61"
"15-05-25";"Quequén";"Girasol";"U$S 297.63"
"16-05-25";"Quequén";"Girasol";"U$S 297.64"
"19-05-25";"Quequén";"Girasol";"U$S 297.63"
"20-05-25";"Quequén";"Girasol";"U$S 297.51"
"22-05-25";"Quequén";"Girasol";"U$S 297.62"
"26-05-25";"Quequén";"Girasol";"U$S 297.64"
"29-05-25";"Quequén";"Girasol";"U$S 297.72"
"30-05-25";"Quequén";"Girasol";"U$S 297.73"
"02-06-25";"Quequén";"Girasol";"U$S 298.6"
"03-06-25";"Quequén";"Girasol";"U$S 297.72"
"06-06-25";"Quequén";"Girasol";"U$S 297.72"
"09-06-25";"Quequén";"Girasol";"U$S 297.72"
"12-06-25";"Quequén";"Girasol";"U$S 297.72"
"17-06-25";"Quequén";"Girasol";"U$S 297.67"
"18-06-25";"Quequén";"Girasol";"U$S 297.64"
"19-06-25";"Quequén";"Girasol";"U$S 300"
"23-06-25";"Quequén";"Girasol";"U$S 297.69"
"24-06-25";"Quequén";"Girasol";"U$S 297.7"
"25-06-25";"Quequén";"Girasol";"U$S 297.73"
"26-06-25";"Quequén";"Girasol";"U$S 297.73"
"27-06-25";"Quequén";"Girasol";"U$S 297.73"
"30-06-25";"Quequén";"Girasol";"U$S 297.76"
"01-07-25";"Quequén";"Girasol";"U$S 297.79"
"02-07-25";"Quequén";"Girasol";"U$S 297.8"
"04-07-25";"Quequén";"Girasol";"U$S 297.82"
"08-07-25";"Quequén";"Girasol";"U$S 300.24"
"10-07-25";"Quequén";"Girasol";"U$S 297.85"
"11-07-25";"Quequén";"Girasol";"U$S 297.86"
"14-07-25";"Quequén";"Girasol";"U$S 297.89"
"15-07-25";"Quequén";"Girasol";"U$S 297.86"
"16-07-25";"Quequén";"Girasol";"U$S 297.86"
"17-07-25";"Quequén";"Girasol";"U$S 297.88"
"18-07-25";"Quequén";"Girasol";"U$S 297.9"
"21-07-25";"Quequén";"Girasol";"U$S 297.88"
"22-07-25";"Quequén";"Girasol";"U$S 297.85"
"23-07-25";"Quequén";"Girasol";"U$S 297.74"
"24-07-25";"Quequén";"Girasol";"U$S 297.88"
"25-07-25";"Quequén";"Girasol";"U$S 297.89"
"28-07-25";"Quequén";"Girasol";"U$S 307.85"
"29-07-25";"Quequén";"Girasol";"U$S 307.84"
"30-07-25";"Quequén";"Girasol";"U$S 307.88"
"01-08-25";"Quequén";"Girasol";"U$S 307.95"
"04-08-25";"Quequén";"Girasol";"U$S 307.95"
"05-08-25";"Quequén";"Girasol";"U$S 306.41"
"06-08-25";"Quequén";"Girasol";"U$S 307.91"
"07-08-25";"Quequén";"Girasol";"U$S 307.9"
"08-08-25";"Quequén";"Girasol";"U$S 307.9"
"11-08-25";"Quequén";"Girasol";"U$S 307.89"
"12-08-25";"Quequén";"Girasol";"U$S 307.88"
"13-08-25";"Quequén";"Girasol";"U$S 307.88"
"18-08-25";"Quequén";"Girasol";"U$S 307.84"
"19-08-25";"Quequén";"Girasol";"U$S 307.84"
"20-08-25";"Quequén";"Girasol";"U$S 307.86"
"21-08-25";"Quequén";"Girasol";"U$S 307.88"
"22-08-25";"Quequén";"Girasol";"U$S 307.89"
"25-08-25";"Quequén";"Girasol";"U$S 307.95"
"26-08-25";"Quequén";"Girasol";"U$S 307.94"
"27-08-25";"Quequén";"Girasol";"U$S 307.93"
"28-08-25";"Quequén";"Girasol";"U$S 307.91"
"29-08-25";"Quequén";"Girasol";"U$S 314.85"
"01-09-25";"Quequén";"Girasol";"U$S 307.97"
"02-09-25";"Quequén";"Girasol";"U$S 307.95"
"03-09-25";"Quequén";"Girasol";"U$S 307.84"
"04-09-25";"Quequén";"Girasol";"U$S 307.95"
"05-09-25";"Quequén";"Girasol";"U$S 307.94"
"08-09-25";"Quequén";"Girasol";"U$S 308.02"
"10-09-25";"Quequén";"Girasol";"U$S 308.04"
"11-09-25";"Quequén";"Girasol";"U$S 308.05"
"12-09-25";"Quequén";"Girasol";"U$S 308.08"
"16-09-25";"Quequén";"Girasol";"U$S 308.1"
"17-09-25";"Quequén";"Girasol";"U$S 308.11"
"19-09-25";"Quequén";"Girasol";"U$S 308.11"
"23-09-25";"Quequén";"Girasol";"U$S 307.96"
"24-09-25";"Quequén";"Girasol";"U$S 307.91"
"25-09-25";"Quequén";"Girasol";"U$S 297.98"
"26-09-25";"Quequén";"Girasol";"U$S 297.96"
"29-09-25";"Quequén";"Girasol";"U$S 298.01"
"30-09-25";"Quequén";"Girasol";"U$S 298.04"
"02-10-25";"Quequén";"Girasol";"U$S 298.1"
"03-10-25";"Quequén";"Girasol";"U$S 298.1"
"06-10-25";"Quequén";"Girasol";"U$S 298.11"
"07-10-25";"Quequén";"Girasol";"U$S 298.11"
"13-10-25";"Quequén";"Girasol";"U$S 298"
"14-10-25";"Quequén";"Girasol";"U$S 298.01"
"15-10-25";"Quequén";"Girasol";"U$S 298.04"
"16-10-25";"Quequén";"Girasol";"U$S 298.07"
"17-10-25";"Quequén";"Girasol";"U$S 298.14"
"20-10-25";"Quequén";"Girasol";"U$S 298.17"
"21-10-25";"Quequén";"Girasol";"U$S 298.19"
"22-10-25";"Quequén";"Girasol";"U$S 298.19"
"24-10-25";"Quequén";"Girasol";"U$S 298.19"
"28-10-25";"Quequén";"Girasol";"U$S 298.16"
"29-10-25";"Quequén";"Girasol";"U$S 298.54"
"03-01-24";"Quequén";"Maiz";"U$S 184.93"
"10-01-24";"Quequén";"Maiz";"U$S 193.89"
"17-01-24";"Quequén";"Maiz";"U$S 193.01"
"18-01-24";"Quequén";"Maiz";"U$S 189.21"
"02-02-24";"Quequén";"Maiz";"U$S 181.31"
"05-02-24";"Quequén";"Maiz";"U$S 180.94"
"06-02-24";"Quequén";"Maiz";"U$S 180.83"
"08-02-24";"Quequén";"Maiz";"U$S 180.59"
"09-02-24";"Quequén";"Maiz";"U$S 180.44"
"15-02-24";"Quequén";"Maiz";"U$S 177.35"
"16-02-24";"Quequén";"Maiz";"U$S 177.25"
"20-02-24";"Quequén";"Maiz";"U$S 179.17"
"21-02-24";"Quequén";"Maiz";"U$S 179.02"
"27-02-24";"Quequén";"Maiz";"U$S 175.39"
"28-02-24";"Quequén";"Maiz";"U$S 178.21"
"29-02-24";"Quequén";"Maiz";"U$S 177.33"
"01-03-24";"Quequén";"Maiz";"U$S 178.04"
"04-03-24";"Quequén";"Maiz";"U$S 177.73"
"05-03-24";"Quequén";"Maiz";"U$S 177.51"
"06-03-24";"Quequén";"Maiz";"U$S 177.41"
"07-03-24";"Quequén";"Maiz";"U$S 177.3"
"11-03-24";"Quequén";"Maiz";"U$S 182.78"
"12-03-24";"Quequén";"Maiz";"U$S 182.68"
"14-03-24";"Quequén";"Maiz";"U$S 182.35"
"15-03-24";"Quequén";"Maiz";"U$S 188.12"
"18-03-24";"Quequén";"Maiz";"U$S 185.81"
"25-03-24";"Quequén";"Maiz";"U$S 191.82"
"26-03-24";"Quequén";"Maiz";"U$S 180.97"
"05-04-24";"Quequén";"Maiz";"U$S 185.51"
"09-04-24";"Quequén";"Maiz";"U$S 190.86"
"10-04-24";"Quequén";"Maiz";"U$S 187.75"
"19-04-24";"Quequén";"Maiz";"U$S 189.33"
"17-05-24";"Quequén";"Maiz";"U$S 186.13"
"22-05-24";"Quequén";"Maiz";"U$S 185.5"
"23-05-24";"Quequén";"Maiz";"U$S 185.39"
"24-05-24";"Quequén";"Maiz";"U$S 185.29"
"27-05-24";"Quequén";"Maiz";"U$S 184.67"
"29-05-24";"Quequén";"Maiz";"U$S 181.87"
"04-06-24";"Quequén";"Maiz";"U$S 183.95"
"10-06-24";"Quequén";"Maiz";"U$S 188.47"
"11-06-24";"Quequén";"Maiz";"U$S 188.47"
"12-06-24";"Quequén";"Maiz";"U$S 191.9"
"14-06-24";"Quequén";"Maiz";"U$S 193.69"
"18-06-24";"Quequén";"Maiz";"U$S 187.85"
"24-06-24";"Quequén";"Maiz";"U$S 179.09"
"25-06-24";"Quequén";"Maiz";"U$S 181.52"
"26-06-24";"Quequén";"Maiz";"U$S 181.12"
"27-06-24";"Quequén";"Maiz";"U$S 181.02"
"02-07-24";"Quequén";"Maiz";"U$S 164.02"
"04-07-24";"Quequén";"Maiz";"U$S 174.67"
"05-07-24";"Quequén";"Maiz";"U$S 175.38"
"08-07-24";"Quequén";"Maiz";"U$S 171.91"
"10-07-24";"Quequén";"Maiz";"U$S 171.83"
"12-07-24";"Quequén";"Maiz";"U$S 176.89"
"16-07-24";"Quequén";"Maiz";"U$S 173.25"
"17-07-24";"Quequén";"Maiz";"U$S 172.84"
"19-07-24";"Quequén";"Maiz";"U$S 170.78"
"22-07-24";"Quequén";"Maiz";"U$S 174.58"
"23-07-24";"Quequén";"Maiz";"U$S 177.99"
"24-07-24";"Quequén";"Maiz";"U$S 177.8"
"26-07-24";"Quequén";"Maiz";"U$S 173.16"
"29-07-24";"Quequén";"Maiz";"U$S 166.31"
"30-07-24";"Quequén";"Maiz";"U$S 167.51"
"31-07-24";"Quequén";"Maiz";"U$S 166.31"
"05-08-24";"Quequén";"Maiz";"U$S 166.65"
"06-08-24";"Quequén";"Maiz";"U$S 170.74"
"07-08-24";"Quequén";"Maiz";"U$S 170.74"
"12-08-24";"Quequén";"Maiz";"U$S 164.98"
"15-08-24";"Quequén";"Maiz";"U$S 169.94"
"20-08-24";"Quequén";"Maiz";"U$S 168.98"
"21-08-24";"Quequén";"Maiz";"U$S 172.38"
"22-08-24";"Quequén";"Maiz";"U$S 174.42"
"23-08-24";"Quequén";"Maiz";"U$S 168.69"
"26-08-24";"Quequén";"Maiz";"U$S 171.33"
"27-08-24";"Quequén";"Maiz";"U$S 171.21"
"28-08-24";"Quequén";"Maiz";"U$S 168.19"
"29-08-24";"Quequén";"Maiz";"U$S 172.29"
"02-09-24";"Quequén";"Maiz";"U$S 173.14"
"03-09-24";"Quequén";"Maiz";"U$S 175.67"
"04-09-24";"Quequén";"Maiz";"U$S 172.87"
"05-09-24";"Quequén";"Maiz";"U$S 171.82"
"06-09-24";"Quequén";"Maiz";"U$S 170.67"
"09-09-24";"Quequén";"Maiz";"U$S 171.62"
"10-09-24";"Quequén";"Maiz";"U$S 172.23"
"11-09-24";"Quequén";"Maiz";"U$S 170.06"
"12-09-24";"Quequén";"Maiz";"U$S 169.7"
"13-09-24";"Quequén";"Maiz";"U$S 172.77"
"16-09-24";"Quequén";"Maiz";"U$S 172.87"
"18-09-24";"Quequén";"Maiz";"U$S 175.87"
"20-09-24";"Quequén";"Maiz";"U$S 170.9"
"24-09-24";"Quequén";"Maiz";"U$S 175.89"
"25-09-24";"Quequén";"Maiz";"U$S 175.85"
"26-09-24";"Quequén";"Maiz";"U$S 1764.58"
"27-09-24";"Quequén";"Maiz";"U$S 176.8"
"01-10-24";"Quequén";"Maiz";"U$S 180.23"
"02-10-24";"Quequén";"Maiz";"U$S 184.25"
"07-10-24";"Quequén";"Maiz";"U$S 184.52"
"10-10-24";"Quequén";"Maiz";"U$S 183.81"
"17-10-24";"Quequén";"Maiz";"U$S 178.3"
"18-10-24";"Quequén";"Maiz";"U$S 177.76"
"21-10-24";"Quequén";"Maiz";"U$S 177.85"
"22-10-24";"Quequén";"Maiz";"U$S 182.83"
"23-10-24";"Quequén";"Maiz";"U$S 182.65"
"24-10-24";"Quequén";"Maiz";"U$S 182.56"
"25-10-24";"Quequén";"Maiz";"U$S 180.06"
"28-10-24";"Quequén";"Maiz";"U$S 177.04"
"31-10-24";"Quequén";"Maiz";"U$S 176.95"
"01-11-24";"Quequén";"Maiz";"U$S 178.87"
"07-11-24";"Quequén";"Maiz";"U$S 180.9"
"08-11-24";"Quequén";"Maiz";"U$S 180.54"
"12-11-24";"Quequén";"Maiz";"U$S 180.27"
"13-11-24";"Quequén";"Maiz";"U$S 180.08"
"14-11-24";"Quequén";"Maiz";"U$S 180.09"
"15-11-24";"Quequén";"Maiz";"U$S 179.55"
"19-11-24";"Quequén";"Maiz";"U$S 182.15"
"20-11-24";"Quequén";"Maiz";"U$S 182.26"
"21-11-24";"Quequén";"Maiz";"U$S 181.89"
"22-11-24";"Quequén";"Maiz";"U$S 181.73"
"25-11-24";"Quequén";"Maiz";"U$S 181.73"
"26-11-24";"Quequén";"Maiz";"U$S 178.57"
"28-11-24";"Quequén";"Maiz";"U$S 178.39"
"29-11-24";"Quequén";"Maiz";"U$S 182.46"
"02-12-24";"Quequén";"Maiz";"U$S 177.78"
"03-12-24";"Quequén";"Maiz";"U$S 177.78"
"04-12-24";"Quequén";"Maiz";"U$S 175.72"
"05-12-24";"Quequén";"Maiz";"U$S 175.63"
"06-12-24";"Quequén";"Maiz";"U$S 175.28"
"09-12-24";"Quequén";"Maiz";"U$S 175.11"
"10-12-24";"Quequén";"Maiz";"U$S 175.02"
"12-12-24";"Quequén";"Maiz";"U$S 176.64"
"13-12-24";"Quequén";"Maiz";"U$S 176.38"
"16-12-24";"Quequén";"Maiz";"U$S 176.04"
"18-12-24";"Quequén";"Maiz";"U$S 176.04"
"23-12-24";"Quequén";"Maiz";"U$S 179.87"
"30-12-24";"Quequén";"Maiz";"U$S 184.11"
"02-01-25";"Quequén";"Maiz";"U$S 184.02"
"08-01-25";"Quequén";"Maiz";"U$S 186.11"
"10-01-25";"Quequén";"Maiz";"U$S 191.82"
"13-01-25";"Quequén";"Maiz";"U$S 192.31"
"14-01-25";"Quequén";"Maiz";"U$S 192.12"
"15-01-25";"Quequén";"Maiz";"U$S 191.94"
"16-01-25";"Quequén";"Maiz";"U$S 191.94"
"17-01-25";"Quequén";"Maiz";"U$S 191.57"
"20-01-25";"Quequén";"Maiz";"U$S 191.11"
"21-01-25";"Quequén";"Maiz";"U$S 195.8"
"22-01-25";"Quequén";"Maiz";"U$S 192.75"
"23-01-25";"Quequén";"Maiz";"U$S 200.29"
"29-01-25";"Quequén";"Maiz";"U$S 204.47"
"06-02-25";"Quequén";"Maiz";"U$S 208.58"
"24-02-25";"Quequén";"Maiz";"U$S 202.64"
"25-02-25";"Quequén";"Maiz";"U$S 197.83"
"26-02-25";"Quequén";"Maiz";"U$S 197.79"
"27-02-25";"Quequén";"Maiz";"U$S 197.69"
"04-03-25";"Quequén";"Maiz";"U$S 194.41"
"05-03-25";"Quequén";"Maiz";"U$S 194.5"
"10-03-25";"Quequén";"Maiz";"U$S 197"
"17-03-25";"Quequén";"Maiz";"U$S 196.54"
"19-03-25";"Quequén";"Maiz";"U$S 200.98"
"21-03-25";"Quequén";"Maiz";"U$S 209.99"
"26-03-25";"Quequén";"Maiz";"U$S 209.94"
"31-03-25";"Quequén";"Maiz";"U$S 209.5"
"01-04-25";"Quequén";"Maiz";"U$S 207.49"
"07-04-25";"Quequén";"Maiz";"U$S 209.11"
"08-04-25";"Quequén";"Maiz";"U$S 209.06"
"09-04-25";"Quequén";"Maiz";"U$S 208.87"
"10-04-25";"Quequén";"Maiz";"U$S 208.91"
"22-04-25";"Quequén";"Maiz";"U$S 198.37"
"24-04-25";"Quequén";"Maiz";"U$S 182.07"
"28-04-25";"Quequén";"Maiz";"U$S 198.47"
"30-04-25";"Quequén";"Maiz";"U$S 193.5"
"05-05-25";"Quequén";"Maiz";"U$S 188.58"
"06-05-25";"Quequén";"Maiz";"U$S 192.79"
"07-05-25";"Quequén";"Maiz";"U$S 188.48"
"09-05-25";"Quequén";"Maiz";"U$S 178.57"
"12-05-25";"Quequén";"Maiz";"U$S 178.57"
"13-05-25";"Quequén";"Maiz";"U$S 179.6"
"14-05-25";"Quequén";"Maiz";"U$S 181.55"
"15-05-25";"Quequén";"Maiz";"U$S 181.55"
"16-05-25";"Quequén";"Maiz";"U$S 181.56"
"19-05-25";"Quequén";"Maiz";"U$S 178.58"
"20-05-25";"Quequén";"Maiz";"U$S 182.07"
"22-05-25";"Quequén";"Maiz";"U$S 183.53"
"23-05-25";"Quequén";"Maiz";"U$S 181.55"
"06-06-25";"Quequén";"Maiz";"U$S 170.69"
"10-06-25";"Quequén";"Maiz";"U$S 168.28"
"12-06-25";"Quequén";"Maiz";"U$S 168.71"
"17-06-25";"Quequén";"Maiz";"U$S 170.67"
"30-06-25";"Quequén";"Maiz";"U$S 168.73"
"02-07-25";"Quequén";"Maiz";"U$S 163.79"
"03-07-25";"Quequén";"Maiz";"U$S 166.77"
"04-07-25";"Quequén";"Maiz";"U$S 168.77"
"08-07-25";"Quequén";"Maiz";"U$S 165.13"
"11-07-25";"Quequén";"Maiz";"U$S 164.88"
"17-07-25";"Quequén";"Maiz";"U$S 170.33"
"18-07-25";"Quequén";"Maiz";"U$S 170.8"
"22-07-25";"Quequén";"Maiz";"U$S 168.78"
"29-07-25";"Quequén";"Maiz";"U$S 17.04"
"30-07-25";"Quequén";"Maiz";"U$S 169.58"
"01-08-25";"Quequén";"Maiz";"U$S 172.29"
"04-08-25";"Quequén";"Maiz";"U$S 171.84"
"06-08-25";"Quequén";"Maiz";"U$S 171.04"
"07-08-25";"Quequén";"Maiz";"U$S 170.83"
"08-08-25";"Quequén";"Maiz";"U$S 171.73"
"11-08-25";"Quequén";"Maiz";"U$S 169.84"
"12-08-25";"Quequén";"Maiz";"U$S 168.84"
"13-08-25";"Quequén";"Maiz";"U$S 172.12"
"15-08-25";"Quequén";"Maiz";"U$S 169.82"
"18-08-25";"Quequén";"Maiz";"U$S 170.8"
"19-08-25";"Quequén";"Maiz";"U$S 168.62"
"20-08-25";"Quequén";"Maiz";"U$S 168.63"
"21-08-25";"Quequén";"Maiz";"U$S 168.84"
"22-08-25";"Quequén";"Maiz";"U$S 167.85"
"25-08-25";"Quequén";"Maiz";"U$S 168.08"
"26-08-25";"Quequén";"Maiz";"U$S 168.87"
"27-08-25";"Quequén";"Maiz";"U$S 167.87"
"28-08-25";"Quequén";"Maiz";"U$S 166.87"
"29-08-25";"Quequén";"Maiz";"U$S 172.66"
"01-09-25";"Quequén";"Maiz";"U$S 168.88"
"02-09-25";"Quequén";"Maiz";"U$S 168.48"
"03-09-25";"Quequén";"Maiz";"U$S 168.81"
"04-09-25";"Quequén";"Maiz";"U$S 169.87"
"08-09-25";"Quequén";"Maiz";"U$S 168.91"
"10-09-25";"Quequén";"Maiz";"U$S 168.93"
"11-09-25";"Quequén";"Maiz";"U$S 168.93"
"12-09-25";"Quequén";"Maiz";"U$S 169.05"
"15-09-25";"Quequén";"Maiz";"U$S 169.95"
"16-09-25";"Quequén";"Maiz";"U$S 171.64"
"17-09-25";"Quequén";"Maiz";"U$S 170.95"
"19-09-25";"Quequén";"Maiz";"U$S 171.94"
"29-09-25";"Quequén";"Maiz";"U$S 173.84"
"01-10-25";"Quequén";"Maiz";"U$S 168.92"
"07-10-25";"Quequén";"Maiz";"U$S 168.93"
"10-10-25";"Quequén";"Maiz";"U$S 160.42"
"13-10-25";"Quequén";"Maiz";"U$S 165.89"
"15-10-25";"Quequén";"Maiz";"U$S 165.91"
"17-10-25";"Quequén";"Maiz";"U$S 166.96"
"20-10-25";"Quequén";"Maiz";"U$S 190.83"
"22-10-25";"Quequén";"Maiz";"U$S 168.97"
"29-10-25";"Quequén";"Maiz";"U$S 169.17"
"31-10-25";"Quequén";"Maiz";"U$S 171.82"
"03-11-25";"Quequén";"Maiz";"U$S 170.96"
"06-11-25";"Quequén";"Maiz";"U$S 175.6"
"01-03-24";"Quequén";"Soja";"U$S 261.13"
"04-03-24";"Quequén";"Soja";"U$S 260.66"
"05-03-24";"Quequén";"Soja";"U$S 260.36"
"14-03-24";"Quequén";"Soja";"U$S 276.47"
"15-03-24";"Quequén";"Soja";"U$S 276.31"
"18-03-24";"Quequén";"Soja";"U$S 275.66"
"26-03-24";"Quequén";"Soja";"U$S 286.05"
"04-04-24";"Quequén";"Soja";"U$S 284.39"
"08-04-24";"Quequén";"Soja";"U$S 284.84"
"09-04-24";"Quequén";"Soja";"U$S 289.18"
"10-04-24";"Quequén";"Soja";"U$S 287.86"
"12-04-24";"Quequén";"Soja";"U$S 288.4"
"15-04-24";"Quequén";"Soja";"U$S 287.9"
"17-04-24";"Quequén";"Soja";"U$S 281.77"
"18-04-24";"Quequén";"Soja";"U$S 275.86"
"19-04-24";"Quequén";"Soja";"U$S 286.29"
"23-04-24";"Quequén";"Soja";"U$S 281.38"
"24-04-24";"Quequén";"Soja";"U$S 286.03"
"25-04-24";"Quequén";"Soja";"U$S 284.9"
"26-04-24";"Quequén";"Soja";"U$S 287.37"
"29-04-24";"Quequén";"Soja";"U$S 285.11"
"30-04-24";"Quequén";"Soja";"U$S 280.32"
"02-05-24";"Quequén";"Soja";"U$S 291"
"03-05-24";"Quequén";"Soja";"U$S 288.67"
"06-05-24";"Quequén";"Soja";"U$S 295.45"
"07-05-24";"Quequén";"Soja";"U$S 295.29"
"08-05-24";"Quequén";"Soja";"U$S 302.04"
"09-05-24";"Quequén";"Soja";"U$S 289.12"
"10-05-24";"Quequén";"Soja";"U$S 290.76"
"14-05-24";"Quequén";"Soja";"U$S 288.14"
"15-05-24";"Quequén";"Soja";"U$S 300.4"
"16-05-24";"Quequén";"Soja";"U$S 295.26"
"17-05-24";"Quequén";"Soja";"U$S 301.18"
"22-05-24";"Quequén";"Soja";"U$S 315.91"
"23-05-24";"Quequén";"Soja";"U$S 320.22"
"24-05-24";"Quequén";"Soja";"U$S 319.37"
"27-05-24";"Quequén";"Soja";"U$S 3172.92"
"28-05-24";"Quequén";"Soja";"U$S 313.37"
"29-05-24";"Quequén";"Soja";"U$S 313.37"
"30-05-24";"Quequén";"Soja";"U$S 313.2"
"31-05-24";"Quequén";"Soja";"U$S 317.2"
"03-06-24";"Quequén";"Soja";"U$S 312.15"
"04-06-24";"Quequén";"Soja";"U$S 312.15"
"10-06-24";"Quequén";"Soja";"U$S 310.42"
"11-06-24";"Quequén";"Soja";"U$S 313.64"
"12-06-24";"Quequén";"Soja";"U$S 313.92"
"14-06-24";"Quequén";"Soja";"U$S 313.23"
"19-06-24";"Quequén";"Soja";"U$S 303.03"
"24-06-24";"Quequén";"Soja";"U$S 302.7"
"25-06-24";"Quequén";"Soja";"U$S 301.54"
"26-06-24";"Quequén";"Soja";"U$S 296.71"
"03-07-24";"Quequén";"Soja";"U$S 306.01"
"04-07-24";"Quequén";"Soja";"U$S 305.68"
"05-07-24";"Quequén";"Soja";"U$S 309.91"
"08-07-24";"Quequén";"Soja";"U$S 299.4"
"10-07-24";"Quequén";"Soja";"U$S 295.81"
"19-07-24";"Quequén";"Soja";"U$S 285.71"
"22-07-24";"Quequén";"Soja";"U$S 286.02"
"23-07-24";"Quequén";"Soja";"U$S 291.26"
"30-07-24";"Quequén";"Soja";"U$S 278.82"
"31-07-24";"Quequén";"Soja";"U$S 268.24"
"01-08-24";"Quequén";"Soja";"U$S 267.95"
"02-08-24";"Quequén";"Soja";"U$S 272.73"
"06-08-24";"Quequén";"Soja";"U$S 282.43"
"07-08-24";"Quequén";"Soja";"U$S 280.83"
"09-08-24";"Quequén";"Soja";"U$S 276.89"
"14-08-24";"Quequén";"Soja";"U$S 265.67"
"15-08-24";"Quequén";"Soja";"U$S 265.53"
"22-08-24";"Quequén";"Soja";"U$S 280.13"
"23-08-24";"Quequén";"Soja";"U$S 279.39"
"28-08-24";"Quequén";"Soja";"U$S 284.36"
"29-08-24";"Quequén";"Soja";"U$S 283.91"
"16-09-24";"Quequén";"Soja";"U$S 265.07"
"25-09-24";"Quequén";"Soja";"U$S 278.64"
"27-09-24";"Quequén";"Soja";"U$S 283.4"
"01-10-24";"Quequén";"Soja";"U$S 278.06"
"02-10-24";"Quequén";"Soja";"U$S 283.07"
"22-10-24";"Quequén";"Soja";"U$S 269.17"
"24-10-24";"Quequén";"Soja";"U$S 273.83"
"25-10-24";"Quequén";"Soja";"U$S 273.28"
"15-04-25";"Quequén";"Soja";"U$S 270.83"
"21-04-25";"Quequén";"Soja";"U$S 269.65"
"25-04-25";"Quequén";"Soja";"U$S 267.92"
"28-04-25";"Quequén";"Soja";"U$S 307.63"
"29-04-25";"Quequén";"Soja";"U$S 259.98"
"30-04-25";"Quequén";"Soja";"U$S 256.02"
"05-05-25";"Quequén";"Soja";"U$S 258.33"
"06-05-25";"Quequén";"Soja";"U$S 263.82"
"07-05-25";"Quequén";"Soja";"U$S 266.85"
"08-05-25";"Quequén";"Soja";"U$S 267.82"
"09-05-25";"Quequén";"Soja";"U$S 272.82"
"12-05-25";"Quequén";"Soja";"U$S 276.78"
"13-05-25";"Quequén";"Soja";"U$S 274.39"
"14-05-25";"Quequén";"Soja";"U$S 272.81"
"15-05-25";"Quequén";"Soja";"U$S 267.86"
"16-05-25";"Quequén";"Soja";"U$S 267.87"
"19-05-25";"Quequén";"Soja";"U$S 272.24"
"20-05-25";"Quequén";"Soja";"U$S 272.71"
"21-05-25";"Quequén";"Soja";"U$S 272.34"
"22-05-25";"Quequén";"Soja";"U$S 273.01"
"23-05-25";"Quequén";"Soja";"U$S 267.86"
"26-05-25";"Quequén";"Soja";"U$S 267.87"
"27-05-25";"Quequén";"Soja";"U$S 267.9"
"29-05-25";"Quequén";"Soja";"U$S 267.95"
"02-06-25";"Quequén";"Soja";"U$S 263.77"
"03-06-25";"Quequén";"Soja";"U$S 267.95"
"06-06-25";"Quequén";"Soja";"U$S 267.95"
"09-06-25";"Quequén";"Soja";"U$S 272.42"
"11-06-25";"Quequén";"Soja";"U$S 273.6"
"12-06-25";"Quequén";"Soja";"U$S 272.91"
"17-06-25";"Quequén";"Soja";"U$S 276.84"
"18-06-25";"Quequén";"Soja";"U$S 277.5"
"24-06-25";"Quequén";"Soja";"U$S 277.85"
"26-06-25";"Quequén";"Soja";"U$S 272.92"
"27-06-25";"Quequén";"Soja";"U$S 272.92"
"30-06-25";"Quequén";"Soja";"U$S 272.95"
"03-07-25";"Quequén";"Soja";"U$S 255.89"
"04-07-25";"Quequén";"Soja";"U$S 254.03"
"07-07-25";"Quequén";"Soja";"U$S 249.21"
"10-07-25";"Quequén";"Soja";"U$S 254.98"
"11-07-25";"Quequén";"Soja";"U$S 258.15"
"14-07-25";"Quequén";"Soja";"U$S 257.81"
"15-07-25";"Quequén";"Soja";"U$S 261.9"
"16-07-25";"Quequén";"Soja";"U$S 263.11"
"17-07-25";"Quequén";"Soja";"U$S 260.6"
"18-07-25";"Quequén";"Soja";"U$S 263.15"
"21-07-25";"Quequén";"Soja";"U$S 258.66"
"22-07-25";"Quequén";"Soja";"U$S 263.1"
"24-07-25";"Quequén";"Soja";"U$S 265.72"
"28-07-25";"Quequén";"Soja";"U$S 277.22"
"29-07-25";"Quequén";"Soja";"U$S 282.73"
"30-07-25";"Quequén";"Soja";"U$S 277.57"
"01-08-25";"Quequén";"Soja";"U$S 282.26"
"04-08-25";"Quequén";"Soja";"U$S 286.76"
"06-08-25";"Quequén";"Soja";"U$S 288.04"
"07-08-25";"Quequén";"Soja";"U$S 286.05"
"08-08-25";"Quequén";"Soja";"U$S 288.03"
"11-08-25";"Quequén";"Soja";"U$S 289.71"
"12-08-25";"Quequén";"Soja";"U$S 293.74"
"13-08-25";"Quequén";"Soja";"U$S 293.22"
"15-08-25";"Quequén";"Soja";"U$S 297.92"
"18-08-25";"Quequén";"Soja";"U$S 297.71"
"19-08-25";"Quequén";"Soja";"U$S 292.95"
"20-08-25";"Quequén";"Soja";"U$S 292.96"
"21-08-25";"Quequén";"Soja";"U$S 297.95"
"22-08-25";"Quequén";"Soja";"U$S 294.98"
"25-08-25";"Quequén";"Soja";"U$S 293.69"
"26-08-25";"Quequén";"Soja";"U$S 291.06"
"27-08-25";"Quequén";"Soja";"U$S 291.05"
"03-09-25";"Quequén";"Soja";"U$S 290.12"
"04-09-25";"Quequén";"Soja";"U$S 293.58"
"05-09-25";"Quequén";"Soja";"U$S 295.2"
"09-09-25";"Quequén";"Soja";"U$S 289.7"
"10-09-25";"Quequén";"Soja";"U$S 295.05"
"11-09-25";"Quequén";"Soja";"U$S 300.28"
"12-09-25";"Quequén";"Soja";"U$S 299.31"
"15-09-25";"Quequén";"Soja";"U$S 299.88"
"16-09-25";"Quequén";"Soja";"U$S 299.52"
"17-09-25";"Quequén";"Soja";"U$S 298.41"
"22-09-25";"Quequén";"Soja";"U$S 355.11"
"23-09-25";"Quequén";"Soja";"U$S 361.81"
"29-09-25";"Quequén";"Soja";"U$S 341.91"
"30-09-25";"Quequén";"Soja";"U$S 342.75"
"01-10-25";"Quequén";"Soja";"U$S 340.83"
"02-10-25";"Quequén";"Soja";"U$S 347.49"
"06-10-25";"Quequén";"Soja";"U$S 342.66"
"10-10-25";"Quequén";"Soja";"U$S 348.59"
"15-10-25";"Quequén";"Soja";"U$S 336.96"
"16-10-25";"Quequén";"Soja";"U$S 331.67"
"20-10-25";"Quequén";"Soja";"U$S 322.03"
"21-10-25";"Quequén";"Soja";"U$S 318.69"
"22-10-25";"Quequén";"Soja";"U$S 319.01"
"28-10-25";"Quequén";"Soja";"U$S 327.89"
"29-10-25";"Quequén";"Soja";"U$S 334.26"
"30-10-25";"Quequén";"Soja";"U$S 333.8"
"31-10-25";"Quequén";"Soja";"U$S 197.23"
"03-11-25";"Quequén";"Soja";"U$S 328.61"
"08-01-24";"Quequén";"Trigo";"U$S 208.9"
"09-01-24";"Quequén";"Trigo";"U$S 215.5"
"10-01-24";"Quequén";"Trigo";"U$S 214.75"
"11-01-24";"Quequén";"Trigo";"U$S 214.62"
"12-01-24";"Quequén";"Trigo";"U$S 208.33"
"15-01-24";"Quequén";"Trigo";"U$S 207.93"
"16-01-24";"Quequén";"Trigo";"U$S 207.8"
"17-01-24";"Quequén";"Trigo";"U$S 207.67"
"18-01-24";"Quequén";"Trigo";"U$S 211.18"
"19-01-24";"Quequén";"Trigo";"U$S 212"
"22-01-24";"Quequén";"Trigo";"U$S 211.47"
"23-01-24";"Quequén";"Trigo";"U$S 212.56"
"25-01-24";"Quequén";"Trigo";"U$S 212.64"
"26-01-24";"Quequén";"Trigo";"U$S 212.51"
"29-01-24";"Quequén";"Trigo";"U$S 212.07"
"30-01-24";"Quequén";"Trigo";"U$S 211.94"
"31-01-24";"Quequén";"Trigo";"U$S 211.76"
"01-02-24";"Quequén";"Trigo";"U$S 211.63"
"02-02-24";"Quequén";"Trigo";"U$S 211.53"
"05-02-24";"Quequén";"Trigo";"U$S 211.1"
"06-02-24";"Quequén";"Trigo";"U$S 210.97"
"07-02-24";"Quequén";"Trigo";"U$S 210.79"
"08-02-24";"Quequén";"Trigo";"U$S 210.69"
"09-02-24";"Quequén";"Trigo";"U$S 210.51"
"14-02-24";"Quequén";"Trigo";"U$S 209.86"
"15-02-24";"Quequén";"Trigo";"U$S 203.71"
"16-02-24";"Quequén";"Trigo";"U$S 201.08"
"19-02-24";"Quequén";"Trigo";"U$S 200.79"
"20-02-24";"Quequén";"Trigo";"U$S 195.65"
"21-02-24";"Quequén";"Trigo";"U$S 195.97"
"23-02-24";"Quequén";"Trigo";"U$S 194.3"
"27-03-24";"Quequén";"Trigo";"U$S 180.65"
"04-04-24";"Quequén";"Trigo";"U$S 185.72"
"05-04-24";"Quequén";"Trigo";"U$S 182.03"
"19-04-24";"Quequén";"Trigo";"U$S 187.03"
"29-04-24";"Quequén";"Trigo";"U$S 188.25"
"28-06-24";"Quequén";"Trigo";"U$S 219.3"
"06-08-24";"Quequén";"Trigo";"U$S 200.75"
"12-08-24";"Quequén";"Trigo";"U$S 200.11"
"20-08-24";"Quequén";"Trigo";"U$S 188.46"
"26-08-24";"Quequén";"Trigo";"U$S 187.27"
"26-09-24";"Quequén";"Trigo";"U$S 185.85"
"27-09-24";"Quequén";"Trigo";"U$S 185.57"
"30-09-24";"Quequén";"Trigo";"U$S 185.47"
"04-10-24";"Quequén";"Trigo";"U$S 194.97"
"07-10-24";"Quequén";"Trigo";"U$S 194.77"
"08-10-24";"Quequén";"Trigo";"U$S 184.52"
"17-10-24";"Quequén";"Trigo";"U$S 198.68"
"18-10-24";"Quequén";"Trigo";"U$S 198.07"
"22-10-24";"Quequén";"Trigo";"U$S 192.99"
"23-10-24";"Quequén";"Trigo";"U$S 192.8"
"31-10-24";"Quequén";"Trigo";"U$S 187.06"
"04-11-24";"Quequén";"Trigo";"U$S 187.06"
"08-11-24";"Quequén";"Trigo";"U$S 185.56"
"12-11-24";"Quequén";"Trigo";"U$S 180.27"
"15-11-24";"Quequén";"Trigo";"U$S 179.55"
"22-11-24";"Quequén";"Trigo";"U$S 183.71"
"25-11-24";"Quequén";"Trigo";"U$S 178.75"
"26-11-24";"Quequén";"Trigo";"U$S 183.53"
"27-11-24";"Quequén";"Trigo";"U$S 178.48"
"28-11-24";"Quequén";"Trigo";"U$S 183.35"
"03-12-24";"Quequén";"Trigo";"U$S 182.72"
"05-12-24";"Quequén";"Trigo";"U$S 182.54"
"06-12-24";"Quequén";"Trigo";"U$S 182.18"
"09-12-24";"Quequén";"Trigo";"U$S 182"
"10-12-24";"Quequén";"Trigo";"U$S 181.91"
"11-12-24";"Quequén";"Trigo";"U$S 186.73"
"13-12-24";"Quequén";"Trigo";"U$S 186.18"
"16-12-24";"Quequén";"Trigo";"U$S 185.82"
"17-12-24";"Quequén";"Trigo";"U$S 186"
"18-12-24";"Quequén";"Trigo";"U$S 185.82"
"19-12-24";"Quequén";"Trigo";"U$S 185.73"
"20-12-24";"Quequén";"Trigo";"U$S 185.37"
"23-12-24";"Quequén";"Trigo";"U$S 184.74"
"26-12-24";"Quequén";"Trigo";"U$S 184.56"
"27-12-24";"Quequén";"Trigo";"U$S 184.2"
"30-12-24";"Quequén";"Trigo";"U$S 180.23"
"02-01-25";"Quequén";"Trigo";"U$S 179.18"
"03-01-25";"Quequén";"Trigo";"U$S 182.18"
"06-01-25";"Quequén";"Trigo";"U$S 182.04"
"07-01-25";"Quequén";"Trigo";"U$S 178.57"
"08-01-25";"Quequén";"Trigo";"U$S 184.95"
"10-01-25";"Quequén";"Trigo";"U$S 183.93"
"13-01-25";"Quequén";"Trigo";"U$S 183.27"
"14-01-25";"Quequén";"Trigo";"U$S 182.52"
"15-01-25";"Quequén";"Trigo";"U$S 182.34"
"16-01-25";"Quequén";"Trigo";"U$S 183.01"
"17-01-25";"Quequén";"Trigo";"U$S 182.28"
"20-01-25";"Quequén";"Trigo";"U$S 184.04"
"21-01-25";"Quequén";"Trigo";"U$S 186.06"
"22-01-25";"Quequén";"Trigo";"U$S 187.6"
"23-01-25";"Quequén";"Trigo";"U$S 185.98"
"27-01-25";"Quequén";"Trigo";"U$S 190.39"
"28-01-25";"Quequén";"Trigo";"U$S 192.58"
"29-01-25";"Quequén";"Trigo";"U$S 196.67"
"30-01-25";"Quequén";"Trigo";"U$S 199.33"
"31-01-25";"Quequén";"Trigo";"U$S 199.29"
"03-02-25";"Quequén";"Trigo";"U$S 199.1"
"04-02-25";"Quequén";"Trigo";"U$S 199.86"
"05-02-25";"Quequén";"Trigo";"U$S 203.79"
"06-02-25";"Quequén";"Trigo";"U$S 208.58"
"07-02-25";"Quequén";"Trigo";"U$S 208.62"
"10-02-25";"Quequén";"Trigo";"U$S 208.23"
"11-02-25";"Quequén";"Trigo";"U$S 208.23"
"12-02-25";"Quequén";"Trigo";"U$S 208"
"13-02-25";"Quequén";"Trigo";"U$S 203.26"
"14-02-25";"Quequén";"Trigo";"U$S 206.19"
"17-02-25";"Quequén";"Trigo";"U$S 207.69"
"18-02-25";"Quequén";"Trigo";"U$S 207.74"
"19-02-25";"Quequén";"Trigo";"U$S 207.69"
"20-02-25";"Quequén";"Trigo";"U$S 207.6"
"21-02-25";"Quequén";"Trigo";"U$S 207.4"
"24-02-25";"Quequén";"Trigo";"U$S 207.35"
"25-02-25";"Quequén";"Trigo";"U$S 207.25"
"26-02-25";"Quequén";"Trigo";"U$S 207.21"
"06-03-25";"Quequén";"Trigo";"U$S 197.28"
"07-03-25";"Quequén";"Trigo";"U$S 196.91"
"17-03-25";"Quequén";"Trigo";"U$S 205.9"
"18-03-25";"Quequén";"Trigo";"U$S 205.8"
"21-03-25";"Quequén";"Trigo";"U$S 212.79"
"25-03-25";"Quequén";"Trigo";"U$S 212.64"
"27-03-25";"Quequén";"Trigo";"U$S 211.7"
"28-03-25";"Quequén";"Trigo";"U$S 209.59"
"01-04-25";"Quequén";"Trigo";"U$S 214"
"08-04-25";"Quequén";"Trigo";"U$S 213.7"
"09-04-25";"Quequén";"Trigo";"U$S 213.51"
"21-04-25";"Quequén";"Trigo";"U$S 203.31"
"22-04-25";"Quequén";"Trigo";"U$S 203.33"
"24-04-25";"Quequén";"Trigo";"U$S 184.8"
"05-05-25";"Quequén";"Trigo";"U$S 196.52"
"09-05-25";"Quequén";"Trigo";"U$S 190.48"
"15-05-25";"Quequén";"Trigo";"U$S 188.5"
"02-06-25";"Quequén";"Trigo";"U$S 194.09"
"03-06-25";"Quequén";"Trigo";"U$S 193.52"
"10-06-25";"Quequén";"Trigo";"U$S 160.45"
"12-06-25";"Quequén";"Trigo";"U$S 191.53"
"17-06-25";"Quequén";"Trigo";"U$S 193.49"
"19-06-25";"Quequén";"Trigo";"U$S 195"
"24-06-25";"Quequén";"Trigo";"U$S 191.52"
"25-06-25";"Quequén";"Trigo";"U$S 193.53"
"26-06-25";"Quequén";"Trigo";"U$S 190.55"
"18-07-25";"Quequén";"Trigo";"U$S 188.67"
"21-07-25";"Quequén";"Trigo";"U$S 188.66"
"28-07-25";"Quequén";"Trigo";"U$S 193.64"
"30-07-25";"Quequén";"Trigo";"U$S 193.92"
"01-08-25";"Quequén";"Trigo";"U$S 193.71"
"04-08-25";"Quequén";"Trigo";"U$S 193.71"
"05-08-25";"Quequén";"Trigo";"U$S 192.74"
"06-08-25";"Quequén";"Trigo";"U$S 193.68"
"07-08-25";"Quequén";"Trigo";"U$S 193.68"
"08-08-25";"Quequén";"Trigo";"U$S 193.68"
"11-08-25";"Quequén";"Trigo";"U$S 193.67"
"12-08-25";"Quequén";"Trigo";"U$S 193.67"
"13-08-25";"Quequén";"Trigo";"U$S 193.66"
"18-08-25";"Quequén";"Trigo";"U$S 193.64"
"19-08-25";"Quequén";"Trigo";"U$S 193.64"
"20-08-25";"Quequén";"Trigo";"U$S 193.65"
"21-08-25";"Quequén";"Trigo";"U$S 193.67"
"22-08-25";"Quequén";"Trigo";"U$S 193.67"
"25-08-25";"Quequén";"Trigo";"U$S 193.71"
"26-08-25";"Quequén";"Trigo";"U$S 193.71"
"27-08-25";"Quequén";"Trigo";"U$S 193.7"
"28-08-25";"Quequén";"Trigo";"U$S 193.68"
"29-08-25";"Quequén";"Trigo";"U$S 198.05"
"01-09-25";"Quequén";"Trigo";"U$S 193.72"
"02-09-25";"Quequén";"Trigo";"U$S 193.71"
"03-09-25";"Quequén";"Trigo";"U$S 193.64"
"04-09-25";"Quequén";"Trigo";"U$S 193.71"
"05-09-25";"Quequén";"Trigo";"U$S 193.7"
"08-09-25";"Quequén";"Trigo";"U$S 193.75"
"09-09-25";"Quequén";"Trigo";"U$S 193.69"
"10-09-25";"Quequén";"Trigo";"U$S 193.89"
"11-09-25";"Quequén";"Trigo";"U$S 194.13"
"12-09-25";"Quequén";"Trigo";"U$S 193.79"
"15-09-25";"Quequén";"Trigo";"U$S 195.64"
"16-09-25";"Quequén";"Trigo";"U$S 193.81"
"17-09-25";"Quequén";"Trigo";"U$S 193.81"
"19-09-25";"Quequén";"Trigo";"U$S 193.81"
"23-09-25";"Quequén";"Trigo";"U$S 198.69"
"24-09-25";"Quequén";"Trigo";"U$S 198.65"
"29-09-25";"Quequén";"Trigo";"U$S 192.94"
"30-09-25";"Quequén";"Trigo";"U$S 198.7"
"01-10-25";"Quequén";"Trigo";"U$S 198.74"
"03-10-25";"Quequén";"Trigo";"U$S 195.76"
"06-10-25";"Quequén";"Trigo";"U$S 193.77"
"07-10-25";"Quequén";"Trigo";"U$S 196.75"
"10-10-25";"Quequén";"Trigo";"U$S 186.85"
"13-10-25";"Quequén";"Trigo";"U$S 196.68"
"14-10-25";"Quequén";"Trigo";"U$S 193.71"
"15-10-25";"Quequén";"Trigo";"U$S 188.76"
"16-10-25";"Quequén";"Trigo";"U$S 193.75"
"17-10-25";"Quequén";"Trigo";"U$S 188.82"
"21-10-25";"Quequén";"Trigo";"U$S 190.84"
"22-10-25";"Quequén";"Trigo";"U$S 193.82"
"24-10-25";"Quequén";"Trigo";"U$S 193.82"
"27-10-25";"Quequén";"Trigo";"U$S 193.78"
"28-10-25";"Quequén";"Trigo";"U$S 193.81"
"29-10-25";"Quequén";"Trigo";"U$S 194.05"
"30-10-25";"Quequén";"Trigo";"U$S 193.78"
"31-10-25";"Quequén";"Trigo";"U$S 193.79"
"29-12-23";"Rosario";"Girasol";"U$S 303.05"
"04-01-24";"Rosario";"Girasol";"U$S 308"
"05-01-24";"Rosario";"Girasol";"U$S 328.74"
"08-01-24";"Rosario";"Girasol";"U$S 328.09"
"11-01-24";"Rosario";"Girasol";"U$S 338.48"
"12-01-24";"Rosario";"Girasol";"U$S 340.69"
"15-01-24";"Rosario";"Girasol";"U$S 342.47"
"18-01-24";"Rosario";"Girasol";"U$S 347.9"
"19-01-24";"Rosario";"Girasol";"U$S 347.69"
"22-01-24";"Rosario";"Girasol";"U$S 348.19"
"23-01-24";"Rosario";"Girasol";"U$S 347.97"
"25-01-24";"Rosario";"Girasol";"U$S 348.72"
"26-01-24";"Rosario";"Girasol";"U$S 348.51"
"29-01-24";"Rosario";"Girasol";"U$S 348.4"
"30-01-24";"Rosario";"Girasol";"U$S 348.79"
"31-01-24";"Rosario";"Girasol";"U$S 348.74"
"01-02-24";"Rosario";"Girasol";"U$S 348.73"
"02-02-24";"Rosario";"Girasol";"U$S 348.72"
"05-02-24";"Rosario";"Girasol";"U$S 348.61"
"06-02-24";"Rosario";"Girasol";"U$S 348.76"
"07-02-24";"Rosario";"Girasol";"U$S 348.71"
"08-02-24";"Rosario";"Girasol";"U$S 349.15"
"09-02-24";"Rosario";"Girasol";"U$S 348.85"
"14-02-24";"Rosario";"Girasol";"U$S 347.76"
"15-02-24";"Rosario";"Girasol";"U$S 347.51"
"16-02-24";"Rosario";"Girasol";"U$S 346.11"
"19-02-24";"Rosario";"Girasol";"U$S 340.62"
"20-02-24";"Rosario";"Girasol";"U$S 322.5"
"21-02-24";"Rosario";"Girasol";"U$S 322.23"
"23-02-24";"Rosario";"Girasol";"U$S 315.89"
"26-02-24";"Rosario";"Girasol";"U$S 309.3"
"27-02-24";"Rosario";"Girasol";"U$S 306.74"
"28-02-24";"Rosario";"Girasol";"U$S 308.9"
"29-02-24";"Rosario";"Girasol";"U$S 308.72"
"01-03-24";"Rosario";"Girasol";"U$S 308.61"
"04-03-24";"Rosario";"Girasol";"U$S 303.32"
"05-03-24";"Rosario";"Girasol";"U$S 302.96"
"06-03-24";"Rosario";"Girasol";"U$S 305.14"
"07-03-24";"Rosario";"Girasol";"U$S 301.42"
"11-03-24";"Rosario";"Girasol";"U$S 290.09"
"12-03-24";"Rosario";"Girasol";"U$S 287.57"
"14-03-24";"Rosario";"Girasol";"U$S 288.24"
"27-03-24";"Rosario";"Girasol";"U$S 273.89"
"03-04-24";"Rosario";"Girasol";"U$S 272.94"
"05-04-24";"Rosario";"Girasol";"U$S 278.26"
"17-04-24";"Rosario";"Girasol";"U$S 287.52"
"19-04-24";"Rosario";"Girasol";"U$S 298.34"
"23-04-24";"Rosario";"Girasol";"U$S 297.99"
"24-04-24";"Rosario";"Girasol";"U$S 297.82"
"23-05-24";"Rosario";"Girasol";"U$S 303.37"
"24-05-24";"Rosario";"Girasol";"U$S 303.2"
"17-07-24";"Rosario";"Girasol";"U$S 335.5"
"01-11-24";"Rosario";"Girasol";"U$S 358.95"
"04-11-24";"Rosario";"Girasol";"U$S 358.95"
"06-11-24";"Rosario";"Girasol";"U$S 356.96"
"07-11-24";"Rosario";"Girasol";"U$S 356.78"
"08-11-24";"Rosario";"Girasol";"U$S 359.08"
"12-11-24";"Rosario";"Girasol";"U$S 360.54"
"14-11-24";"Rosario";"Girasol";"U$S 360.18"
"15-11-24";"Rosario";"Girasol";"U$S 361.1"
"19-11-24";"Rosario";"Girasol";"U$S 360.92"
"20-11-24";"Rosario";"Girasol";"U$S 363.73"
"22-11-24";"Rosario";"Girasol";"U$S 362.46"
"26-11-24";"Rosario";"Girasol";"U$S 367.06"
"18-12-24";"Rosario";"Girasol";"U$S 376.53"
"19-12-24";"Rosario";"Girasol";"U$S 373.9"
"20-12-24";"Rosario";"Girasol";"U$S 370.73"
"23-12-24";"Rosario";"Girasol";"U$S 369.47"
"26-12-24";"Rosario";"Girasol";"U$S 369.11"
"30-12-24";"Rosario";"Girasol";"U$S 363.37"
"02-01-25";"Rosario";"Girasol";"U$S 360.29"
"03-01-25";"Rosario";"Girasol";"U$S 359.25"
"06-01-25";"Rosario";"Girasol";"U$S 349.59"
"07-01-25";"Rosario";"Girasol";"U$S 350.39"
"08-01-25";"Rosario";"Girasol";"U$S 349.25"
"13-01-25";"Rosario";"Girasol";"U$S 346.15"
"14-01-25";"Rosario";"Girasol";"U$S 343.9"
"15-01-25";"Rosario";"Girasol";"U$S 340.69"
"16-01-25";"Rosario";"Girasol";"U$S 338.77"
"17-01-25";"Rosario";"Girasol";"U$S 338.12"
"20-01-25";"Rosario";"Girasol";"U$S 337.31"
"21-01-25";"Rosario";"Girasol";"U$S 339.06"
"22-01-25";"Rosario";"Girasol";"U$S 338.74"
"23-01-25";"Rosario";"Girasol";"U$S 338.58"
"28-01-25";"Rosario";"Girasol";"U$S 339.03"
"29-01-25";"Rosario";"Girasol";"U$S 339.03"
"30-01-25";"Rosario";"Girasol";"U$S 349"
"31-01-25";"Rosario";"Girasol";"U$S 348.93"
"03-02-25";"Rosario";"Girasol";"U$S 349.06"
"05-02-25";"Rosario";"Girasol";"U$S 348.98"
"06-02-25";"Rosario";"Girasol";"U$S 348.9"
"07-02-25";"Rosario";"Girasol";"U$S 345.73"
"10-02-25";"Rosario";"Girasol";"U$S 345.48"
"11-02-25";"Rosario";"Girasol";"U$S 348.32"
"12-02-25";"Rosario";"Girasol";"U$S 348.24"
"13-02-25";"Rosario";"Girasol";"U$S 349"
"14-02-25";"Rosario";"Girasol";"U$S 348.97"
"17-02-25";"Rosario";"Girasol";"U$S 349.02"
"18-02-25";"Rosario";"Girasol";"U$S 349.1"
"20-02-25";"Rosario";"Girasol";"U$S 351.97"
"21-02-25";"Rosario";"Girasol";"U$S 351.64"
"24-02-25";"Rosario";"Girasol";"U$S 349.01"
"25-02-25";"Rosario";"Girasol";"U$S 338.2"
"26-02-25";"Rosario";"Girasol";"U$S 329.64"
"27-02-25";"Rosario";"Girasol";"U$S 329.49"
"04-03-25";"Rosario";"Girasol";"U$S 328.72"
"05-03-25";"Rosario";"Girasol";"U$S 329.06"
"06-03-25";"Rosario";"Girasol";"U$S 329.07"
"07-03-25";"Rosario";"Girasol";"U$S 328.46"
"10-03-25";"Rosario";"Girasol";"U$S 328.8"
"12-03-25";"Rosario";"Girasol";"U$S 328.57"
"14-03-25";"Rosario";"Girasol";"U$S 318.2"
"25-03-25";"Rosario";"Girasol";"U$S 298.58"
"27-03-25";"Rosario";"Girasol";"U$S 298.44"
"28-03-25";"Rosario";"Girasol";"U$S 299.02"
"31-03-25";"Rosario";"Girasol";"U$S 299.16"
"01-04-25";"Rosario";"Girasol";"U$S 299.14"
"03-04-25";"Rosario";"Girasol";"U$S 299.07"
"15-04-25";"Rosario";"Girasol";"U$S 295.83"
"22-04-25";"Rosario";"Girasol";"U$S 297.55"
"25-04-25";"Rosario";"Girasol";"U$S 297.56"
"09-05-25";"Rosario";"Girasol";"U$S 302.64"
"12-05-25";"Rosario";"Girasol";"U$S 303"
"15-05-25";"Rosario";"Girasol";"U$S 337.31"
"16-05-25";"Rosario";"Girasol";"U$S 337.3"
"19-05-25";"Rosario";"Girasol";"U$S 341.81"
"20-05-25";"Rosario";"Girasol";"U$S 343.98"
"21-05-25";"Rosario";"Girasol";"U$S 344.24"
"22-05-25";"Rosario";"Girasol";"U$S 347.25"
"23-05-25";"Rosario";"Girasol";"U$S 347.15"
"26-05-25";"Rosario";"Girasol";"U$S 347.24"
"27-05-25";"Rosario";"Girasol";"U$S 347.23"
"28-05-25";"Rosario";"Girasol";"U$S 347.24"
"29-05-25";"Rosario";"Girasol";"U$S 346.58"
"02-06-25";"Rosario";"Girasol";"U$S 347.31"
"03-06-25";"Rosario";"Girasol";"U$S 347.34"
"09-06-25";"Rosario";"Girasol";"U$S 342.38"
"10-06-25";"Rosario";"Girasol";"U$S 297.01"
"17-06-25";"Rosario";"Girasol";"U$S 327.59"
"23-07-25";"Rosario";"Girasol";"U$S 337.31"
"25-08-25";"Rosario";"Girasol";"U$S 357.62"
"29-08-25";"Rosario";"Girasol";"U$S 357.59"
"29-12-23";"Rosario";"Maiz";"U$S 186.78"
"02-01-24";"Rosario";"Maiz";"U$S 185.03"
"03-01-24";"Rosario";"Maiz";"U$S 185.55"
"04-01-24";"Rosario";"Maiz";"U$S 190.83"
"05-01-24";"Rosario";"Maiz";"U$S 192.07"
"08-01-24";"Rosario";"Maiz";"U$S 194.15"
"09-01-24";"Rosario";"Maiz";"U$S 196.46"
"10-01-24";"Rosario";"Maiz";"U$S 196.34"
"11-01-24";"Rosario";"Maiz";"U$S 196.22"
"12-01-24";"Rosario";"Maiz";"U$S 192.4"
"15-01-24";"Rosario";"Maiz";"U$S 188.97"
"16-01-24";"Rosario";"Maiz";"U$S 189.46"
"17-01-24";"Rosario";"Maiz";"U$S 189.35"
"18-01-24";"Rosario";"Maiz";"U$S 189.21"
"19-01-24";"Rosario";"Maiz";"U$S 189.09"
"22-01-24";"Rosario";"Maiz";"U$S 188.46"
"23-01-24";"Rosario";"Maiz";"U$S 188.59"
"25-01-24";"Rosario";"Maiz";"U$S 188.94"
"26-01-24";"Rosario";"Maiz";"U$S 188.22"
"29-01-24";"Rosario";"Maiz";"U$S 186.62"
"30-01-24";"Rosario";"Maiz";"U$S 187.72"
"31-01-24";"Rosario";"Maiz";"U$S 187.56"
"01-02-24";"Rosario";"Maiz";"U$S 187.33"
"02-02-24";"Rosario";"Maiz";"U$S 183.73"
"05-02-24";"Rosario";"Maiz";"U$S 182.15"
"06-02-24";"Rosario";"Maiz";"U$S 180.83"
"07-02-24";"Rosario";"Maiz";"U$S 181.88"
"08-02-24";"Rosario";"Maiz";"U$S 180.59"
"09-02-24";"Rosario";"Maiz";"U$S 178.03"
"14-02-24";"Rosario";"Maiz";"U$S 179.64"
"15-02-24";"Rosario";"Maiz";"U$S 176.75"
"16-02-24";"Rosario";"Maiz";"U$S 172.93"
"19-02-24";"Rosario";"Maiz";"U$S 169.12"
"20-02-24";"Rosario";"Maiz";"U$S 170.81"
"21-02-24";"Rosario";"Maiz";"U$S 168.04"
"23-02-24";"Rosario";"Maiz";"U$S 160.93"
"26-02-24";"Rosario";"Maiz";"U$S 160.72"
"27-02-24";"Rosario";"Maiz";"U$S 166.21"
"28-02-24";"Rosario";"Maiz";"U$S 166.92"
"29-02-24";"Rosario";"Maiz";"U$S 167.42"
"01-03-24";"Rosario";"Maiz";"U$S 170.92"
"04-03-24";"Rosario";"Maiz";"U$S 170.62"
"05-03-24";"Rosario";"Maiz";"U$S 170.41"
"06-03-24";"Rosario";"Maiz";"U$S 170.9"
"07-03-24";"Rosario";"Maiz";"U$S 172.58"
"11-03-24";"Rosario";"Maiz";"U$S 173.35"
"12-03-24";"Rosario";"Maiz";"U$S 175.6"
"14-03-24";"Rosario";"Maiz";"U$S 178.24"
"15-03-24";"Rosario";"Maiz";"U$S 176.37"
"18-03-24";"Rosario";"Maiz";"U$S 174.78"
"21-03-24";"Rosario";"Maiz";"U$S 176.81"
"25-03-24";"Rosario";"Maiz";"U$S 169.39"
"26-03-24";"Rosario";"Maiz";"U$S 169.29"
"27-03-24";"Rosario";"Maiz";"U$S 164.34"
"03-04-24";"Rosario";"Maiz";"U$S 166.9"
"04-04-24";"Rosario";"Maiz";"U$S 168.31"
"05-04-24";"Rosario";"Maiz";"U$S 168.12"
"08-04-24";"Rosario";"Maiz";"U$S 170.14"
"09-04-24";"Rosario";"Maiz";"U$S 172.35"
"10-04-24";"Rosario";"Maiz";"U$S 173.41"
"12-04-24";"Rosario";"Maiz";"U$S 176"
"15-04-24";"Rosario";"Maiz";"U$S 173.96"
"17-04-24";"Rosario";"Maiz";"U$S 177.11"
"18-04-24";"Rosario";"Maiz";"U$S 177.01"
"19-04-24";"Rosario";"Maiz";"U$S 177.85"
"23-04-24";"Rosario";"Maiz";"U$S 181.09"
"24-04-24";"Rosario";"Maiz";"U$S 181.56"
"25-04-24";"Rosario";"Maiz";"U$S 172.43"
"26-04-24";"Rosario";"Maiz";"U$S 182.86"
"29-04-24";"Rosario";"Maiz";"U$S 180.26"
"02-05-24";"Rosario";"Maiz";"U$S 182.23"
"03-05-24";"Rosario";"Maiz";"U$S 185.54"
"06-05-24";"Rosario";"Maiz";"U$S 187.5"
"07-05-24";"Rosario";"Maiz";"U$S 189.66"
"08-05-24";"Rosario";"Maiz";"U$S 187.18"
"09-05-24";"Rosario";"Maiz";"U$S 181.41"
"10-05-24";"Rosario";"Maiz";"U$S 183.57"
"14-05-24";"Rosario";"Maiz";"U$S 186.44"
"15-05-24";"Rosario";"Maiz";"U$S 181.25"
"16-05-24";"Rosario";"Maiz";"U$S 176.64"
"17-05-24";"Rosario";"Maiz";"U$S 173.72"
"20-05-24";"Rosario";"Maiz";"U$S 173.89"
"22-05-24";"Rosario";"Maiz";"U$S 176.5"
"23-05-24";"Rosario";"Maiz";"U$S 182.02"
"24-05-24";"Rosario";"Maiz";"U$S 183.04"
"27-05-24";"Rosario";"Maiz";"U$S 182.43"
"28-05-24";"Rosario";"Maiz";"U$S 182.43"
"29-05-24";"Rosario";"Maiz";"U$S 181.87"
"30-05-24";"Rosario";"Maiz";"U$S 177.85"
"31-05-24";"Rosario";"Maiz";"U$S 176.44"
"03-06-24";"Rosario";"Maiz";"U$S 176.14"
"04-06-24";"Rosario";"Maiz";"U$S 178.37"
"10-06-24";"Rosario";"Maiz";"U$S 182.93"
"11-06-24";"Rosario";"Maiz";"U$S 182.93"
"12-06-24";"Rosario";"Maiz";"U$S 183.58"
"14-06-24";"Rosario";"Maiz";"U$S 182.62"
"18-06-24";"Rosario";"Maiz";"U$S 181.22"
"19-06-24";"Rosario";"Maiz";"U$S 179.39"
"24-06-24";"Rosario";"Maiz";"U$S 175.01"
"25-06-24";"Rosario";"Maiz";"U$S 174.92"
"26-06-24";"Rosario";"Maiz";"U$S 177.83"
"27-06-24";"Rosario";"Maiz";"U$S 178.06"
"28-06-24";"Rosario";"Maiz";"U$S 174.89"
"02-07-24";"Rosario";"Maiz";"U$S 175.51"
"03-07-24";"Rosario";"Maiz";"U$S 174.86"
"04-07-24";"Rosario";"Maiz";"U$S 171.94"
"05-07-24";"Rosario";"Maiz";"U$S 170.15"
"08-07-24";"Rosario";"Maiz";"U$S 163.31"
"10-07-24";"Rosario";"Maiz";"U$S 163.13"
"12-07-24";"Rosario";"Maiz";"U$S 168.2"
"15-07-24";"Rosario";"Maiz";"U$S 163.06"
"16-07-24";"Rosario";"Maiz";"U$S 164.05"
"17-07-24";"Rosario";"Maiz";"U$S 166.13"
"19-07-24";"Rosario";"Maiz";"U$S 162.8"
"22-07-24";"Rosario";"Maiz";"U$S 167.3"
"23-07-24";"Rosario";"Maiz";"U$S 172.6"
"24-07-24";"Rosario";"Maiz";"U$S 172.41"
"26-07-24";"Rosario";"Maiz";"U$S 167.26"
"29-07-24";"Rosario";"Maiz";"U$S 166.2"
"30-07-24";"Rosario";"Maiz";"U$S 166.22"
"31-07-24";"Rosario";"Maiz";"U$S 163.09"
"01-08-24";"Rosario";"Maiz";"U$S 162.7"
"02-08-24";"Rosario";"Maiz";"U$S 165.78"
"05-08-24";"Rosario";"Maiz";"U$S 171.03"
"06-08-24";"Rosario";"Maiz";"U$S 170.85"
"07-08-24";"Rosario";"Maiz";"U$S 170.85"
"08-08-24";"Rosario";"Maiz";"U$S 170.76"
"09-08-24";"Rosario";"Maiz";"U$S 170.39"
"12-08-24";"Rosario";"Maiz";"U$S 170.3"
"14-08-24";"Rosario";"Maiz";"U$S 170.03"
"15-08-24";"Rosario";"Maiz";"U$S 169.94"
"16-08-24";"Rosario";"Maiz";"U$S 169.49"
"19-08-24";"Rosario";"Maiz";"U$S 170.55"
"20-08-24";"Rosario";"Maiz";"U$S 171.31"
"21-08-24";"Rosario";"Maiz";"U$S 172.49"
"22-08-24";"Rosario";"Maiz";"U$S 172.3"
"23-08-24";"Rosario";"Maiz";"U$S 171.85"
"26-08-24";"Rosario";"Maiz";"U$S 171.49"
"27-08-24";"Rosario";"Maiz";"U$S 173.68"
"28-08-24";"Rosario";"Maiz";"U$S 173.78"
"29-08-24";"Rosario";"Maiz";"U$S 173.5"
"02-09-24";"Rosario";"Maiz";"U$S 173.14"
"03-09-24";"Rosario";"Maiz";"U$S 177.77"
"04-09-24";"Rosario";"Maiz";"U$S 178.1"
"05-09-24";"Rosario";"Maiz";"U$S 178"
"06-09-24";"Rosario";"Maiz";"U$S 176.41"
"09-09-24";"Rosario";"Maiz";"U$S 172.14"
"10-09-24";"Rosario";"Maiz";"U$S 173.8"
"11-09-24";"Rosario";"Maiz";"U$S 174.23"
"12-09-24";"Rosario";"Maiz";"U$S 173.87"
"13-09-24";"Rosario";"Maiz";"U$S 176.61"
"16-09-24";"Rosario";"Maiz";"U$S 172.04"
"18-09-24";"Rosario";"Maiz";"U$S 173.85"
"20-09-24";"Rosario";"Maiz";"U$S 1755.57"
"23-09-24";"Rosario";"Maiz";"U$S 175.98"
"24-09-24";"Rosario";"Maiz";"U$S 175.89"
"25-09-24";"Rosario";"Maiz";"U$S 177.5"
"26-09-24";"Rosario";"Maiz";"U$S 177.59"
"27-09-24";"Rosario";"Maiz";"U$S 180.36"
"30-09-24";"Rosario";"Maiz";"U$S 184.44"
"01-10-24";"Rosario";"Maiz";"U$S 185.38"
"02-10-24";"Rosario";"Maiz";"U$S 187.13"
"04-10-24";"Rosario";"Maiz";"U$S 185.22"
"07-10-24";"Rosario";"Maiz";"U$S 184.52"
"08-10-24";"Rosario";"Maiz";"U$S 183.5"
"10-10-24";"Rosario";"Maiz";"U$S 184.37"
"14-10-24";"Rosario";"Maiz";"U$S 180.61"
"17-10-24";"Rosario";"Maiz";"U$S 183.39"
"18-10-24";"Rosario";"Maiz";"U$S 182.83"
"21-10-24";"Rosario";"Maiz";"U$S 184.96"
"22-10-24";"Rosario";"Maiz";"U$S 185.78"
"23-10-24";"Rosario";"Maiz";"U$S 182.65"
"24-10-24";"Rosario";"Maiz";"U$S 182.56"
"25-10-24";"Rosario";"Maiz";"U$S 182.19"
"28-10-24";"Rosario";"Maiz";"U$S 179.87"
"31-10-24";"Rosario";"Maiz";"U$S 179.98"
"01-11-24";"Rosario";"Maiz";"U$S 182"
"04-11-24";"Rosario";"Maiz";"U$S 182"
"06-11-24";"Rosario";"Maiz";"U$S 183.01"
"07-11-24";"Rosario";"Maiz";"U$S 183.92"
"08-11-24";"Rosario";"Maiz";"U$S 185.56"
"12-11-24";"Rosario";"Maiz";"U$S 185.28"
"13-11-24";"Rosario";"Maiz";"U$S 186.49"
"14-11-24";"Rosario";"Maiz";"U$S 185.09"
"15-11-24";"Rosario";"Maiz";"U$S 182.54"
"19-11-24";"Rosario";"Maiz";"U$S 184.45"
"20-11-24";"Rosario";"Maiz";"U$S 184.35"
"21-11-24";"Rosario";"Maiz";"U$S 184.08"
"22-11-24";"Rosario";"Maiz";"U$S 182.72"
"25-11-24";"Rosario";"Maiz";"U$S 181.23"
"26-11-24";"Rosario";"Maiz";"U$S 180.56"
"27-11-24";"Rosario";"Maiz";"U$S 181.26"
"28-11-24";"Rosario";"Maiz";"U$S 180.38"
"29-11-24";"Rosario";"Maiz";"U$S 179.93"
"02-12-24";"Rosario";"Maiz";"U$S 177.78"
"03-12-24";"Rosario";"Maiz";"U$S 180.54"
"04-12-24";"Rosario";"Maiz";"U$S 180.65"
"05-12-24";"Rosario";"Maiz";"U$S 180.56"
"06-12-24";"Rosario";"Maiz";"U$S 180.21"
"09-12-24";"Rosario";"Maiz";"U$S 177.57"
"10-12-24";"Rosario";"Maiz";"U$S 177.48"
"13-12-24";"Rosario";"Maiz";"U$S 176.38"
"16-12-24";"Rosario";"Maiz";"U$S 176.04"
"17-12-24";"Rosario";"Maiz";"U$S 176.7"
"18-12-24";"Rosario";"Maiz";"U$S 180.73"
"19-12-24";"Rosario";"Maiz";"U$S 179.37"
"20-12-24";"Rosario";"Maiz";"U$S 182.44"
"23-12-24";"Rosario";"Maiz";"U$S 181.82"
"26-12-24";"Rosario";"Maiz";"U$S 184.56"
"27-12-24";"Rosario";"Maiz";"U$S 184.2"
"30-12-24";"Rosario";"Maiz";"U$S 184.11"
"02-01-25";"Rosario";"Maiz";"U$S 184.02"
"03-01-25";"Rosario";"Maiz";"U$S 183.49"
"06-01-25";"Rosario";"Maiz";"U$S 185.32"
"07-01-25";"Rosario";"Maiz";"U$S 1870.66"
"08-01-25";"Rosario";"Maiz";"U$S 188.13"
"10-01-25";"Rosario";"Maiz";"U$S 192.4"
"13-01-25";"Rosario";"Maiz";"U$S 197.12"
"14-01-25";"Rosario";"Maiz";"U$S 196.93"
"15-01-25";"Rosario";"Maiz";"U$S 197.7"
"16-01-25";"Rosario";"Maiz";"U$S 196.74"
"17-01-25";"Rosario";"Maiz";"U$S 200.19"
"20-01-25";"Rosario";"Maiz";"U$S 197.32"
"21-01-25";"Rosario";"Maiz";"U$S 199.9"
"22-01-25";"Rosario";"Maiz";"U$S 201.81"
"23-01-25";"Rosario";"Maiz";"U$S 203.15"
"28-01-25";"Rosario";"Maiz";"U$S 204.57"
"29-01-25";"Rosario";"Maiz";"U$S 210.65"
"30-01-25";"Rosario";"Maiz";"U$S 212.93"
"31-01-25";"Rosario";"Maiz";"U$S 211.68"
"03-02-25";"Rosario";"Maiz";"U$S 211.52"
"04-02-25";"Rosario";"Maiz";"U$S 213.42"
"05-02-25";"Rosario";"Maiz";"U$S 212.42"
"06-02-25";"Rosario";"Maiz";"U$S 212.37"
"07-02-25";"Rosario";"Maiz";"U$S 208.38"
"10-02-25";"Rosario";"Maiz";"U$S 208.23"
"11-02-25";"Rosario";"Maiz";"U$S 208.23"
"12-02-25";"Rosario";"Maiz";"U$S 207.24"
"13-02-25";"Rosario";"Maiz";"U$S 206.1"
"14-02-25";"Rosario";"Maiz";"U$S 205.06"
"17-02-25";"Rosario";"Maiz";"U$S 202.97"
"18-02-25";"Rosario";"Maiz";"U$S 203.97"
"19-02-25";"Rosario";"Maiz";"U$S 204.86"
"20-02-25";"Rosario";"Maiz";"U$S 205.71"
"21-02-25";"Rosario";"Maiz";"U$S 202.69"
"24-02-25";"Rosario";"Maiz";"U$S 199.81"
"25-02-25";"Rosario";"Maiz";"U$S 199.25"
"26-02-25";"Rosario";"Maiz";"U$S 202.02"
"27-02-25";"Rosario";"Maiz";"U$S 202.21"
"04-03-25";"Rosario";"Maiz";"U$S 201.74"
"05-03-25";"Rosario";"Maiz";"U$S 195.91"
"06-03-25";"Rosario";"Maiz";"U$S 199.15"
"07-03-25";"Rosario";"Maiz";"U$S 196.91"
"10-03-25";"Rosario";"Maiz";"U$S 194.65"
"12-03-25";"Rosario";"Maiz";"U$S 194.98"
"14-03-25";"Rosario";"Maiz";"U$S 193.73"
"17-03-25";"Rosario";"Maiz";"U$S 193.26"
"18-03-25";"Rosario";"Maiz";"U$S 194.01"
"19-03-25";"Rosario";"Maiz";"U$S 194.91"
"20-03-25";"Rosario";"Maiz";"U$S 196.35"
"21-03-25";"Rosario";"Maiz";"U$S 195.99"
"25-03-25";"Rosario";"Maiz";"U$S 195.01"
"26-03-25";"Rosario";"Maiz";"U$S 195.94"
"27-03-25";"Rosario";"Maiz";"U$S 194.92"
"28-03-25";"Rosario";"Maiz";"U$S 193.76"
"31-03-25";"Rosario";"Maiz";"U$S 195.53"
"01-04-25";"Rosario";"Maiz";"U$S 195.39"
"03-04-25";"Rosario";"Maiz";"U$S 198.6"
"04-04-25";"Rosario";"Maiz";"U$S 199.35"
"07-04-25";"Rosario";"Maiz";"U$S 199.81"
"08-04-25";"Rosario";"Maiz";"U$S 202.56"
"09-04-25";"Rosario";"Maiz";"U$S 206.08"
"10-04-25";"Rosario";"Maiz";"U$S 208.45"
"11-04-25";"Rosario";"Maiz";"U$S 208.72"
"14-04-25";"Rosario";"Maiz";"U$S 191.99"
"15-04-25";"Rosario";"Maiz";"U$S 197.92"
"16-04-25";"Rosario";"Maiz";"U$S 204.41"
"21-04-25";"Rosario";"Maiz";"U$S 197.44"
"22-04-25";"Rosario";"Maiz";"U$S 199.28"
"24-04-25";"Rosario";"Maiz";"U$S 196.76"
"25-04-25";"Rosario";"Maiz";"U$S 199.23"
"28-04-25";"Rosario";"Maiz";"U$S 196.1"
"29-04-25";"Rosario";"Maiz";"U$S 195.71"
"30-04-25";"Rosario";"Maiz";"U$S 194.87"
"05-05-25";"Rosario";"Maiz";"U$S 184.17"
"06-05-25";"Rosario";"Maiz";"U$S 187.19"
"07-05-25";"Rosario";"Maiz";"U$S 186.83"
"08-05-25";"Rosario";"Maiz";"U$S 183.12"
"09-05-25";"Rosario";"Maiz";"U$S 182.22"
"12-05-25";"Rosario";"Maiz";"U$S 182.86"
"13-05-25";"Rosario";"Maiz";"U$S 183.03"
"14-05-25";"Rosario";"Maiz";"U$S 183.75"
"15-05-25";"Rosario";"Maiz";"U$S 185.41"
"16-05-25";"Rosario";"Maiz";"U$S 186.51"
"19-05-25";"Rosario";"Maiz";"U$S 184.05"
"20-05-25";"Rosario";"Maiz";"U$S 185.56"
"21-05-25";"Rosario";"Maiz";"U$S 185.86"
"22-05-25";"Rosario";"Maiz";"U$S 184.94"
"23-05-25";"Rosario";"Maiz";"U$S 181.74"
"26-05-25";"Rosario";"Maiz";"U$S 181.1"
"27-05-25";"Rosario";"Maiz";"U$S 182.35"
"28-05-25";"Rosario";"Maiz";"U$S 181.03"
"29-05-25";"Rosario";"Maiz";"U$S 177.26"
"30-05-25";"Rosario";"Maiz";"U$S 175.93"
"02-06-25";"Rosario";"Maiz";"U$S 173.66"
"03-06-25";"Rosario";"Maiz";"U$S 173.31"
"06-06-25";"Rosario";"Maiz";"U$S 171.83"
"09-06-25";"Rosario";"Maiz";"U$S 171.22"
"10-06-25";"Rosario";"Maiz";"U$S 172.49"
"11-06-25";"Rosario";"Maiz";"U$S 173.43"
"12-06-25";"Rosario";"Maiz";"U$S 173"
"13-06-25";"Rosario";"Maiz";"U$S 173.86"
"17-06-25";"Rosario";"Maiz";"U$S 173.28"
"18-06-25";"Rosario";"Maiz";"U$S 173.3"
"19-06-25";"Rosario";"Maiz";"U$S 172.12"
"23-06-25";"Rosario";"Maiz";"U$S 172.5"
"24-06-25";"Rosario";"Maiz";"U$S 170.29"
"25-06-25";"Rosario";"Maiz";"U$S 168.69"
"26-06-25";"Rosario";"Maiz";"U$S 169.65"
"27-06-25";"Rosario";"Maiz";"U$S 169.47"
"30-06-25";"Rosario";"Maiz";"U$S 167.72"
"01-07-25";"Rosario";"Maiz";"U$S 166.12"
"02-07-25";"Rosario";"Maiz";"U$S 165.99"
"03-07-25";"Rosario";"Maiz";"U$S 169.54"
"04-07-25";"Rosario";"Maiz";"U$S 166.13"
"07-07-25";"Rosario";"Maiz";"U$S 166.14"
"08-07-25";"Rosario";"Maiz";"U$S 166.14"
"10-07-25";"Rosario";"Maiz";"U$S 168.78"
"11-07-25";"Rosario";"Maiz";"U$S 168.85"
"14-07-25";"Rosario";"Maiz";"U$S 168.67"
"15-07-25";"Rosario";"Maiz";"U$S 173.02"
"16-07-25";"Rosario";"Maiz";"U$S 174.39"
"17-07-25";"Rosario";"Maiz";"U$S 173.47"
"18-07-25";"Rosario";"Maiz";"U$S 172.63"
"21-07-25";"Rosario";"Maiz";"U$S 170.98"
"22-07-25";"Rosario";"Maiz";"U$S 171.91"
"23-07-25";"Rosario";"Maiz";"U$S 176.4"
"24-07-25";"Rosario";"Maiz";"U$S 177.75"
"28-07-25";"Rosario";"Maiz";"U$S 175.75"
"01-08-25";"Rosario";"Maiz";"U$S 176.83"
"04-08-25";"Rosario";"Maiz";"U$S 177.28"
"05-08-25";"Rosario";"Maiz";"U$S 177.44"
"06-08-25";"Rosario";"Maiz";"U$S 174.77"
"07-08-25";"Rosario";"Maiz";"U$S 174.75"
"08-08-25";"Rosario";"Maiz";"U$S 175.79"
"11-08-25";"Rosario";"Maiz";"U$S 173.75"
"12-08-25";"Rosario";"Maiz";"U$S 172.3"
"13-08-25";"Rosario";"Maiz";"U$S 172.81"
"14-08-25";"Rosario";"Maiz";"U$S 172.77"
"18-08-25";"Rosario";"Maiz";"U$S 175.56"
"19-08-25";"Rosario";"Maiz";"U$S 174.31"
"20-08-25";"Rosario";"Maiz";"U$S 174.1"
"21-08-25";"Rosario";"Maiz";"U$S 174.3"
"22-08-25";"Rosario";"Maiz";"U$S 174.49"
"25-08-25";"Rosario";"Maiz";"U$S 174.34"
"26-08-25";"Rosario";"Maiz";"U$S 173.83"
"27-08-25";"Rosario";"Maiz";"U$S 170.8"
"28-08-25";"Rosario";"Maiz";"U$S 170.82"
"29-08-25";"Rosario";"Maiz";"U$S 173.83"
"01-09-25";"Rosario";"Maiz";"U$S 174.93"
"02-09-25";"Rosario";"Maiz";"U$S 174.14"
"03-09-25";"Rosario";"Maiz";"U$S 174.07"
"04-09-25";"Rosario";"Maiz";"U$S 174.68"
"05-09-25";"Rosario";"Maiz";"U$S 178.82"
"09-09-25";"Rosario";"Maiz";"U$S 175.08"
"10-09-25";"Rosario";"Maiz";"U$S 174.92"
"11-09-25";"Rosario";"Maiz";"U$S 174.93"
"12-09-25";"Rosario";"Maiz";"U$S 175.43"
"15-09-25";"Rosario";"Maiz";"U$S 175.53"
"16-09-25";"Rosario";"Maiz";"U$S 179.03"
"17-09-25";"Rosario";"Maiz";"U$S 178.91"
"19-09-25";"Rosario";"Maiz";"U$S 178.92"
"22-09-25";"Rosario";"Maiz";"U$S 183.81"
"23-09-25";"Rosario";"Maiz";"U$S 188.75"
"24-09-25";"Rosario";"Maiz";"U$S 186.92"
"29-09-25";"Rosario";"Maiz";"U$S 177.94"
"30-09-25";"Rosario";"Maiz";"U$S 178.83"
"01-10-25";"Rosario";"Maiz";"U$S 174.84"
"02-10-25";"Rosario";"Maiz";"U$S 175.88"
"03-10-25";"Rosario";"Maiz";"U$S 175.5"
"06-10-25";"Rosario";"Maiz";"U$S 175.52"
"07-10-25";"Rosario";"Maiz";"U$S 175.94"
"10-10-25";"Rosario";"Maiz";"U$S 175.85"
"13-10-25";"Rosario";"Maiz";"U$S 175.82"
"14-10-25";"Rosario";"Maiz";"U$S 175.74"
"15-10-25";"Rosario";"Maiz";"U$S 175.87"
"16-10-25";"Rosario";"Maiz";"U$S 178.67"
"17-10-25";"Rosario";"Maiz";"U$S 178.9"
"20-10-25";"Rosario";"Maiz";"U$S 177.76"
"21-10-25";"Rosario";"Maiz";"U$S 177.93"
"22-10-25";"Rosario";"Maiz";"U$S 178.64"
"24-10-25";"Rosario";"Maiz";"U$S 178.91"
"27-10-25";"Rosario";"Maiz";"U$S 178.89"
"28-10-25";"Rosario";"Maiz";"U$S 180.41"
"29-10-25";"Rosario";"Maiz";"U$S 180.86"
"30-10-25";"Rosario";"Maiz";"U$S 180.36"
"31-10-25";"Rosario";"Maiz";"U$S 180.62"
"03-11-25";"Rosario";"Maiz";"U$S 180.9"
"06-11-25";"Rosario";"Maiz";"U$S 179.89"
"29-12-23";"Rosario";"Soja";"U$S 327.79"
"02-01-24";"Rosario";"Soja";"U$S 321.94"
"03-01-24";"Rosario";"Soja";"U$S 326.1"
"04-01-24";"Rosario";"Soja";"U$S 326.48"
"05-01-24";"Rosario";"Soja";"U$S 328.12"
"08-01-24";"Rosario";"Soja";"U$S 331.78"
"09-01-24";"Rosario";"Soja";"U$S 337.67"
"10-01-24";"Rosario";"Soja";"U$S 337.46"
"11-01-24";"Rosario";"Soja";"U$S 337.26"
"12-01-24";"Rosario";"Soja";"U$S 331.5"
"15-01-24";"Rosario";"Soja";"U$S 330.23"
"16-01-24";"Rosario";"Soja";"U$S 336.14"
"17-01-24";"Rosario";"Soja";"U$S 335.94"
"18-01-24";"Rosario";"Soja";"U$S 335.69"
"19-01-24";"Rosario";"Soja";"U$S 334.88"
"22-01-24";"Rosario";"Soja";"U$S 333.58"
"23-01-24";"Rosario";"Soja";"U$S 334.59"
"25-01-24";"Rosario";"Soja";"U$S 334.14"
"26-01-24";"Rosario";"Soja";"U$S 324.83"
"29-01-24";"Rosario";"Soja";"U$S 321.74"
"30-01-24";"Rosario";"Soja";"U$S 326.39"
"31-01-24";"Rosario";"Soja";"U$S 320.67"
"01-02-24";"Rosario";"Soja";"U$S 321.08"
"02-02-24";"Rosario";"Soja";"U$S 320.92"
"05-02-24";"Rosario";"Soja";"U$S 320.02"
"06-02-24";"Rosario";"Soja";"U$S 319.47"
"07-02-24";"Rosario";"Soja";"U$S 315.53"
"08-02-24";"Rosario";"Soja";"U$S 314.23"
"09-02-24";"Rosario";"Soja";"U$S 312.76"
"14-02-24";"Rosario";"Soja";"U$S 303.39"
"15-02-24";"Rosario";"Soja";"U$S 299.58"
"16-02-24";"Rosario";"Soja";"U$S 299.4"
"19-02-24";"Rosario";"Soja";"U$S 292.82"
"20-02-24";"Rosario";"Soja";"U$S 295.39"
"21-02-24";"Rosario";"Soja";"U$S 292.4"
"23-02-24";"Rosario";"Soja";"U$S 286.09"
"26-02-24";"Rosario";"Soja";"U$S 285.51"
"27-02-24";"Rosario";"Soja";"U$S 286.53"
"28-02-24";"Rosario";"Soja";"U$S 288.11"
"29-02-24";"Rosario";"Soja";"U$S 289.12"
"01-03-24";"Rosario";"Soja";"U$S 294.36"
"04-03-24";"Rosario";"Soja";"U$S 295.02"
"05-03-24";"Rosario";"Soja";"U$S 295.86"
"06-03-24";"Rosario";"Soja";"U$S 295.68"
"07-03-24";"Rosario";"Soja";"U$S 294.92"
"11-03-24";"Rosario";"Soja";"U$S 292.45"
"12-03-24";"Rosario";"Soja";"U$S 294.64"
"14-03-24";"Rosario";"Soja";"U$S 296.41"
"15-03-24";"Rosario";"Soja";"U$S 295.12"
"18-03-24";"Rosario";"Soja";"U$S 296.77"
"25-03-24";"Rosario";"Soja";"U$S 297.78"
"26-03-24";"Rosario";"Soja";"U$S 291.89"
"27-03-24";"Rosario";"Soja";"U$S 285.55"
"03-04-24";"Rosario";"Soja";"U$S 281.07"
"04-04-24";"Rosario";"Soja";"U$S 284.39"
"05-04-24";"Rosario";"Soja";"U$S 289.86"
"08-04-24";"Rosario";"Soja";"U$S 286.46"
"09-04-24";"Rosario";"Soja";"U$S 289.18"
"10-04-24";"Rosario";"Soja";"U$S 289.6"
"12-04-24";"Rosario";"Soja";"U$S 291.4"
"15-04-24";"Rosario";"Soja";"U$S 289.17"
"17-04-24";"Rosario";"Soja";"U$S 288.67"
"18-04-24";"Rosario";"Soja";"U$S 287.13"
"19-04-24";"Rosario";"Soja";"U$S 286.86"
"23-04-24";"Rosario";"Soja";"U$S 287.11"
"24-04-24";"Rosario";"Soja";"U$S 286.94"
"25-04-24";"Rosario";"Soja";"U$S 287.76"
"26-04-24";"Rosario";"Soja";"U$S 288"
"29-04-24";"Rosario";"Soja";"U$S 287.51"
"30-04-24";"Rosario";"Soja";"U$S 285.23"
"02-05-24";"Rosario";"Soja";"U$S 290.43"
"03-05-24";"Rosario";"Soja";"U$S 297.1"
"06-05-24";"Rosario";"Soja";"U$S 301.14"
"07-05-24";"Rosario";"Soja";"U$S 307.78"
"08-05-24";"Rosario";"Soja";"U$S 310.83"
"09-05-24";"Rosario";"Soja";"U$S 294.78"
"10-05-24";"Rosario";"Soja";"U$S 29.46"
"14-05-24";"Rosario";"Soja";"U$S 297.74"
"15-05-24";"Rosario";"Soja";"U$S 304.8"
"16-05-24";"Rosario";"Soja";"U$S 305.3"
"17-05-24";"Rosario";"Soja";"U$S 306.82"
"20-05-24";"Rosario";"Soja";"U$S 311.76"
"22-05-24";"Rosario";"Soja";"U$S 319.84"
"23-05-24";"Rosario";"Soja";"U$S 324.72"
"24-05-24";"Rosario";"Soja";"U$S 320.04"
"27-05-24";"Rosario";"Soja";"U$S 318.97"
"28-05-24";"Rosario";"Soja";"U$S 318.97"
"29-05-24";"Rosario";"Soja";"U$S 324.01"
"30-05-24";"Rosario";"Soja";"U$S 323.83"
"31-05-24";"Rosario";"Soja";"U$S 323.84"
"03-06-24";"Rosario";"Soja";"U$S 317.73"
"04-06-24";"Rosario";"Soja";"U$S 314.38"
"10-06-24";"Rosario";"Soja";"U$S 321.51"
"11-06-24";"Rosario";"Soja";"U$S 322.62"
"12-06-24";"Rosario";"Soja";"U$S 323.9"
"14-06-24";"Rosario";"Soja";"U$S 324.29"
"18-06-24";"Rosario";"Soja";"U$S 314.92"
"19-06-24";"Rosario";"Soja";"U$S 314.05"
"24-06-24";"Rosario";"Soja";"U$S 314.8"
"25-06-24";"Rosario";"Soja";"U$S 308.03"
"26-06-24";"Rosario";"Soja";"U$S 308.45"
"27-06-24";"Rosario";"Soja";"U$S 307.19"
"28-06-24";"Rosario";"Soja";"U$S 307.02"
"02-07-24";"Rosario";"Soja";"U$S 313.29"
"03-07-24";"Rosario";"Soja";"U$S 313.11"
"04-07-24";"Rosario";"Soja";"U$S 311.68"
"05-07-24";"Rosario";"Soja";"U$S 315.9"
"08-07-24";"Rosario";"Soja";"U$S 305.93"
"10-07-24";"Rosario";"Soja";"U$S 304.51"
"12-07-24";"Rosario";"Soja";"U$S 309.82"
"15-07-24";"Rosario";"Soja";"U$S 303.9"
"16-07-24";"Rosario";"Soja";"U$S 308.61"
"17-07-24";"Rosario";"Soja";"U$S 308.44"
"19-07-24";"Rosario";"Soja";"U$S 307.82"
"22-07-24";"Rosario";"Soja";"U$S 313.01"
"23-07-24";"Rosario";"Soja";"U$S 312.84"
"24-07-24";"Rosario";"Soja";"U$S 312.5"
"26-07-24";"Rosario";"Soja";"U$S 305.96"
"29-07-24";"Rosario";"Soja";"U$S 305.79"
"30-07-24";"Rosario";"Soja";"U$S 305.63"
"31-07-24";"Rosario";"Soja";"U$S 302.58"
"01-08-24";"Rosario";"Soja";"U$S 305.47"
"02-08-24";"Rosario";"Soja";"U$S 305.35"
"05-08-24";"Rosario";"Soja";"U$S 309.99"
"06-08-24";"Rosario";"Soja";"U$S 309.66"
"07-08-24";"Rosario";"Soja";"U$S 306.46"
"08-08-24";"Rosario";"Soja";"U$S 304.16"
"09-08-24";"Rosario";"Soja";"U$S 303.51"
"12-08-24";"Rosario";"Soja";"U$S 298.03"
"14-08-24";"Rosario";"Soja";"U$S 297.56"
"15-08-24";"Rosario";"Soja";"U$S 302.71"
"16-08-24";"Rosario";"Soja";"U$S 301.91"
"19-08-24";"Rosario";"Soja";"U$S 306.46"
"20-08-24";"Rosario";"Soja";"U$S 308.1"
"21-08-24";"Rosario";"Soja";"U$S 310.05"
"22-08-24";"Rosario";"Soja";"U$S 306.55"
"23-08-24";"Rosario";"Soja";"U$S 306.8"
"26-08-24";"Rosario";"Soja";"U$S 308.78"
"27-08-24";"Rosario";"Soja";"U$S 312.63"
"28-08-24";"Rosario";"Soja";"U$S 310.69"
"29-08-24";"Rosario";"Soja";"U$S 315.46"
"02-09-24";"Rosario";"Soja";"U$S 309.55"
"03-09-24";"Rosario";"Soja";"U$S 314.63"
"04-09-24";"Rosario";"Soja";"U$S 314.3"
"05-09-24";"Rosario";"Soja";"U$S 309.06"
"06-09-24";"Rosario";"Soja";"U$S 304.8"
"09-09-24";"Rosario";"Soja";"U$S 307.77"
"10-09-24";"Rosario";"Soja";"U$S 306.68"
"11-09-24";"Rosario";"Soja";"U$S 307.77"
"12-09-24";"Rosario";"Soja";"U$S 309.21"
"13-09-24";"Rosario";"Soja";"U$S 306.76"
"16-09-24";"Rosario";"Soja";"U$S 306.65"
"18-09-24";"Rosario";"Soja";"U$S 311.36"
"20-09-24";"Rosario";"Soja";"U$S 310.72"
"23-09-24";"Rosario";"Soja";"U$S 310.56"
"24-09-24";"Rosario";"Soja";"U$S 310.4"
"25-09-24";"Rosario";"Soja";"U$S 309.6"
"26-09-24";"Rosario";"Soja";"U$S 314.92"
"27-09-24";"Rosario";"Soja";"U$S 314.43"
"30-09-24";"Rosario";"Soja";"U$S 319.42"
"01-10-24";"Rosario";"Soja";"U$S 324.41"
"02-10-24";"Rosario";"Soja";"U$S 324.24"
"04-10-24";"Rosario";"Soja";"U$S 318.11"
"07-10-24";"Rosario";"Soja";"U$S 312.66"
"08-10-24";"Rosario";"Soja";"U$S 317.79"
"10-10-24";"Rosario";"Soja";"U$S 306.44"
"14-10-24";"Rosario";"Soja";"U$S 306.12"
"17-10-24";"Rosario";"Soja";"U$S 311.56"
"18-10-24";"Rosario";"Soja";"U$S 314.88"
"21-10-24";"Rosario";"Soja";"U$S 316.26"
"22-10-24";"Rosario";"Soja";"U$S 314.88"
"23-10-24";"Rosario";"Soja";"U$S 317.1"
"24-10-24";"Rosario";"Soja";"U$S 319.37"
"25-10-24";"Rosario";"Soja";"U$S 311.74"
"28-10-24";"Rosario";"Soja";"U$S 308.55"
"31-10-24";"Rosario";"Soja";"U$S 306.37"
"01-11-24";"Rosario";"Soja";"U$S 304.35"
"04-11-24";"Rosario";"Soja";"U$S 309.91"
"06-11-24";"Rosario";"Soja";"U$S 310.71"
"07-11-24";"Rosario";"Soja";"U$S 311.56"
"08-11-24";"Rosario";"Soja";"U$S 310.43"
"12-11-24";"Rosario";"Soja";"U$S 305.46"
"13-11-24";"Rosario";"Soja";"U$S 301.3"
"14-11-24";"Rosario";"Soja";"U$S 300.15"
"15-11-24";"Rosario";"Soja";"U$S 303.24"
"19-11-24";"Rosario";"Soja";"U$S 299.1"
"20-11-24";"Rosario";"Soja";"U$S 298.75"
"21-11-24";"Rosario";"Soja";"U$S 293.53"
"22-11-24";"Rosario";"Soja";"U$S 289.97"
"25-11-24";"Rosario";"Soja";"U$S 292.95"
"26-11-24";"Rosario";"Soja";"U$S 292.56"
"27-11-24";"Rosario";"Soja";"U$S 292.51"
"28-11-24";"Rosario";"Soja";"U$S 290.39"
"29-11-24";"Rosario";"Soja";"U$S 289.67"
"02-12-24";"Rosario";"Soja";"U$S 286.42"
"03-12-24";"Rosario";"Soja";"U$S 291.36"
"04-12-24";"Rosario";"Soja";"U$S 291.21"
"05-12-24";"Rosario";"Soja";"U$S 291.07"
"06-12-24";"Rosario";"Soja";"U$S 291.97"
"09-12-24";"Rosario";"Soja";"U$S 290.31"
"10-12-24";"Rosario";"Soja";"U$S 292.04"
"12-12-24";"Rosario";"Soja";"U$S 289.5"
"13-12-24";"Rosario";"Soja";"U$S 285.15"
"16-12-24";"Rosario";"Soja";"U$S 283.62"
"17-12-24";"Rosario";"Soja";"U$S 279"
"18-12-24";"Rosario";"Soja";"U$S 273.84"
"19-12-24";"Rosario";"Soja";"U$S 273.7"
"20-12-24";"Rosario";"Soja";"U$S 273.17"
"23-12-24";"Rosario";"Soja";"U$S 273.21"
"26-12-24";"Rosario";"Soja";"U$S 277.8"
"27-12-24";"Rosario";"Soja";"U$S 276.3"
"30-12-24";"Rosario";"Soja";"U$S 276.16"
"02-01-25";"Rosario";"Soja";"U$S 280.87"
"03-01-25";"Rosario";"Soja";"U$S 275.23"
"06-01-25";"Rosario";"Soja";"U$S 279.09"
"07-01-25";"Rosario";"Soja";"U$S 277.99"
"08-01-25";"Rosario";"Soja";"U$S 277.76"
"10-01-25";"Rosario";"Soja";"U$S 281.39"
"13-01-25";"Rosario";"Soja";"U$S 283.65"
"14-01-25";"Rosario";"Soja";"U$S 283.38"
"15-01-25";"Rosario";"Soja";"U$S 283.11"
"16-01-25";"Rosario";"Soja";"U$S 273.51"
"17-01-25";"Rosario";"Soja";"U$S 277.78"
"20-01-25";"Rosario";"Soja";"U$S 277.11"
"21-01-25";"Rosario";"Soja";"U$S 279.85"
"22-01-25";"Rosario";"Soja";"U$S 281.49"
"23-01-25";"Rosario";"Soja";"U$S 281.83"
"28-01-25";"Rosario";"Soja";"U$S 294.96"
"29-01-25";"Rosario";"Soja";"U$S 299.57"
"30-01-25";"Rosario";"Soja";"U$S 299.43"
"31-01-25";"Rosario";"Soja";"U$S 299"
"03-02-25";"Rosario";"Soja";"U$S 298.79"
"04-02-25";"Rosario";"Soja";"U$S 303.53"
"05-02-25";"Rosario";"Soja";"U$S 303.46"
"06-02-25";"Rosario";"Soja";"U$S 303.39"
"07-02-25";"Rosario";"Soja";"U$S 305"
"10-02-25";"Rosario";"Soja";"U$S 304.78"
"11-02-25";"Rosario";"Soja";"U$S 307.62"
"12-02-25";"Rosario";"Soja";"U$S 302.82"
"13-02-25";"Rosario";"Soja";"U$S 307.26"
"14-02-25";"Rosario";"Soja";"U$S 311.84"
"17-02-25";"Rosario";"Soja";"U$S 311.54"
"18-02-25";"Rosario";"Soja";"U$S 312.94"
"19-02-25";"Rosario";"Soja";"U$S 312.86"
"20-02-25";"Rosario";"Soja";"U$S 313.28"
"21-02-25";"Rosario";"Soja";"U$S 311.1"
"24-02-25";"Rosario";"Soja";"U$S 307.26"
"25-02-25";"Rosario";"Soja";"U$S 310.88"
"26-02-25";"Rosario";"Soja";"U$S 310.81"
"27-02-25";"Rosario";"Soja";"U$S 311.6"
"04-03-25";"Rosario";"Soja";"U$S 302.89"
"05-03-25";"Rosario";"Soja";"U$S 299.27"
"06-03-25";"Rosario";"Soja";"U$S 309.07"
"07-03-25";"Rosario";"Soja";"U$S 309.42"
"10-03-25";"Rosario";"Soja";"U$S 308.16"
"12-03-25";"Rosario";"Soja";"U$S 308.41"
"14-03-25";"Rosario";"Soja";"U$S 299.49"
"17-03-25";"Rosario";"Soja";"U$S 300.42"
"18-03-25";"Rosario";"Soja";"U$S 304.02"
"19-03-25";"Rosario";"Soja";"U$S 306.15"
"20-03-25";"Rosario";"Soja";"U$S 306.69"
"21-03-25";"Rosario";"Soja";"U$S 305.65"
"25-03-25";"Rosario";"Soja";"U$S 308.37"
"26-03-25";"Rosario";"Soja";"U$S 317.24"
"27-03-25";"Rosario";"Soja";"U$S 319.89"
"31-03-25";"Rosario";"Soja";"U$S 319.37"
"01-04-25";"Rosario";"Soja";"U$S 293.09"
"03-04-25";"Rosario";"Soja";"U$S 293.02"
"04-04-25";"Rosario";"Soja";"U$S 288.1"
"07-04-25";"Rosario";"Soja";"U$S 288.1"
"08-04-25";"Rosario";"Soja";"U$S 297.33"
"09-04-25";"Rosario";"Soja";"U$S 300.77"
"10-04-25";"Rosario";"Soja";"U$S 301.76"
"11-04-25";"Rosario";"Soja";"U$S 306.12"
"14-04-25";"Rosario";"Soja";"U$S 275.46"
"15-04-25";"Rosario";"Soja";"U$S 279.17"
"16-04-25";"Rosario";"Soja";"U$S 279.74"
"21-04-25";"Rosario";"Soja";"U$S 276.51"
"22-04-25";"Rosario";"Soja";"U$S 275.82"
"24-04-25";"Rosario";"Soja";"U$S 268.31"
"25-04-25";"Rosario";"Soja";"U$S 265.07"
"28-04-25";"Rosario";"Soja";"U$S 263.16"
"29-04-25";"Rosario";"Soja";"U$S 259.23"
"30-04-25";"Rosario";"Soja";"U$S 247.86"
"05-05-25";"Rosario";"Soja";"U$S 256.67"
"06-05-25";"Rosario";"Soja";"U$S 265.08"
"07-05-25";"Rosario";"Soja";"U$S 269.57"
"08-05-25";"Rosario";"Soja";"U$S 269.3"
"09-05-25";"Rosario";"Soja";"U$S 272.89"
"12-05-25";"Rosario";"Soja";"U$S 273.85"
"13-05-25";"Rosario";"Soja";"U$S 270.1"
"14-05-25";"Rosario";"Soja";"U$S 269.43"
"15-05-25";"Rosario";"Soja";"U$S 270.65"
"16-05-25";"Rosario";"Soja";"U$S 272.77"
"19-05-25";"Rosario";"Soja";"U$S 273.88"
"20-05-25";"Rosario";"Soja";"U$S 275.71"
"21-05-25";"Rosario";"Soja";"U$S 274.87"
"22-05-25";"Rosario";"Soja";"U$S 276.53"
"23-05-25";"Rosario";"Soja";"U$S 271.28"
"26-05-25";"Rosario";"Soja";"U$S 272.09"
"27-05-25";"Rosario";"Soja";"U$S 271.63"
"28-05-25";"Rosario";"Soja";"U$S 267.24"
"29-05-25";"Rosario";"Soja";"U$S 267.96"
"30-05-25";"Rosario";"Soja";"U$S 269.36"
"02-06-25";"Rosario";"Soja";"U$S 271.07"
"03-06-25";"Rosario";"Soja";"U$S 272.38"
"06-06-25";"Rosario";"Soja";"U$S 271.02"
"09-06-25";"Rosario";"Soja";"U$S 270.04"
"10-06-25";"Rosario";"Soja";"U$S 239.8"
"11-06-25";"Rosario";"Soja";"U$S 275.8"
"12-06-25";"Rosario";"Soja";"U$S 273.25"
"13-06-25";"Rosario";"Soja";"U$S 276.65"
"17-06-25";"Rosario";"Soja";"U$S 281.81"
"18-06-25";"Rosario";"Soja";"U$S 278.51"
"19-06-25";"Rosario";"Soja";"U$S 274.87"
"23-06-25";"Rosario";"Soja";"U$S 272.84"
"24-06-25";"Rosario";"Soja";"U$S 275.01"
"25-06-25";"Rosario";"Soja";"U$S 269.41"
"26-06-25";"Rosario";"Soja";"U$S 269.86"
"27-06-25";"Rosario";"Soja";"U$S 269.97"
"30-06-25";"Rosario";"Soja";"U$S 266.39"
"02-07-25";"Rosario";"Soja";"U$S 256.31"
"03-07-25";"Rosario";"Soja";"U$S 255.89"
"04-07-25";"Rosario";"Soja";"U$S 254.03"
"07-07-25";"Rosario";"Soja";"U$S 249.21"
"08-07-25";"Rosario";"Soja";"U$S 251"
"10-07-25";"Rosario";"Soja";"U$S 254.98"
"11-07-25";"Rosario";"Soja";"U$S 256.04"
"14-07-25";"Rosario";"Soja";"U$S 257.81"
"15-07-25";"Rosario";"Soja";"U$S 261.9"
"16-07-25";"Rosario";"Soja";"U$S 261.7"
"17-07-25";"Rosario";"Soja";"U$S 262.95"
"18-07-25";"Rosario";"Soja";"U$S 264.39"
"21-07-25";"Rosario";"Soja";"U$S 265.49"
"22-07-25";"Rosario";"Soja";"U$S 267.41"
"23-07-25";"Rosario";"Soja";"U$S 270.16"
"24-07-25";"Rosario";"Soja";"U$S 268.47"
"25-07-25";"Rosario";"Soja";"U$S 269.53"
"28-07-25";"Rosario";"Soja";"U$S 277.99"
"29-07-25";"Rosario";"Soja";"U$S 282.73"
"30-07-25";"Rosario";"Soja";"U$S 281.37"
"01-08-25";"Rosario";"Soja";"U$S 285.19"
"04-08-25";"Rosario";"Soja";"U$S 290.44"
"05-08-25";"Rosario";"Soja";"U$S 292.87"
"06-08-25";"Rosario";"Soja";"U$S 292.79"
"07-08-25";"Rosario";"Soja";"U$S 294.23"
"08-08-25";"Rosario";"Soja";"U$S 294.12"
"11-08-25";"Rosario";"Soja";"U$S 291.23"
"12-08-25";"Rosario";"Soja";"U$S 296.02"
"13-08-25";"Rosario";"Soja";"U$S 297.03"
"14-08-25";"Rosario";"Soja";"U$S 295.38"
"18-08-25";"Rosario";"Soja";"U$S 293.89"
"19-08-25";"Rosario";"Soja";"U$S 294.39"
"20-08-25";"Rosario";"Soja";"U$S 295.93"
"21-08-25";"Rosario";"Soja";"U$S 296.58"
"22-08-25";"Rosario";"Soja";"U$S 296.74"
"25-08-25";"Rosario";"Soja";"U$S 293.69"
"26-08-25";"Rosario";"Soja";"U$S 294.88"
"27-08-25";"Rosario";"Soja";"U$S 291.96"
"28-08-25";"Rosario";"Soja";"U$S 290.32"
"29-08-25";"Rosario";"Soja";"U$S 289.87"
"01-09-25";"Rosario";"Soja";"U$S 287.9"
"02-09-25";"Rosario";"Soja";"U$S 293.9"
"03-09-25";"Rosario";"Soja";"U$S 290.12"
"04-09-25";"Rosario";"Soja";"U$S 293.58"
"05-09-25";"Rosario";"Soja";"U$S 295.2"
"08-09-25";"Rosario";"Soja";"U$S 290.99"
"09-09-25";"Rosario";"Soja";"U$S 292.98"
"10-09-25";"Rosario";"Soja";"U$S 295.05"
"11-09-25";"Rosario";"Soja";"U$S 296.79"
"12-09-25";"Rosario";"Soja";"U$S 299.38"
"15-09-25";"Rosario";"Soja";"U$S 299.93"
"16-09-25";"Rosario";"Soja";"U$S 299.52"
"17-09-25";"Rosario";"Soja";"U$S 298.41"
"19-09-25";"Rosario";"Soja";"U$S 298.17"
"22-09-25";"Rosario";"Soja";"U$S 358.66"
"23-09-25";"Rosario";"Soja";"U$S 360.12"
"24-09-25";"Rosario";"Soja";"U$S 344.67"
"25-09-25";"Rosario";"Soja";"U$S 336.2"
"26-09-25";"Rosario";"Soja";"U$S 341.63"
"29-09-25";"Rosario";"Soja";"U$S 349.26"
"30-09-25";"Rosario";"Soja";"U$S 347.83"
"01-10-25";"Rosario";"Soja";"U$S 347.86"
"02-10-25";"Rosario";"Soja";"U$S 350.86"
"03-10-25";"Rosario";"Soja";"U$S 347.49"
"06-10-25";"Rosario";"Soja";"U$S 346.15"
"07-10-25";"Rosario";"Soja";"U$S 346"
"10-10-25";"Rosario";"Soja";"U$S 351.76"
"13-10-25";"Rosario";"Soja";"U$S 344.55"
"14-10-25";"Rosario";"Soja";"U$S 341.18"
"15-10-25";"Rosario";"Soja";"U$S 340.58"
"16-10-25";"Rosario";"Soja";"U$S 335.24"
"17-10-25";"Rosario";"Soja";"U$S 331.03"
"20-10-25";"Rosario";"Soja";"U$S 322.03"
"21-10-25";"Rosario";"Soja";"U$S 322.04"
"22-10-25";"Rosario";"Soja";"U$S 322.36"
"24-10-25";"Rosario";"Soja";"U$S 321.72"
"27-10-25";"Rosario";"Soja";"U$S 334.49"
"28-10-25";"Rosario";"Soja";"U$S 333.33"
"29-10-25";"Rosario";"Soja";"U$S 334.96"
"30-10-25";"Rosario";"Soja";"U$S 330.32"
"31-10-25";"Rosario";"Soja";"U$S 332.18"
"03-11-25";"Rosario";"Soja";"U$S 330.63"
"06-11-25";"Rosario";"Soja";"U$S 330.58"
"01-03-24";"Rosario";"Sorgo";"U$S 172.11"
"12-03-24";"Rosario";"Sorgo";"U$S 176.78"
"14-03-24";"Rosario";"Sorgo";"U$S 176.47"
"15-03-24";"Rosario";"Sorgo";"U$S 176.37"
"25-03-24";"Rosario";"Sorgo";"U$S 175.23"
"26-03-24";"Rosario";"Sorgo";"U$S 172.8"
"03-04-24";"Rosario";"Sorgo";"U$S 168.41"
"02-05-24";"Rosario";"Sorgo";"U$S 161.73"
"14-05-24";"Rosario";"Sorgo";"U$S 160.45"
"23-05-24";"Rosario";"Sorgo";"U$S 167.42"
"28-05-24";"Rosario";"Sorgo";"U$S 173.48"
"31-05-24";"Rosario";"Sorgo";"U$S 178.67"
"10-06-24";"Rosario";"Sorgo";"U$S 182.93"
"17-07-24";"Rosario";"Sorgo";"U$S 178.57"
"22-07-24";"Rosario";"Sorgo";"U$S 178.09"
"23-07-24";"Rosario";"Sorgo";"U$S 175.84"
"06-08-24";"Rosario";"Sorgo";"U$S 150.03"
"07-08-24";"Rosario";"Sorgo";"U$S 150.03"
"19-08-24";"Rosario";"Sorgo";"U$S 148.31"
"13-09-24";"Rosario";"Sorgo";"U$S 140.33"
"23-09-24";"Rosario";"Sorgo";"U$S 139.75"
"01-10-24";"Rosario";"Sorgo";"U$S 149.33"
"14-10-24";"Rosario";"Sorgo";"U$S 147.96"
"24-10-24";"Rosario";"Sorgo";"U$S 148.07"
"28-10-24";"Rosario";"Sorgo";"U$S 149.72"
"31-10-24";"Rosario";"Sorgo";"U$S 156.72"
"01-11-24";"Rosario";"Sorgo";"U$S 161.78"
"04-11-24";"Rosario";"Sorgo";"U$S 107.18"
"06-11-24";"Rosario";"Sorgo";"U$S 161.89"
"07-11-24";"Rosario";"Sorgo";"U$S 161.81"
"08-11-24";"Rosario";"Sorgo";"U$S 165.5"
"12-11-24";"Rosario";"Sorgo";"U$S 165.25"
"13-11-24";"Rosario";"Sorgo";"U$S 169.17"
"14-11-24";"Rosario";"Sorgo";"U$S 170.09"
"15-11-24";"Rosario";"Sorgo";"U$S 169.58"
"19-11-24";"Rosario";"Sorgo";"U$S 169.49"
"20-11-24";"Rosario";"Sorgo";"U$S 164.42"
"22-11-24";"Rosario";"Sorgo";"U$S 1643.5"
"25-11-24";"Rosario";"Sorgo";"U$S 165.84"
"26-11-24";"Rosario";"Sorgo";"U$S 168.65"
"27-11-24";"Rosario";"Sorgo";"U$S 168.57"
"28-11-24";"Rosario";"Sorgo";"U$S 168.48"
"02-12-24";"Rosario";"Sorgo";"U$S 164.94"
"03-12-24";"Rosario";"Sorgo";"U$S 167.9"
"04-12-24";"Rosario";"Sorgo";"U$S 167.82"
"05-12-24";"Rosario";"Sorgo";"U$S 167.74"
"06-12-24";"Rosario";"Sorgo";"U$S 167.41"
"11-12-24";"Rosario";"Sorgo";"U$S 167.08"
"18-12-24";"Rosario";"Sorgo";"U$S 166.26"
"19-12-24";"Rosario";"Sorgo";"U$S 166.18"
"20-12-24";"Rosario";"Sorgo";"U$S 165.85"
"23-12-24";"Rosario";"Sorgo";"U$S 165.29"
"26-12-24";"Rosario";"Sorgo";"U$S 165.13"
"27-12-24";"Rosario";"Sorgo";"U$S 164.81"
"02-01-25";"Rosario";"Sorgo";"U$S 164.65"
"06-01-25";"Rosario";"Sorgo";"U$S 164.17"
"07-01-25";"Rosario";"Sorgo";"U$S 166.99"
"13-01-25";"Rosario";"Sorgo";"U$S 173.08"
"14-01-25";"Rosario";"Sorgo";"U$S 172.91"
"15-01-25";"Rosario";"Sorgo";"U$S 172.74"
"16-01-25";"Rosario";"Sorgo";"U$S 172.74"
"17-01-25";"Rosario";"Sorgo";"U$S 172.41"
"20-01-25";"Rosario";"Sorgo";"U$S 172"
"22-01-25";"Rosario";"Sorgo";"U$S 171.76"
"03-02-25";"Rosario";"Sorgo";"U$S 175.48"
"04-02-25";"Rosario";"Sorgo";"U$S 180.22"
"05-02-25";"Rosario";"Sorgo";"U$S 180.18"
"06-02-25";"Rosario";"Sorgo";"U$S 180.14"
"07-02-25";"Rosario";"Sorgo";"U$S 179.97"
"10-02-25";"Rosario";"Sorgo";"U$S 179.84"
"17-02-25";"Rosario";"Sorgo";"U$S 179.37"
"18-02-25";"Rosario";"Sorgo";"U$S 179.41"
"20-02-25";"Rosario";"Sorgo";"U$S 184.01"
"24-02-25";"Rosario";"Sorgo";"U$S 188.5"
"25-02-25";"Rosario";"Sorgo";"U$S 188.41"
"26-02-25";"Rosario";"Sorgo";"U$S 188.37"
"27-02-25";"Rosario";"Sorgo";"U$S 188.28"
"04-03-25";"Rosario";"Sorgo";"U$S 187.84"
"05-03-25";"Rosario";"Sorgo";"U$S 187.93"
"06-03-25";"Rosario";"Sorgo";"U$S 187.88"
"07-03-25";"Rosario";"Sorgo";"U$S 192.22"
"10-03-25";"Rosario";"Sorgo";"U$S 192.31"
"12-03-25";"Rosario";"Sorgo";"U$S 192.17"
"14-03-25";"Rosario";"Sorgo";"U$S 196.54"
"17-03-25";"Rosario";"Sorgo";"U$S 196.54"
"18-03-25";"Rosario";"Sorgo";"U$S 196.45"
"19-03-25";"Rosario";"Sorgo";"U$S 195.37"
"20-03-25";"Rosario";"Sorgo";"U$S 196.35"
"21-03-25";"Rosario";"Sorgo";"U$S 195.99"
"25-03-25";"Rosario";"Sorgo";"U$S 195.94"
"26-03-25";"Rosario";"Sorgo";"U$S 195.94"
"27-03-25";"Rosario";"Sorgo";"U$S 195.85"
"28-03-25";"Rosario";"Sorgo";"U$S 195.62"
"01-04-25";"Rosario";"Sorgo";"U$S 195.39"
"03-04-25";"Rosario";"Sorgo";"U$S 195.35"
"04-04-25";"Rosario";"Sorgo";"U$S 195.17"
"08-04-25";"Rosario";"Sorgo";"U$S 195.12"
"09-04-25";"Rosario";"Sorgo";"U$S 194.94"
"14-04-25";"Rosario";"Sorgo";"U$S 178.63"
"16-04-25";"Rosario";"Sorgo";"U$S 188.55"
"21-04-25";"Rosario";"Sorgo";"U$S 178.24"
"24-04-25";"Rosario";"Sorgo";"U$S 183.13"
"25-04-25";"Rosario";"Sorgo";"U$S 183.84"
"29-04-25";"Rosario";"Sorgo";"U$S 182.83"
"30-04-25";"Rosario";"Sorgo";"U$S 179.49"
"06-05-25";"Rosario";"Sorgo";"U$S 17.84"
"12-05-25";"Rosario";"Sorgo";"U$S 177.56"
"13-05-25";"Rosario";"Sorgo";"U$S 176.54"
"14-05-25";"Rosario";"Sorgo";"U$S 174.47"
"15-05-25";"Rosario";"Sorgo";"U$S 178.48"
"16-05-25";"Rosario";"Sorgo";"U$S 178.63"
"19-05-25";"Rosario";"Sorgo";"U$S 178.53"
"20-05-25";"Rosario";"Sorgo";"U$S 178.56"
"21-05-25";"Rosario";"Sorgo";"U$S 178.59"
"22-05-25";"Rosario";"Sorgo";"U$S 177.58"
"23-05-25";"Rosario";"Sorgo";"U$S 176.53"
"26-05-25";"Rosario";"Sorgo";"U$S 176.73"
"27-05-25";"Rosario";"Sorgo";"U$S 176.9"
"28-05-25";"Rosario";"Sorgo";"U$S 176.72"
"29-05-25";"Rosario";"Sorgo";"U$S 178.36"
"30-05-25";"Rosario";"Sorgo";"U$S 178.62"
"02-06-25";"Rosario";"Sorgo";"U$S 178.31"
"03-06-25";"Rosario";"Sorgo";"U$S 178.21"
"06-06-25";"Rosario";"Sorgo";"U$S 172.92"
"09-06-25";"Rosario";"Sorgo";"U$S 170.89"
"10-06-25";"Rosario";"Sorgo";"U$S 151.45"
"11-06-25";"Rosario";"Sorgo";"U$S 167.09"
"12-06-25";"Rosario";"Sorgo";"U$S 161.69"
"13-06-25";"Rosario";"Sorgo";"U$S 161.76"
"17-06-25";"Rosario";"Sorgo";"U$S 163.71"
"18-06-25";"Rosario";"Sorgo";"U$S 163.68"
"19-06-25";"Rosario";"Sorgo";"U$S 163.72"
"23-06-25";"Rosario";"Sorgo";"U$S 165.67"
"24-06-25";"Rosario";"Sorgo";"U$S 166.88"
"25-06-25";"Rosario";"Sorgo";"U$S 165.73"
"26-06-25";"Rosario";"Sorgo";"U$S 166.71"
"27-06-25";"Rosario";"Sorgo";"U$S 166.78"
"30-06-25";"Rosario";"Sorgo";"U$S 165.81"
"01-07-25";"Rosario";"Sorgo";"U$S 163.67"
"02-07-25";"Rosario";"Sorgo";"U$S 163.14"
"03-07-25";"Rosario";"Sorgo";"U$S 163.79"
"04-07-25";"Rosario";"Sorgo";"U$S 163.79"
"07-07-25";"Rosario";"Sorgo";"U$S 163.77"
"08-07-25";"Rosario";"Sorgo";"U$S 163.82"
"10-07-25";"Rosario";"Sorgo";"U$S 163.82"
"11-07-25";"Rosario";"Sorgo";"U$S 164.88"
"14-07-25";"Rosario";"Sorgo";"U$S 167.81"
"15-07-25";"Rosario";"Sorgo";"U$S 170.63"
"16-07-25";"Rosario";"Sorgo";"U$S 170.02"
"18-07-25";"Rosario";"Sorgo";"U$S 173.48"
"21-07-25";"Rosario";"Sorgo";"U$S 173.76"
"22-07-25";"Rosario";"Sorgo";"U$S 176.2"
"23-07-25";"Rosario";"Sorgo";"U$S 174.02"
"24-07-25";"Rosario";"Sorgo";"U$S 175.71"
"28-07-25";"Rosario";"Sorgo";"U$S 175.75"
"29-07-25";"Rosario";"Sorgo";"U$S 176.76"
"01-08-25";"Rosario";"Sorgo";"U$S 175.95"
"04-08-25";"Rosario";"Sorgo";"U$S 174.63"
"06-08-25";"Rosario";"Sorgo";"U$S 173.8"
"07-08-25";"Rosario";"Sorgo";"U$S 173.77"
"08-08-25";"Rosario";"Sorgo";"U$S 173.76"
"11-08-25";"Rosario";"Sorgo";"U$S 173.8"
"18-08-25";"Rosario";"Sorgo";"U$S 171.31"
"19-08-25";"Rosario";"Sorgo";"U$S 169.83"
"21-08-25";"Rosario";"Sorgo";"U$S 173.38"
"22-08-25";"Rosario";"Sorgo";"U$S 173.35"
"25-08-25";"Rosario";"Sorgo";"U$S 173.84"
"26-08-25";"Rosario";"Sorgo";"U$S 173.83"
"27-08-25";"Rosario";"Sorgo";"U$S 170.8"
"02-09-25";"Rosario";"Sorgo";"U$S 163.91"
"09-09-25";"Rosario";"Sorgo";"U$S 163.93"
"10-09-25";"Rosario";"Sorgo";"U$S 163.89"
"11-09-25";"Rosario";"Sorgo";"U$S 163.97"
"12-09-25";"Rosario";"Sorgo";"U$S 163.94"
"16-09-25";"Rosario";"Sorgo";"U$S 163.99"
"17-09-25";"Rosario";"Sorgo";"U$S 163.99"
"19-09-25";"Rosario";"Sorgo";"U$S 165.08"
"22-09-25";"Rosario";"Sorgo";"U$S 168.89"
"23-09-25";"Rosario";"Sorgo";"U$S 168.88"
"24-09-25";"Rosario";"Sorgo";"U$S 168.86"
"25-09-25";"Rosario";"Sorgo";"U$S 168.29"
"26-09-25";"Rosario";"Sorgo";"U$S 168.85"
"29-09-25";"Rosario";"Sorgo";"U$S 169.12"
"30-09-25";"Rosario";"Sorgo";"U$S 168.89"
"01-10-25";"Rosario";"Sorgo";"U$S 168.92"
"02-10-25";"Rosario";"Sorgo";"U$S 164.48"
"03-10-25";"Rosario";"Sorgo";"U$S 163.96"
"07-10-25";"Rosario";"Sorgo";"U$S 158.99"
"10-10-25";"Rosario";"Sorgo";"U$S 158.99"
"13-10-25";"Rosario";"Sorgo";"U$S 158.93"
"14-10-25";"Rosario";"Sorgo";"U$S 158.94"
"15-10-25";"Rosario";"Sorgo";"U$S 158.96"
"16-10-25";"Rosario";"Sorgo";"U$S 154"
"17-10-25";"Rosario";"Sorgo";"U$S 153.97"
"20-10-25";"Rosario";"Sorgo";"U$S 154.05"
"22-10-25";"Rosario";"Sorgo";"U$S 154.06"
"24-10-25";"Rosario";"Sorgo";"U$S 154.02"
"27-10-25";"Rosario";"Sorgo";"U$S 154.01"
"28-10-25";"Rosario";"Sorgo";"U$S 154.01"
"31-10-25";"Rosario";"Sorgo";"U$S 154.03"
"03-11-25";"Rosario";"Sorgo";"U$S 154.06"
"06-11-25";"Rosario";"Sorgo";"U$S 154.04"
"29-12-23";"Rosario";"Trigo";"U$S 228.21"
"02-01-24";"Rosario";"Trigo";"U$S 226.72"
"03-01-24";"Rosario";"Trigo";"U$S 221.92"
"04-01-24";"Rosario";"Trigo";"U$S 221.7"
"05-01-24";"Rosario";"Trigo";"U$S 221.5"
"08-01-24";"Rosario";"Trigo";"U$S 219.71"
"09-01-24";"Rosario";"Trigo";"U$S 220.41"
"10-01-24";"Rosario";"Trigo";"U$S 217.82"
"11-01-24";"Rosario";"Trigo";"U$S 220.63"
"12-01-24";"Rosario";"Trigo";"U$S 219.36"
"15-01-24";"Rosario";"Trigo";"U$S 215.26"
"16-01-24";"Rosario";"Trigo";"U$S 215.13"
"17-01-24";"Rosario";"Trigo";"U$S 219.64"
"18-01-24";"Rosario";"Trigo";"U$S 219.73"
"19-01-24";"Rosario";"Trigo";"U$S 219.59"
"22-01-24";"Rosario";"Trigo";"U$S 220.36"
"23-01-24";"Rosario";"Trigo";"U$S 221.32"
"25-01-24";"Rosario";"Trigo";"U$S 224.67"
"26-01-24";"Rosario";"Trigo";"U$S 224.65"
"29-01-24";"Rosario";"Trigo";"U$S 218.13"
"30-01-24";"Rosario";"Trigo";"U$S 223.93"
"31-01-24";"Rosario";"Trigo";"U$S 223.86"
"01-02-24";"Rosario";"Trigo";"U$S 221.31"
"02-02-24";"Rosario";"Trigo";"U$S 228.21"
"05-02-24";"Rosario";"Trigo";"U$S 219.3"
"06-02-24";"Rosario";"Trigo";"U$S 219.17"
"07-02-24";"Rosario";"Trigo";"U$S 218.02"
"08-02-24";"Rosario";"Trigo";"U$S 220.32"
"09-02-24";"Rosario";"Trigo";"U$S 222.42"
"14-02-24";"Rosario";"Trigo";"U$S 215.85"
"15-02-24";"Rosario";"Trigo";"U$S 215.7"
"16-02-24";"Rosario";"Trigo";"U$S 210.18"
"19-02-24";"Rosario";"Trigo";"U$S 204.37"
"20-02-24";"Rosario";"Trigo";"U$S 203.06"
"21-02-24";"Rosario";"Trigo";"U$S 202.89"
"23-02-24";"Rosario";"Trigo";"U$S 202.65"
"26-02-24";"Rosario";"Trigo";"U$S 202.24"
"27-02-24";"Rosario";"Trigo";"U$S 202.12"
"28-02-24";"Rosario";"Trigo";"U$S 201.97"
"29-02-24";"Rosario";"Trigo";"U$S 201.85"
"01-03-24";"Rosario";"Trigo";"U$S 201.19"
"04-03-24";"Rosario";"Trigo";"U$S 201.42"
"05-03-24";"Rosario";"Trigo";"U$S 201.18"
"06-03-24";"Rosario";"Trigo";"U$S 201.06"
"07-03-24";"Rosario";"Trigo";"U$S 200.95"
"11-03-24";"Rosario";"Trigo";"U$S 200.35"
"12-03-24";"Rosario";"Trigo";"U$S 200.35"
"14-03-24";"Rosario";"Trigo";"U$S 199.76"
"15-03-24";"Rosario";"Trigo";"U$S 199.88"
"18-03-24";"Rosario";"Trigo";"U$S 199.41"
"21-03-24";"Rosario";"Trigo";"U$S 201.41"
"25-03-24";"Rosario";"Trigo";"U$S 200.93"
"26-03-24";"Rosario";"Trigo";"U$S 200.82"
"27-03-24";"Rosario";"Trigo";"U$S 200.47"
"03-04-24";"Rosario";"Trigo";"U$S 198.61"
"04-04-24";"Rosario";"Trigo";"U$S 201.97"
"05-04-24";"Rosario";"Trigo";"U$S 202.9"
"08-04-24";"Rosario";"Trigo";"U$S 202.55"
"09-04-24";"Rosario";"Trigo";"U$S 202.43"
"10-04-24";"Rosario";"Trigo";"U$S 205.78"
"12-04-24";"Rosario";"Trigo";"U$S 213.5"
"15-04-24";"Rosario";"Trigo";"U$S 213.13"
"17-04-24";"Rosario";"Trigo";"U$S 219.67"
"18-04-24";"Rosario";"Trigo";"U$S 220.11"
"19-04-24";"Rosario";"Trigo";"U$S 221.46"
"23-04-24";"Rosario";"Trigo";"U$S 226.36"
"24-04-24";"Rosario";"Trigo";"U$S 229.1"
"25-04-24";"Rosario";"Trigo";"U$S 228.83"
"26-04-24";"Rosario";"Trigo";"U$S 228.57"
"29-04-24";"Rosario";"Trigo";"U$S 228.18"
"02-05-24";"Rosario";"Trigo";"U$S 227.79"
"03-05-24";"Rosario";"Trigo";"U$S 239.04"
"06-05-24";"Rosario";"Trigo";"U$S 238.64"
"07-05-24";"Rosario";"Trigo";"U$S 238.5"
"08-05-24";"Rosario";"Trigo";"U$S 239.36"
"09-05-24";"Rosario";"Trigo";"U$S 247.17"
"10-05-24";"Rosario";"Trigo";"U$S 249.29"
"14-05-24";"Rosario";"Trigo";"U$S 259.89"
"15-05-24";"Rosario";"Trigo";"U$S 262"
"16-05-24";"Rosario";"Trigo";"U$S 264.11"
"17-05-24";"Rosario";"Trigo";"U$S 268.47"
"20-05-24";"Rosario";"Trigo";"U$S 264.49"
"22-05-24";"Rosario";"Trigo";"U$S 272.06"
"23-05-24";"Rosario";"Trigo";"U$S 277.53"
"24-05-24";"Rosario";"Trigo";"U$S 279.06"
"27-05-24";"Rosario";"Trigo";"U$S 278.68"
"28-05-24";"Rosario";"Trigo";"U$S 278.68"
"29-05-24";"Rosario";"Trigo";"U$S 278.68"
"30-05-24";"Rosario";"Trigo";"U$S 277.4"
"31-05-24";"Rosario";"Trigo";"U$S 274.71"
"03-06-24";"Rosario";"Trigo";"U$S 267.56"
"04-06-24";"Rosario";"Trigo";"U$S 267.56"
"10-06-24";"Rosario";"Trigo";"U$S 254.43"
"11-06-24";"Rosario";"Trigo";"U$S 254.99"
"12-06-24";"Rosario";"Trigo";"U$S 255.13"
"14-06-24";"Rosario";"Trigo";"U$S 254.45"
"18-06-24";"Rosario";"Trigo";"U$S 248.51"
"24-06-24";"Rosario";"Trigo";"U$S 24.22"
"25-06-24";"Rosario";"Trigo";"U$S 241.8"
"26-06-24";"Rosario";"Trigo";"U$S 241.49"
"27-06-24";"Rosario";"Trigo";"U$S 241.36"
"28-06-24";"Rosario";"Trigo";"U$S 241.01"
"02-07-24";"Rosario";"Trigo";"U$S 247.13"
"03-07-24";"Rosario";"Trigo";"U$S 251.26"
"04-07-24";"Rosario";"Trigo";"U$S 251.09"
"05-07-24";"Rosario";"Trigo";"U$S 251.09"
"08-07-24";"Rosario";"Trigo";"U$S 248.23"
"10-07-24";"Rosario";"Trigo";"U$S 246.87"
"12-07-24";"Rosario";"Trigo";"U$S 248.51"
"15-07-24";"Rosario";"Trigo";"U$S 249.19"
"16-07-24";"Rosario";"Trigo";"U$S 245.8"
"17-07-24";"Rosario";"Trigo";"U$S 245.67"
"19-07-24";"Rosario";"Trigo";"U$S 247.98"
"22-07-24";"Rosario";"Trigo";"U$S 248.25"
"23-07-24";"Rosario";"Trigo";"U$S 248.11"
"24-07-24";"Rosario";"Trigo";"U$S 247.84"
"26-07-24";"Rosario";"Trigo";"U$S 247.99"
"29-07-24";"Rosario";"Trigo";"U$S 247.85"
"30-07-24";"Rosario";"Trigo";"U$S 247.72"
"31-07-24";"Rosario";"Trigo";"U$S 247.85"
"01-08-24";"Rosario";"Trigo";"U$S 246.52"
"02-08-24";"Rosario";"Trigo";"U$S 247.06"
"05-08-24";"Rosario";"Trigo";"U$S 248"
"06-08-24";"Rosario";"Trigo";"U$S 250.93"
"07-08-24";"Rosario";"Trigo";"U$S 255.21"
"08-08-24";"Rosario";"Trigo";"U$S 256.14"
"09-08-24";"Rosario";"Trigo";"U$S 255.59"
"14-08-24";"Rosario";"Trigo";"U$S 244.42"
"15-08-24";"Rosario";"Trigo";"U$S 244.29"
"16-08-24";"Rosario";"Trigo";"U$S 243.64"
"19-08-24";"Rosario";"Trigo";"U$S 243.64"
"20-08-24";"Rosario";"Trigo";"U$S 243.52"
"21-08-24";"Rosario";"Trigo";"U$S 243.39"
"22-08-24";"Rosario";"Trigo";"U$S 243.13"
"23-08-24";"Rosario";"Trigo";"U$S 240.38"
"26-08-24";"Rosario";"Trigo";"U$S 236.72"
"27-08-24";"Rosario";"Trigo";"U$S 242.11"
"28-08-24";"Rosario";"Trigo";"U$S 236.97"
"29-08-24";"Rosario";"Trigo";"U$S 236.59"
"02-09-24";"Rosario";"Trigo";"U$S 230.85"
"03-09-24";"Rosario";"Trigo";"U$S 230.73"
"04-09-24";"Rosario";"Trigo";"U$S 230.49"
"09-09-24";"Rosario";"Trigo";"U$S 223.27"
"10-09-24";"Rosario";"Trigo";"U$S 223.38"
"11-09-24";"Rosario";"Trigo";"U$S 220.14"
"12-09-24";"Rosario";"Trigo";"U$S 222.8"
"20-09-24";"Rosario";"Trigo";"U$S 212.33"
"23-09-24";"Rosario";"Trigo";"U$S 212.22"
"24-09-24";"Rosario";"Trigo";"U$S 201.76"
"26-09-24";"Rosario";"Trigo";"U$S 206.5"
"02-10-24";"Rosario";"Trigo";"U$S 216.16"
"04-10-24";"Rosario";"Trigo";"U$S 215.5"
"07-10-24";"Rosario";"Trigo";"U$S 215.27"
"14-10-24";"Rosario";"Trigo";"U$S 223.47"
"18-10-24";"Rosario";"Trigo";"U$S 210.77"
"21-10-24";"Rosario";"Trigo";"U$S 208.33"
"22-10-24";"Rosario";"Trigo";"U$S 207.72"
"23-10-24";"Rosario";"Trigo";"U$S 205.99"
"24-10-24";"Rosario";"Trigo";"U$S 202.84"
"25-10-24";"Rosario";"Trigo";"U$S 197.37"
"28-10-24";"Rosario";"Trigo";"U$S 197.27"
"31-10-24";"Rosario";"Trigo";"U$S 197.17"
"01-11-24";"Rosario";"Trigo";"U$S 197.17"
"04-11-24";"Rosario";"Trigo";"U$S 197.17"
"06-11-24";"Rosario";"Trigo";"U$S 196.08"
"07-11-24";"Rosario";"Trigo";"U$S 197.99"
"08-11-24";"Rosario";"Trigo";"U$S 190.57"
"12-11-24";"Rosario";"Trigo";"U$S 190.29"
"13-11-24";"Rosario";"Trigo";"U$S 189.69"
"14-11-24";"Rosario";"Trigo";"U$S 187.09"
"15-11-24";"Rosario";"Trigo";"U$S 182.54"
"19-11-24";"Rosario";"Trigo";"U$S 188.43"
"20-11-24";"Rosario";"Trigo";"U$S 190.83"
"21-11-24";"Rosario";"Trigo";"U$S 190.55"
"22-11-24";"Rosario";"Trigo";"U$S 188.68"
"25-11-24";"Rosario";"Trigo";"U$S 187.69"
"26-11-24";"Rosario";"Trigo";"U$S 188.49"
"27-11-24";"Rosario";"Trigo";"U$S 190.38"
"28-11-24";"Rosario";"Trigo";"U$S 191.18"
"29-11-24";"Rosario";"Trigo";"U$S 188.83"
"02-12-24";"Rosario";"Trigo";"U$S 187.65"
"03-12-24";"Rosario";"Trigo";"U$S 187.65"
"04-12-24";"Rosario";"Trigo";"U$S 187.56"
"05-12-24";"Rosario";"Trigo";"U$S 187.47"
"06-12-24";"Rosario";"Trigo";"U$S 191.24"
"09-12-24";"Rosario";"Trigo";"U$S 191.34"
"10-12-24";"Rosario";"Trigo";"U$S 191.94"
"11-12-24";"Rosario";"Trigo";"U$S 191.65"
"12-12-24";"Rosario";"Trigo";"U$S 191.36"
"13-12-24";"Rosario";"Trigo";"U$S 191.08"
"16-12-24";"Rosario";"Trigo";"U$S 190.71"
"17-12-24";"Rosario";"Trigo";"U$S 191.87"
"18-12-24";"Rosario";"Trigo";"U$S 195.11"
"19-12-24";"Rosario";"Trigo";"U$S 194.04"
"20-12-24";"Rosario";"Trigo";"U$S 193.17"
"23-12-24";"Rosario";"Trigo";"U$S 193.49"
"26-12-24";"Rosario";"Trigo";"U$S 193.3"
"27-12-24";"Rosario";"Trigo";"U$S 193.89"
"30-12-24";"Rosario";"Trigo";"U$S 193.8"
"02-01-25";"Rosario";"Trigo";"U$S 193.22"
"03-01-25";"Rosario";"Trigo";"U$S 188.31"
"06-01-25";"Rosario";"Trigo";"U$S 188.31"
"07-01-25";"Rosario";"Trigo";"U$S 188.22"
"08-01-25";"Rosario";"Trigo";"U$S 189.58"
"10-01-25";"Rosario";"Trigo";"U$S 189.51"
"13-01-25";"Rosario";"Trigo";"U$S 189.42"
"14-01-25";"Rosario";"Trigo";"U$S 188.28"
"15-01-25";"Rosario";"Trigo";"U$S 188.1"
"16-01-25";"Rosario";"Trigo";"U$S 190.98"
"17-01-25";"Rosario";"Trigo";"U$S 189.66"
"20-01-25";"Rosario";"Trigo";"U$S 189.2"
"21-01-25";"Rosario";"Trigo";"U$S 190.07"
"22-01-25";"Rosario";"Trigo";"U$S 190.84"
"23-01-25";"Rosario";"Trigo";"U$S 192.66"
"28-01-25";"Rosario";"Trigo";"U$S 199.33"
"29-01-25";"Rosario";"Trigo";"U$S 202.57"
"30-01-25";"Rosario";"Trigo";"U$S 202.47"
"31-01-25";"Rosario";"Trigo";"U$S 202.18"
"03-02-25";"Rosario";"Trigo";"U$S 199.19"
"04-02-25";"Rosario";"Trigo";"U$S 199.19"
"05-02-25";"Rosario";"Trigo";"U$S 202.94"
"06-02-25";"Rosario";"Trigo";"U$S 208.58"
"07-02-25";"Rosario";"Trigo";"U$S 208.38"
"10-02-25";"Rosario";"Trigo";"U$S 208.23"
"11-02-25";"Rosario";"Trigo";"U$S 208.23"
"12-02-25";"Rosario";"Trigo";"U$S 208.19"
"13-02-25";"Rosario";"Trigo";"U$S 207.04"
"14-02-25";"Rosario";"Trigo";"U$S 207.89"
"17-02-25";"Rosario";"Trigo";"U$S 207.69"
"18-02-25";"Rosario";"Trigo";"U$S 209.16"
"19-02-25";"Rosario";"Trigo";"U$S 210.53"
"20-02-25";"Rosario";"Trigo";"U$S 210.43"
"21-02-25";"Rosario";"Trigo";"U$S 213.06"
"24-02-25";"Rosario";"Trigo";"U$S 213.01"
"25-02-25";"Rosario";"Trigo";"U$S 211.96"
"26-02-25";"Rosario";"Trigo";"U$S 211.44"
"27-02-25";"Rosario";"Trigo";"U$S 208.24"
"04-03-25";"Rosario";"Trigo";"U$S 206.15"
"05-03-25";"Rosario";"Trigo";"U$S 200.14"
"06-03-25";"Rosario";"Trigo";"U$S 199.15"
"07-03-25";"Rosario";"Trigo";"U$S 200.66"
"10-03-25";"Rosario";"Trigo";"U$S 201.69"
"12-03-25";"Rosario";"Trigo";"U$S 208.58"
"14-03-25";"Rosario";"Trigo";"U$S 215.26"
"17-03-25";"Rosario";"Trigo";"U$S 215.26"
"18-03-25";"Rosario";"Trigo";"U$S 217.96"
"19-03-25";"Rosario";"Trigo";"U$S 220.61"
"20-03-25";"Rosario";"Trigo";"U$S 219.73"
"21-03-25";"Rosario";"Trigo";"U$S 219.79"
"25-03-25";"Rosario";"Trigo";"U$S 219.27"
"26-03-25";"Rosario";"Trigo";"U$S 219.27"
"27-03-25";"Rosario";"Trigo";"U$S 219.17"
"28-03-25";"Rosario";"Trigo";"U$S 218.91"
"31-03-25";"Rosario";"Trigo";"U$S 218.81"
"01-04-25";"Rosario";"Trigo";"U$S 218.66"
"03-04-25";"Rosario";"Trigo";"U$S 218.6"
"04-04-25";"Rosario";"Trigo";"U$S 218.4"
"07-04-25";"Rosario";"Trigo";"U$S 218.4"
"08-04-25";"Rosario";"Trigo";"U$S 218.35"
"09-04-25";"Rosario";"Trigo";"U$S 222.7"
"10-04-25";"Rosario";"Trigo";"U$S 221.91"
"11-04-25";"Rosario";"Trigo";"U$S 221.71"
"14-04-25";"Rosario";"Trigo";"U$S 200.33"
"15-04-25";"Rosario";"Trigo";"U$S 206.67"
"16-04-25";"Rosario";"Trigo";"U$S 218.5"
"21-04-25";"Rosario";"Trigo";"U$S 208.27"
"22-04-25";"Rosario";"Trigo";"U$S 206.97"
"24-04-25";"Rosario";"Trigo";"U$S 204.43"
"25-04-25";"Rosario";"Trigo";"U$S 207.78"
"28-04-25";"Rosario";"Trigo";"U$S 199.49"
"29-04-25";"Rosario";"Trigo";"U$S 200"
"05-05-25";"Rosario";"Trigo";"U$S 192.5"
"06-05-25";"Rosario";"Trigo";"U$S 195.98"
"07-05-25";"Rosario";"Trigo";"U$S 196.44"
"08-05-25";"Rosario";"Trigo";"U$S 198.38"
"09-05-25";"Rosario";"Trigo";"U$S 198.42"
"12-05-25";"Rosario";"Trigo";"U$S 196.47"
"13-05-25";"Rosario";"Trigo";"U$S 195.47"
"14-05-25";"Rosario";"Trigo";"U$S 197.88"
"15-05-25";"Rosario";"Trigo";"U$S 197.28"
"16-05-25";"Rosario";"Trigo";"U$S 196.15"
"19-05-25";"Rosario";"Trigo";"U$S 197.2"
"20-05-25";"Rosario";"Trigo";"U$S 198.42"
"21-05-25";"Rosario";"Trigo";"U$S 199.39"
"22-05-25";"Rosario";"Trigo";"U$S 199.91"
"23-05-25";"Rosario";"Trigo";"U$S 198.5"
"26-05-25";"Rosario";"Trigo";"U$S 198.43"
"27-05-25";"Rosario";"Trigo";"U$S 197.66"
"28-05-25";"Rosario";"Trigo";"U$S 198.28"
"29-05-25";"Rosario";"Trigo";"U$S 198.48"
"30-05-25";"Rosario";"Trigo";"U$S 198.48"
"02-06-25";"Rosario";"Trigo";"U$S 198.48"
"03-06-25";"Rosario";"Trigo";"U$S 198.4"
"06-06-25";"Rosario";"Trigo";"U$S 198.48"
"09-06-25";"Rosario";"Trigo";"U$S 197.47"
"10-06-25";"Rosario";"Trigo";"U$S 167.44"
"11-06-25";"Rosario";"Trigo";"U$S 196.49"
"12-06-25";"Rosario";"Trigo";"U$S 196.5"
"13-06-25";"Rosario";"Trigo";"U$S 196.7"
"17-06-25";"Rosario";"Trigo";"U$S 198.45"
"18-06-25";"Rosario";"Trigo";"U$S 198.42"
"19-06-25";"Rosario";"Trigo";"U$S 198.45"
"23-06-25";"Rosario";"Trigo";"U$S 198.46"
"24-06-25";"Rosario";"Trigo";"U$S 198.47"
"25-06-25";"Rosario";"Trigo";"U$S 198.49"
"26-06-25";"Rosario";"Trigo";"U$S 198.49"
"27-06-25";"Rosario";"Trigo";"U$S 198.49"
"30-06-25";"Rosario";"Trigo";"U$S 198.01"
"01-07-25";"Rosario";"Trigo";"U$S 196.4"
"02-07-25";"Rosario";"Trigo";"U$S 196.5"
"03-07-25";"Rosario";"Trigo";"U$S 196.55"
"04-07-25";"Rosario";"Trigo";"U$S 196.53"
"07-07-25";"Rosario";"Trigo";"U$S 193.59"
"08-07-25";"Rosario";"Trigo";"U$S 193.63"
"10-07-25";"Rosario";"Trigo";"U$S 193.63"
"11-07-25";"Rosario";"Trigo";"U$S 194.21"
"14-07-25";"Rosario";"Trigo";"U$S 195.31"
"15-07-25";"Rosario";"Trigo";"U$S 195.56"
"16-07-25";"Rosario";"Trigo";"U$S 198.02"
"17-07-25";"Rosario";"Trigo";"U$S 197.41"
"18-07-25";"Rosario";"Trigo";"U$S 198.44"
"21-07-25";"Rosario";"Trigo";"U$S 198.59"
"22-07-25";"Rosario";"Trigo";"U$S 201.75"
"23-07-25";"Rosario";"Trigo";"U$S 200.64"
"24-07-25";"Rosario";"Trigo";"U$S 201.26"
"25-07-25";"Rosario";"Trigo";"U$S 200"
"28-07-25";"Rosario";"Trigo";"U$S 200.77"
"29-07-25";"Rosario";"Trigo";"U$S 200.62"
"30-07-25";"Rosario";"Trigo";"U$S 200.61"
"01-08-25";"Rosario";"Trigo";"U$S 200.73"
"04-08-25";"Rosario";"Trigo";"U$S 200"
"05-08-25";"Rosario";"Trigo";"U$S 200.82"
"06-08-25";"Rosario";"Trigo";"U$S 201.2"
"07-08-25";"Rosario";"Trigo";"U$S 201.13"
"08-08-25";"Rosario";"Trigo";"U$S 203.61"
"11-08-25";"Rosario";"Trigo";"U$S 201.62"
"12-08-25";"Rosario";"Trigo";"U$S 201.14"
"13-08-25";"Rosario";"Trigo";"U$S 201.6"
"14-08-25";"Rosario";"Trigo";"U$S 201.54"
"18-08-25";"Rosario";"Trigo";"U$S 201.59"
"19-08-25";"Rosario";"Trigo";"U$S 201.59"
"20-08-25";"Rosario";"Trigo";"U$S 201.59"
"21-08-25";"Rosario";"Trigo";"U$S 201.61"
"22-08-25";"Rosario";"Trigo";"U$S 201.51"
"25-08-25";"Rosario";"Trigo";"U$S 201.17"
"26-08-25";"Rosario";"Trigo";"U$S 200.66"
"27-08-25";"Rosario";"Trigo";"U$S 200.07"
"28-08-25";"Rosario";"Trigo";"U$S 199.17"
"29-08-25";"Rosario";"Trigo";"U$S 198.66"
"01-09-25";"Rosario";"Trigo";"U$S 198.98"
"02-09-25";"Rosario";"Trigo";"U$S 199.12"
"03-09-25";"Rosario";"Trigo";"U$S 198.68"
"04-09-25";"Rosario";"Trigo";"U$S 198.9"
"05-09-25";"Rosario";"Trigo";"U$S 199.26"
"08-09-25";"Rosario";"Trigo";"U$S 199.43"
"09-09-25";"Rosario";"Trigo";"U$S 199.44"
"10-09-25";"Rosario";"Trigo";"U$S 198.74"
"11-09-25";"Rosario";"Trigo";"U$S 198.74"
"12-09-25";"Rosario";"Trigo";"U$S 193.81"
"15-09-25";"Rosario";"Trigo";"U$S 193.59"
"16-09-25";"Rosario";"Trigo";"U$S 191.83"
"17-09-25";"Rosario";"Trigo";"U$S 190.78"
"19-09-25";"Rosario";"Trigo";"U$S 188.84"
"22-09-25";"Rosario";"Trigo";"U$S 198.15"
"23-09-25";"Rosario";"Trigo";"U$S 198.69"
"24-09-25";"Rosario";"Trigo";"U$S 198.65"
"25-09-25";"Rosario";"Trigo";"U$S 197.46"
"26-09-25";"Rosario";"Trigo";"U$S 198.34"
"29-09-25";"Rosario";"Trigo";"U$S 192.65"
"30-09-25";"Rosario";"Trigo";"U$S 192.75"
"01-10-25";"Rosario";"Trigo";"U$S 193.77"
"02-10-25";"Rosario";"Trigo";"U$S 193.77"
"03-10-25";"Rosario";"Trigo";"U$S 197.75"
"07-10-25";"Rosario";"Trigo";"U$S 187.48"
"10-10-25";"Rosario";"Trigo";"U$S 184.86"
"13-10-25";"Rosario";"Trigo";"U$S 186.81"
"14-10-25";"Rosario";"Trigo";"U$S 181.62"
"15-10-25";"Rosario";"Trigo";"U$S 181.52"
"16-10-25";"Rosario";"Trigo";"U$S 181.81"
"17-10-25";"Rosario";"Trigo";"U$S 182.83"
"20-10-25";"Rosario";"Trigo";"U$S 183.05"
"21-10-25";"Rosario";"Trigo";"U$S 182.82"
"22-10-25";"Rosario";"Trigo";"U$S 182.87"
"24-10-25";"Rosario";"Trigo";"U$S 178.91"
"27-10-25";"Rosario";"Trigo";"U$S 179.37"
"28-10-25";"Rosario";"Trigo";"U$S 183.87"
"29-10-25";"Rosario";"Trigo";"U$S 183.36"
"30-10-25";"Rosario";"Trigo";"U$S 183.84"
"31-10-25";"Rosario";"Trigo";"U$S 183.81"
"03-11-25";"Rosario";"Trigo";"U$S 181.51"
"06-11-25";"Rosario";"Trigo";"U$S 179.75"